entry_id,n_seqs_min,n_seqs_mean,n_seqs_a,n_seqs_b,pak_mint,pak_mint_5,pak_boltz_msa,pak_boltz_msa_5,pak_boltz_nomsa,pak_boltz_nomsa_5,L_total,L_min,is_homo,log_depth_min,log_depth_norm,boltz_msa_gain
10jx,6816,7642.0,6816,8468,0.33944952487945557,0.6190476417541504,0.6605504751205444,1.0,0.00917431153357029,0.0476190485060215,282,139,False,3.8335295817586434,2.762022181631596,0.6513761635869741
10jy,8468,8468.0,8468,8468,0.3333333432674408,0.5714285969734192,0.7222222089767456,1.0,0.009259259328246117,0.0476190485060215,286,143,True,3.9277808493473745,2.8501128306148433,0.7129629496484995
10tq,4299,4299.0,4299,4299,0.0,0.0,0.0,0.0,0.0,0.0,856,428,True,3.633367445117007,2.317645560610421,0.0
10ua,4299,4299.0,4299,4299,0.0,0.0,0.0,0.0,0.0,0.0,856,428,True,3.633367445117007,2.317645560610421,0.0
21ie,1257,1266.5,1257,1276,0.0,0.0,0.6222222447395325,0.9444444179534912,0.5333333611488342,1.0,125,60,False,3.0993352776859577,2.210259652494136,0.08888888359069824
21ig,463,466.0,463,469,0.10743801295757294,0.3333333432674408,0.6528925895690918,1.0,0.00826446246355772,0.0,664,330,False,2.6655809910179533,1.4063240210790093,0.6446281271055341
21ih,387,393.0,399,387,0.1147540956735611,0.3333333432674408,0.8360655903816223,1.0,0.0,0.0,717,358,False,2.5877109650189114,1.3107694516969741,0.8360655903816223
21ii,395,395.0,395,395,0.1147540956735611,0.3333333432674408,0.8770492076873779,1.0,0.0,0.0,717,358,False,2.59659709562646,1.319655582304523,0.8770492076873779
21ik,1213,1244.0,1213,1275,0.02222222276031971,0.0,0.6777777671813965,0.8888888955116272,0.1111111119389534,0.2777777910232544,115,52,False,3.083860800866573,2.2258591290491734,0.5666666552424431
21ip,1249,1262.5,1249,1276,0.039603959769010544,0.0,0.6534653306007385,0.949999988079071,0.5742574334144592,1.0,129,63,False,3.0965624383741357,2.1968921636473446,0.0792078971862793
21kl,1132,1133.0,1134,1132,0.0,0.0,0.6304348111152649,1.0,0.0,0.0,468,231,False,3.0538464268522527,1.8720404369061805,0.6304348111152649
28vj,2,3522.5,2,7043,0.06741572916507721,0.05882352963089943,0.12359550595283508,0.3529411852359772,0.30337077379226685,0.5882353186607361,413,55,False,0.3010299956639812,-0.5691513490831407,-0.17977526783943176
7pvh,2105,2157.5,2210,2105,0.0,0.0,0.7368420958518982,0.8181818127632141,0.0,0.0,378,186,False,3.323252100171687,2.188495628062729,0.7368420958518982
7pwe,4252,4297.0,4252,4342,0.02521008625626564,0.0,0.6974790096282959,1.0,0.11764705926179886,0.3478260934352875,383,191,False,3.6285932558512592,2.488076572227395,0.579831950366497
7px1,8,8.0,8,8,0.07894736528396606,0.20000001788139343,0.07894736528396606,0.20000000298023224,0.1184210553765297,0.13333334028720856,168,84,True,0.9030899869919435,-0.05904965603899723,-0.03947369009256363
7pza,12315,12367.0,12419,12315,0.7419354915618896,1.0,0.8951612710952759,1.0,0.0,0.0,451,225,False,4.090434416175122,2.9143431571194407,0.8951612710952759
7pzb,12315,12330.5,12346,12315,0.7704917788505554,1.0,0.868852436542511,1.0,0.0,0.0,453,226,False,4.090434416175122,2.9133801966014214,0.868852436542511
7q94,7722,7763.0,7722,7804,0.0,0.0,0.5600000023841858,0.800000011920929,0.0,0.0,531,264,False,3.8877297972880305,2.6769278338531146,0.5600000023841858
7qb9,264,264.0,264,264,0.06535948067903519,0.23333334922790527,0.8300653696060181,1.0,0.06535948067903519,0.06666667014360428,598,299,True,2.4216039268698313,1.1837683327076163,0.7647058889269829
7qcn,8785,8785.0,8785,8785,0.0,0.0,0.22131147980690002,0.0,0.2295081913471222,0.5,814,407,True,3.9437417658313136,2.638944561218704,-0.008196711540222168
7qej,435,438.5,442,435,0.08474576473236084,0.0,0.8389830589294434,1.0,0.0,0.0,407,203,False,2.6384892569546374,1.484741237998031,0.8389830589294434
7qek,447,454.0,461,447,0.1071428656578064,0.0,0.8571428656578064,1.0,0.008928571827709675,0.0,406,202,False,2.6503075231319366,1.4976318384086245,0.8482142938300967
7qeo,4779,4829.5,4880,4779,0.017241379246115685,0.09090909361839294,0.7413793206214905,0.9090909361839294,0.017241379246115685,0.09090909361839294,368,182,False,3.6793370305207937,2.5493013365282566,0.7241379413753748
7qes,4659,4761.0,4659,4863,0.01587301678955555,0.0,0.0317460335791111,0.0,0.0,0.0,366,182,False,3.668292710448221,2.5382570164556837,0.0317460335791111
7qeu,4880,4904.5,4929,4880,0.017543859779834747,0.0,0.017543859779834747,0.0,0.0,0.0,359,173,False,3.6884198220027105,2.569396770438313,0.017543859779834747
7qev,4874,4926.5,4979,4874,0.0416666679084301,0.0714285746216774,0.6666666865348816,1.0,0.0,0.0,383,190,False,3.6878855248487055,2.548508724372291,0.6666666865348816
7qii,83,210.5,338,83,0.024096384644508362,0.0,0.6867470145225525,1.0,0.14457830786705017,0.1875,179,73,False,1.919078092376074,0.987416662315846,0.5421687066555023
7qp9,2453,2453.0,2453,2453,0.04958677291870117,0.0833333358168602,0.9173553586006165,1.0,0.024793388321995735,0.0,654,327,True,3.3896975482063856,2.132423671876243,0.8925619702786207
7qpa,2453,2453.0,2453,2453,0.06034482643008232,0.1304347813129425,0.9396551847457886,1.0,0.0258620698004961,0.0,654,327,True,3.3896975482063856,2.132423671876243,0.9137931149452925
7qpc,2453,2453.0,2453,2453,0.06034482643008232,0.1304347813129425,0.9137930870056152,1.0,0.0258620698004961,0.0,654,327,True,3.3896975482063856,2.132423671876243,0.8879310172051191
7qrh,3317,3320.5,3324,3317,0.0,0.0,0.0,0.0,0.019607843831181526,0.10000000149011612,420,209,False,3.5207454715194824,2.3606723284639552,-0.019607843831181526
7qsp,7151,7458.0,7151,7765,0.0,0.0,0.0,0.0,0.0,0.0,248,123,False,3.8543667780408697,2.8094142223211707,0.0
7qui,4051,4086.0,4051,4121,0.0,0.0,0.0,0.0,0.0,0.0,266,131,False,3.607562243183588,2.548926595355706,0.0
7qvb,166,185.5,166,205,0.012931033968925476,0.021739130839705467,0.7844827771186829,1.0,0.021551724523305893,0.0,442,214,False,2.220108088040055,1.0549012013654597,0.762931052595377
7sfn,492,647.5,492,803,0.0,0.0,0.7833333611488342,1.0,0.0,0.0,301,148,False,2.6919651027673606,1.6068342450698816,0.7833333611488342
7skp,4,4.0,4,4,0.10606060922145844,0.1538461595773697,0.9090909361839294,1.0,0.8939393758773804,1.0,146,70,False,0.6020599913279624,-0.320489028679166,0.015151560306549072
7sks,160,162.0,164,160,0.0,0.0,0.8872180581092834,1.0,0.0,0.0,553,271,False,2.204119982655925,0.9876353372187219,0.8872180581092834
7skt,165,170.0,175,165,0.0,0.0,0.8581560254096985,1.0,0.0,0.0,559,276,False,2.2174839442139063,0.9970294031812974,0.8581560254096985
7sku,153,155.0,153,157,0.0,0.0,0.29501914978027344,0.5769230723381042,0.007662835065275431,0.0,600,299,False,2.184691430817599,0.946855836655384,0.287356314714998
7slp,8525,9087.0,9649,8525,0.0,0.0,0.7777777910232544,1.0,0.0,0.0,560,239,False,3.9306943876645355,2.7414954371904665,0.7777777910232544
7slq,8525,9176.5,9828,8525,0.0,0.0,0.8115941882133484,1.0,0.0,0.0,558,237,False,3.9306943876645355,2.7433202146594833,0.8115941882133484
7spn,12095,12159.5,12095,12224,0.0,0.0,0.9113923907279968,1.0,0.0,0.0,911,455,False,4.082605872697899,2.753600174369342,0.9113923907279968
7sse,1788,1854.0,1920,1788,0.0,0.0,0.0,0.0,0.0,0.0,591,293,False,3.2523675144598987,2.018933704282844,0.0
7sz2,2950,3068.0,2950,3186,0.0,0.0,0.0,0.0,0.007751937955617905,0.0,355,175,False,3.469822015978163,2.3483029916350158,-0.007751937955617905
7sz3,2950,2952.5,2950,2955,0.0,0.0,0.0,0.0,0.01550387591123581,0.0,354,175,False,3.469822015978163,2.3483029916350158,-0.01550387591123581
7t4k,1426,1605.5,1426,1785,0.012658228166401386,0.06666667014360428,0.0,0.0,0.0,0.0,780,378,False,3.154119525515847,1.865373625597234,0.0
7t4l,1372,1569.0,1372,1766,0.01123595517128706,0.05882352963089943,0.0,0.0,0.0,0.0,753,376,False,3.137354111370733,1.8497601889069022,0.0
7t4n,1702,1745.5,1702,1789,0.008771929889917374,0.04545454680919647,0.0,0.0,0.0,0.0,803,399,False,3.230959555748569,1.930473107905195,0.0
7t71,148,151.0,154,148,0.0,0.0,0.0,0.0,0.0,0.0,695,347,False,2.1702617153949575,0.9000969779995205,0.0
7t8i,15736,16245.0,15736,16754,0.5952380895614624,1.0,0.8333333134651184,1.0,0.0,0.0,127,63,False,4.1968943469112805,3.2972240721844894,0.8333333134651184
7t8k,4198,4228.0,4198,4258,0.04979253560304642,0.02083333395421505,0.7012448310852051,1.0,0.0,0.0,563,277,False,3.623042434246382,2.4018025497141573,0.7012448310852051
7t8l,4128,4277.0,4128,4426,0.021367521956562996,0.021739130839705467,0.45299145579338074,1.0,0.004273504484444857,0.0,542,266,False,3.615739688619155,2.4032988703036215,0.4487179513089359
7t8o,380,454.0,528,380,0.16935482621192932,0.4583333432674408,0.5080645084381104,0.9583333134651184,0.12096773833036423,0.0416666679084301,440,219,False,2.57978359661681,1.409561539196751,0.3870967701077461
7t91,8957,10744.0,12531,8957,0.140625,0.0833333358168602,0.765625,1.0,0.40625,0.0833333358168602,129,62,False,3.9521625742144626,3.055966729465336,0.359375
7tak,2021,2021.0,2021,2021,0.0,0.0,0.32894736528396606,0.42222222685813904,0.0,0.0,901,450,False,3.305566313515304,1.9789600566276322,0.32894736528396606
7tdq,60,60.0,60,60,0.02469135820865631,0.0,0.8271604776382446,1.0,0.07407407462596893,0.0,166,83,True,1.7781512503836436,0.8186122041956067,0.7530864030122757
7til,1005,1122.5,1240,1005,0.0,0.0,0.3764705955982208,1.0,0.0,0.0,739,365,False,3.002166061756508,1.7210196295282703,0.3764705955982208
7tuk,585,585.0,585,585,0.010869565419852734,0.0,0.010869565419852734,0.0,0.07608695328235626,0.1111111119389534,284,142,True,2.7671558660821804,1.691011693890652,-0.06521738786250353
7tul,552,552.0,552,552,0.03448275849223137,0.09090909361839294,0.03448275849223137,0.0,0.0,0.0,278,138,False,2.741939077729199,1.6719995345285807,0.03448275849223137
7tvm,4298,4298.0,4298,4298,0.0,0.0,0.8983050584793091,1.0,0.0,0.0,446,223,True,3.6332664111554247,2.4591139796313444,0.8983050584793091
7txe,8544,8544.0,8544,8544,0.0,0.0,0.3191489279270172,0.23404255509376526,0.0,0.0,262,131,True,3.9316612396844812,2.873025591856599,0.3191489279270172
7txm,13783,13908.5,13783,14034,0.25974026322364807,0.7333333492279053,0.8701298832893372,1.0,0.19480518996715546,0.0,203,100,False,4.139343756152375,3.139343756152375,0.6753246933221817
7txn,13723,13734.5,13723,13746,0.2405063360929489,0.8000000715255737,0.8607594966888428,1.0,0.20253165066242218,0.06666667014360428,209,104,False,4.137449063340335,3.128932393690945,0.6582278460264206
7txo,12526,12683.5,12841,12526,0.2602739632129669,0.8571429252624512,0.8630136847496033,1.0,0.24657534062862396,0.5,201,100,False,4.097812407365289,3.097812407365289,0.6164383441209793
7tze,836,867.5,836,899,0.0,0.0,0.1111111119389534,0.4000000059604645,0.07407407462596893,0.0,416,203,False,2.9222062774390163,1.76845825848241,0.03703703731298447
7tzl,7915,7960.5,7915,8006,0.0,0.0,0.0,0.0,0.0,0.0,542,271,False,3.8984509191983747,2.681966273761172,0.0
7tzv,3160,3174.0,3188,3160,0.03999999910593033,0.02857142873108387,0.8514285683631897,1.0,0.0,0.0,385,192,False,3.499687082618404,2.3580364682666293,0.8514285683631897
7u02,3160,3174.0,3188,3160,0.04790419340133667,0.03030303120613098,0.85628741979599,1.0,0.0,0.0,385,192,False,3.499687082618404,2.3580364682666293,0.85628741979599
7u2s,7430,7510.5,7591,7430,0.08602150529623032,0.0555555559694767,0.8494623899459839,1.0,0.10752688348293304,0.3333333432674408,494,246,False,3.870988813760575,2.675521260208886,0.7419355064630508
7uaw,1565,1565.0,1565,1565,0.09090908616781235,0.1818181872367859,0.8909090757369995,1.0,0.1090909093618393,0.25,250,125,True,3.194514341882467,2.146059335378439,0.7818181663751602
7ubj,1342,1362.5,1342,1383,0.0,0.0,0.0,0.0,0.0,0.0,290,144,False,3.1277525158329733,2.0485712697853486,0.0
7ubk,1342,1375.5,1342,1409,0.030927833169698715,0.0,0.020618556067347527,0.0,0.030927835032343864,0.05263157933950424,293,146,False,3.1277525158329733,2.0455760879407547,-0.010309278964996338
7udi,145,258.5,145,372,0.0,0.0,0.4266666769981384,1.0,0.02666666731238365,0.06666667014360428,424,204,False,2.161368002234975,1.0065529185220254,0.4000000096857548
7uj2,573,574.0,575,573,0.09947644174098969,0.21052631735801697,0.9005235433578491,1.0,0.3036649227142334,0.7894737124443054,315,157,False,2.75815462196739,1.660204795762773,0.5968586206436157
7uj3,54,96.5,54,139,0.020172910764813423,0.028985507786273956,0.639769434928894,1.0,0.3573487102985382,0.8405796885490417,439,75,False,1.7323937598229686,0.7948631281271185,0.28242072463035583
7uj4,1432,1440.0,1432,1448,0.0,0.0,0.0,0.0,0.0,0.0,889,442,False,3.1559430179718366,1.8332318832972907,0.0
7ul6,5987,5987.0,5987,5987,0.019999999552965164,0.0,0.03999999910593033,0.0,0.0,0.0,878,439,True,3.777209258145685,2.455976998024624,0.03999999910593033
7ula,1072,1233.0,1072,1394,0.0,0.0,0.0,0.0,0.004115226212888956,0.0,746,316,False,3.030194785356751,1.7803512440475493,-0.004115226212888956
7uln,283,283.0,283,283,0.0,0.0,0.5095541477203369,0.9677419066429138,0.0,0.0,472,236,True,2.45178643552429,1.265330434039237,0.5095541477203369
7unh,25,25.0,25,25,0.0,0.0,0.8842105269432068,1.0,0.8421052694320679,1.0,491,245,False,1.3979400086720377,0.20335696648977133,0.042105257511138916
7unj,24,24.0,24,24,0.035087719559669495,0.0,0.8947368264198303,1.0,0.8947368264198303,1.0,435,217,False,1.380211241711606,0.21198137478734128,0.0
7uql,2676,2678.5,2676,2681,0.1818181872367859,0.5384615659713745,0.939393937587738,1.0,0.8787878751754761,1.0,280,136,False,3.4274861090957853,2.360716654910677,0.06060606241226196
7urg,4175,4175.0,4175,4175,0.0,0.0,0.8297872543334961,1.0,0.0,0.0,802,401,True,3.620656479819621,2.3190842935095297,0.8297872543334961
7urv,446,8465.5,446,16485,0.0,0.0,0.5106382966041565,1.0,0.4680851101875305,1.0,445,218,False,2.649334858712142,1.4801066119098394,0.04255318641662598
7ut0,8660,8709.0,8758,8660,0.0,0.0,0.0,0.0,0.0,0.0,566,282,False,3.937517892017347,2.712393337857666,0.0
7ux6,2408,2423.0,2438,2408,0.31089743971824646,0.5483870506286621,0.9198718070983887,1.0,0.26923078298568726,0.9516128897666931,706,351,False,3.381656482585787,2.109002924352875,0.6506410241127014
7ux7,2335,2371.0,2335,2407,0.30563798546791077,0.5074626803398132,0.9109792113304138,1.0,0.21958456933498383,0.6567164063453674,739,361,False,3.368286884902131,2.089533283949302,0.69139464199543
7ux8,2335,2371.0,2335,2407,0.3111782371997833,0.5151515007019043,0.9123867154121399,1.0,0.2296072542667389,0.6515151262283325,739,361,False,3.368286884902131,2.089533283949302,0.682779461145401
7uxs,2174,2175.0,2176,2174,0.011363636702299118,0.05882352963089943,0.14772726595401764,0.23529411852359772,0.04545454680919647,0.05882352963089943,390,194,False,3.3372595397502756,2.1933586747851628,0.10227271914482117
7vlj,7878,9169.5,10461,7878,0.6374269127845764,0.9411764740943909,0.9181286692619324,1.0,0.17543859779834747,0.29411765933036804,364,34,False,3.896415976473123,3.1306765179519953,0.7426900714635849
7vm0,9236,9446.5,9657,9236,0.0,0.0,0.0,0.0,0.0,0.0,792,386,False,3.9654839242451385,2.6721902719092614,0.0
7voj,2766,2766.0,2766,2766,0.018292682245373726,0.0,0.8841463327407837,1.0,0.012195121496915817,0.03125,800,400,True,3.441852175773292,2.1408221801093106,0.8719512112438679
7vp6,2746,2757.5,2769,2746,0.7207207679748535,1.0,0.9009009003639221,1.0,0.8648648858070374,1.0,91,45,False,3.4387005329007363,2.6120942760130643,0.036036014556884766
7vpf,4538,4538.0,4538,4538,0.02985074557363987,0.07692307978868484,0.89552241563797,1.0,0.1492537260055542,0.07692307978868484,546,273,True,3.6568644915489172,2.438783168028539,0.7462686896324158
7vq3,2806,2806.0,2806,2806,0.03804348036646843,0.0,0.85326087474823,1.0,0.010869565419852734,0.0,800,400,True,3.448087666692341,2.1470576710283598,0.8423913093283772
7vq4,2806,2806.0,2806,2806,0.03999999910593033,0.0,0.845714271068573,1.0,0.011428571306169033,0.02857142873108387,800,400,True,3.448087666692341,2.1470576710283598,0.834285699762404
7vq5,2806,2806.0,2806,2806,0.03723404183983803,0.0,0.8457446694374084,1.0,0.010638297535479069,0.027027027681469917,800,400,True,3.448087666692341,2.1470576710283598,0.8351063719019294
7vq7,3057,3057.0,3057,3057,0.006211180239915848,0.0,0.8695651888847351,1.0,0.012422360479831696,0.03125,778,389,True,3.485295438726089,2.190320638063235,0.8571428284049034
7vqk,6652,6652.0,6652,6652,0.5091742873191833,0.8837209343910217,0.8761467933654785,1.0,0.07339449226856232,0.13953489065170288,386,193,True,3.8229522405474814,2.680173586043595,0.8027523010969162
7vse,16355,16355.0,16355,16355,0.0,0.0,0.13513512909412384,0.0,0.10810811072587967,0.0,310,155,True,4.2136505484610005,3.1184846993758546,0.02702701836824417
7vsi,1004,7193.0,13382,1004,0.0,0.0,0.8571428656578064,1.0,0.0,0.0,616,30,False,3.0017337128090005,2.263173085449169,0.8571428656578064
7vub,1370,1496.0,1370,1622,0.012658228166401386,0.06666667014360428,0.949367105960846,1.0,0.06329113990068436,0.0,298,148,False,3.1367205671564067,2.051589709458928,0.8860759660601616
7vw0,13753,13862.0,13971,13753,0.23076923191547394,0.3571428656578064,0.8601398468017578,1.0,0.7552447319030762,1.0,181,87,False,4.138397442990546,3.168637816681237,0.10489511489868164
7vw1,14146,14157.5,14146,14169,0.2520325183868408,0.4166666865348816,0.8780487775802612,1.0,0.8211382031440735,1.0,177,85,False,4.150633653746429,3.185924190889282,0.056910574436187744
7vw2,14146,14146.0,14146,14146,0.25641027092933655,0.30434784293174744,0.8547008633613586,1.0,0.7863247990608215,1.0,170,85,True,4.150633653746429,3.185924190889282,0.06837606430053711
7vwb,1283,1283.0,1283,1283,0.012658228166401386,0.06666667014360428,0.9113923907279968,1.0,0.0,0.0,300,150,True,3.1082266563749283,2.0201810268470877,0.9113923907279968
7vwk,1913,2011.5,2110,1913,0.0,0.0,0.9076923131942749,1.0,0.0,0.0,500,240,False,3.281714970027296,2.0916093491714927,0.9076923131942749
7vwt,977,1007.0,1037,977,0.0,0.0,0.0,0.0,0.0,0.0,643,317,False,2.989894563718773,1.7393649326098972,0.0
7vxr,80,194.5,309,80,0.032258063554763794,0.0833333358168602,0.8548387289047241,1.0,0.5483871102333069,0.875,187,86,False,1.9030899869919435,0.9358407613701597,0.30645161867141724
7vxt,80,188.0,296,80,0.0317460335791111,0.03999999910593033,0.841269850730896,1.0,0.4444444477558136,0.5600000023841858,182,84,False,1.9030899869919435,0.9409503439610029,0.3968254029750824
7vzo,9033,9033.0,9033,9033,0.0,0.0,0.0,0.0,0.0,0.0,382,191,True,3.9558320102324216,2.815315326608558,0.0
7w0w,8064,8212.5,8064,8361,0.0,0.0,0.7200000286102295,1.0,0.0,0.0,285,131,False,3.90655051910145,2.847914871273568,0.7200000286102295
7w2o,7775,7775.0,7775,7775,0.5789473652839661,0.9333333969116211,0.75,1.0,0.09210526198148727,0.06666667014360428,400,200,True,3.890700397698875,2.7401853998668844,0.6578947380185127
7w2q,8334,8523.0,8334,8712,0.2133333384990692,0.2666666805744171,0.23999999463558197,0.46666666865348816,0.1066666692495346,0.20000000298023224,399,198,False,3.9208534961212593,2.7725209009904934,0.13333332538604736
7w5q,10990,11211.0,11432,10990,0.0,0.0,0.0,0.0,0.0,0.0,231,114,False,4.040997692423491,3.012545266755254,0.0
7w81,383,387.5,383,392,0.0,0.0,0.0,0.0,0.0,0.0,361,180,False,2.583198773968623,1.4555625214169696,0.0
7wej,1407,1413.0,1407,1419,0.03146853297948837,0.07017543911933899,0.7272727489471436,1.0,0.08741258829832077,0.15789473056793213,519,257,False,3.1482940974347455,1.9433275357690984,0.6398601606488228
7wet,17805,17840.0,17805,17875,0.06451612710952759,0.0,0.8548387289047241,1.0,0.04838709533214569,0.0833333358168602,343,171,False,4.250541978010273,3.1340439228141954,0.8064516335725784
7weu,17452,17918.5,17452,18385,0.09677419066429138,0.0,0.8870967626571655,1.0,0.0,0.0,333,166,False,4.2418452043147825,3.131791160294755,0.8870967626571655
7wf9,1434,1496.0,1558,1434,0.05291005223989487,0.10810811072587967,0.0476190485060215,0.054054055362939835,0.021164020523428917,0.0,245,122,False,3.1565491513317814,2.113369235994407,0.026455027982592583
7wgu,6999,7097.0,6999,7195,0.0,0.0,0.0,0.0,0.0,0.0,697,348,False,3.845035993513415,2.5742463715401245,0.0
7wj6,2880,3060.0,2880,3240,0.06666667014360428,0.0416666679084301,0.24166665971279144,0.4583333432674408,0.0,0.0,485,241,False,3.459392487759231,2.268383966471797,0.24166665971279144
7wj7,3189,3200.5,3189,3212,0.06722689419984818,0.0,0.0,0.0,0.0,0.0,488,242,False,3.5036545192429593,2.3117468362527434,0.0
7wju,251,5318.0,10385,251,0.0,0.0,0.7254902124404907,1.0,0.0,0.0,607,200,False,2.399673721481038,1.2491587236490476,0.7254902124404907
7wko,9,86.5,9,164,0.0,0.0,0.33974358439445496,1.0,0.03846153989434242,0.09677419066429138,398,174,False,0.9542425094393249,-0.16603211470197501,0.30128204450011253
7wmv,1020,7114.5,13209,1020,0.0,0.0,0.8333333134651184,1.0,0.0,0.0,636,34,False,3.0086001717619175,2.24286071324079,0.8333333134651184
7wn5,13550,13550.0,13550,13550,0.0,0.0,0.8292682766914368,1.0,0.5121951103210449,1.0,236,118,True,4.131939295210424,3.095998291557362,0.31707316637039185
7wn7,134,134.0,134,134,0.0,0.0,0.9180327653884888,1.0,0.0,0.0,493,246,False,2.1271047983648077,0.931637244813118,0.9180327653884888
7wrm,1407,1423.5,1407,1440,0.17977528274059296,0.1764705926179886,0.9213483333587646,1.0,0.01123595517128706,0.0,285,142,False,3.1482940974347455,2.0721499252432176,0.9101123781874776
7wrs,7449,11711.0,15973,7449,0.0,0.0,0.8777777552604675,1.0,0.011111111380159855,0.0,798,280,False,3.8720979742742268,2.648518958603117,0.8666666438803077
7wsx,7886,7921.5,7957,7886,0.0,0.0,0.8527131676673889,1.0,0.023255813866853714,0.0,806,403,False,3.8968567727372045,2.5942042496666495,0.8294573538005352
7wup,3099,3444.5,3099,3790,0.22510822117328644,0.19565217196941376,0.7575757503509521,0.95652174949646,0.2857142984867096,0.95652174949646,766,381,False,3.491221576239283,2.2007590884014734,0.47186145186424255
7wuy,2372,2372.0,2372,2372,0.2062256783246994,0.45098039507865906,0.8638132214546204,1.0,0.1284046620130539,0.19607843458652496,786,393,True,3.375114684692225,2.0779184095045116,0.7354085594415665
7wvs,2372,2383.5,2395,2372,0.21176472306251526,0.4901961088180542,0.8627451062202454,1.0,0.08627451211214066,0.0,785,392,False,3.375114684692225,2.0784716511819963,0.7764705941081047
7ww0,2372,2372.0,2372,2372,0.2103174775838852,0.4399999976158142,0.8650793433189392,1.0,0.2698412835597992,0.41999998688697815,786,393,True,3.375114684692225,2.0779184095045116,0.59523805975914
7wwo,375,376.0,377,375,0.019801979884505272,0.0,0.7920792102813721,1.0,0.23762376606464386,0.30000001192092896,318,158,False,2.574031267727719,1.4747027242505075,0.5544554442167282
7wzd,7215,7255.0,7295,7215,0.08988764137029648,0.0,0.8651685118675232,1.0,0.0,0.0,684,342,False,3.858236335429513,2.5912232824014456,0.8651685118675232
7wze,5057,5573.5,6090,5057,0.03743315488100052,0.0810810849070549,0.08021390438079834,0.0810810774564743,0.0,0.0,309,154,False,3.7038929536325447,2.610132593214313,0.08021390438079834
7x1x,7790,7790.0,7790,7790,0.05376344174146652,0.0,0.8602150678634644,1.0,0.0,0.0,676,338,True,3.8915374576725643,2.627079107533737,0.8602150678634644
7x2p,1580,1594.5,1609,1580,0.03448275849223137,0.0,0.0,0.0,0.0,0.0,428,213,False,3.1986570869544226,2.0344672852350536,0.0
7x2y,7379,7487.5,7596,7379,0.08695652335882187,0.0,0.9130434989929199,1.0,0.0,0.0,684,342,False,3.867997510344951,2.600984457316884,0.9130434989929199
7x45,203,205.0,203,207,0.05113636702299118,0.08571428805589676,0.8920454382896423,1.0,0.09090909361839294,0.02857142873108387,244,122,False,2.307496037913213,1.2643161225758388,0.8011363446712494
7x4t,2558,2586.5,2615,2558,0.0,0.0,0.0,0.0,0.0,0.0,590,292,False,3.407900540142635,2.175209114418426,0.0
7x53,10922,10922.0,10922,10922,0.01666666753590107,0.0,0.0,0.0,0.0,0.0,812,406,True,4.038302172199525,2.7340391554109273,0.0
7x80,81,83.0,81,85,0.06875000149011612,0.09375,0.543749988079071,1.0,0.07500000298023224,0.21875,290,142,False,1.9084850188786497,0.8323408466871215,0.4687499850988388
7x81,83,83.5,83,84,0.0625,0.1071428656578064,0.5625,1.0,0.0902777761220932,0.2142857164144516,286,141,False,1.919078092376074,0.844468536048384,0.4722222238779068
7xca,5,5.0,5,5,0.010526316240429878,0.0,0.021052632480859756,0.0,0.0,0.0,420,209,False,0.6989700043360189,-0.46110313871950825,0.021052632480859756
7xdu,5141,5150.5,5160,5141,0.16363635659217834,0.27272728085517883,0.9212121367454529,1.0,0.07878787815570831,0.06060606241226196,694,346,False,3.711047603867034,2.4415095544706458,0.8424242585897446
7xf2,22,22.0,22,22,0.01260504312813282,0.021276595070958138,0.36554622650146484,0.8936170339584351,0.021008403971791267,0.0,840,400,False,1.3424226808222062,0.04139268515822507,0.3445378225296736
7xfs,9160,9160.0,9160,9160,0.0,0.0,0.6000000238418579,1.0,0.0,0.0,192,96,True,3.9618954736678504,2.9707598571480665,0.6000000238418579
7xgt,4170,4181.0,4170,4192,0.024390242993831635,0.0,0.8658536672592163,1.0,0.0,0.0,543,268,False,3.6201360549737576,2.406068657959363,0.8658536672592163
7xi6,272,272.0,272,272,0.44262292981147766,0.9166666865348816,0.8606557250022888,1.0,0.6557376980781555,1.0,112,56,True,2.4345689040341987,1.5604748905310986,0.2049180269241333
7xky,8978,10072.5,11167,8978,0.02752293460071087,0.0,0.8440366983413696,1.0,0.12844036519527435,0.190476194024086,464,186,False,3.953179601065634,2.818423128956676,0.7155963331460953
7xl7,256,263.5,256,271,0.1458333432674408,0.3333333432674408,0.9583333134651184,1.0,0.8333333134651184,1.0,107,49,False,2.4082399653118496,1.5631419252975927,0.125
7xmw,245,245.5,246,245,0.021276595070958138,0.1111111119389534,0.8191489577293396,1.0,0.13829787075519562,0.0555555559694767,142,70,False,2.3891660843645326,1.4666170643574041,0.680851086974144
7xq5,418,2969.0,5520,418,0.75,1.0,0.9722222089767456,1.0,0.6388888955116272,1.0,148,73,False,2.621176281775035,1.6895148517148073,0.3333333134651184
7xrb,1211,1211.0,1211,1211,0.0,0.0,0.0,0.0,0.0,0.0,440,220,True,3.0831441431430524,1.911932802731949,0.0
7xro,7673,7837.0,8001,7673,0.19230769574642181,0.4000000059604645,0.9134615659713745,1.0,0.0,0.0,410,203,False,3.8849651982007325,2.731217179244126,0.9134615659713745
7xt2,7804,7893.5,7804,7983,0.0,0.0,0.05714285746216774,0.0,0.0,0.0,776,388,False,3.8923172607224803,2.597901397925377,0.05714285746216774
7xux,4904,4933.5,4963,4904,0.0,0.0,0.9024389982223511,1.0,0.0,0.0,726,361,False,3.690550461510359,2.4117968605575295,0.9024389982223511
7xw7,3576,9610.5,15645,3576,0.0,0.0,0.0,0.0,0.0,0.0,794,227,False,3.55339751012388,2.3753845815273187,0.0
7xwe,4089,4089.0,4089,4089,0.07999999821186066,0.0,0.4000000059604645,0.4000000059604645,0.0,0.0,152,76,True,3.6116171105543358,2.6712103144139405,0.4000000059604645
7xwg,4093,4093.0,4093,4093,0.0,0.0,0.2539682686328888,0.25,0.01587301678955555,0.0,144,72,True,3.6120417446452695,2.6833754964296355,0.23809525184333324
7xyy,7467,7467.0,7467,7467,0.026143791154026985,0.0,0.6143791079521179,0.8666666746139526,0.013071895577013493,0.0,764,382,True,3.8731461513282555,2.5821144698724012,0.6013072123751044
7xz0,7533,7533.0,7533,7533,0.07801418006420135,0.0357142873108387,0.8333333134651184,1.0,0.0,0.0,772,386,True,3.8769679674325848,2.5836743150967076,0.8333333134651184
7xz1,7528,7528.0,7528,7528,0.05999999865889549,0.05000000074505806,0.6899999976158142,1.0,0.0,0.0,764,382,True,3.8766796104192007,2.585647928963346,0.6899999976158142
7y0y,9238,10192.0,9238,11146,0.4642857313156128,0.875,0.738095223903656,1.0,0.1071428582072258,0.3125,370,183,False,3.965577957910528,2.834352413045313,0.6309523656964302
7y0z,8091,8134.5,8178,8091,0.5925925970077515,0.9375,0.8395061492919922,1.0,0.03703703731298447,0.0,385,189,False,3.9080022011725535,2.7697712990859316,0.8024691119790077
7y3w,1220,1220.0,1220,1220,0.0,0.0,0.23076923191547394,0.2857142984867096,0.0,0.0,856,428,True,3.0863598306747484,1.7706379461681623,0.23076923191547394
7y3y,1331,1331.0,1331,1331,0.0,0.0,0.3658536672592163,0.5,0.0,0.0,880,440,True,3.124178055474675,1.8024517172315815,0.3658536672592163
7y40,684,686.5,684,689,0.095238097012043,0.0,0.7142857313156128,1.0,0.0,0.0,427,213,False,2.835056101720116,1.6708663000007473,0.7142857313156128
7y4s,5485,5485.0,5485,5485,0.017167381942272186,0.043478261679410934,0.9012875556945801,1.0,0.0,0.0,686,343,True,3.73917663191073,2.4715295718893446,0.9012875556945801
7y5y,1906,1906.0,1906,1906,0.0784313753247261,0.0,0.0,0.0,0.05882352963089943,0.10000000149011612,304,152,True,3.2801228963023075,2.189201102329921,-0.05882352963089943
7y79,346,350.5,355,346,0.024390242993831635,0.0,0.0,0.0,0.0,0.0,383,188,False,2.5390760987927767,1.4019971741609367,0.0
7y8s,4284,4477.0,4284,4670,0.0,0.0,0.0,0.0,0.0,0.0,563,275,False,3.631849462159818,2.4121831152446864,0.0
7y8u,43,299.5,43,556,0.0,0.0,0.4202898442745209,0.6153846383094788,0.014492753893136978,0.0,718,347,False,1.6334684555795866,0.3633037181841497,0.4057970903813839
7y8v,39,196.5,39,354,0.0746268630027771,0.07692307978868484,0.0,0.0,0.0,0.0,717,343,False,1.591064607026499,0.32341754700511394,0.0
7y8x,41,298.5,41,556,0.02857142873108387,0.0,0.15714286267757416,0.0,0.014285714365541935,0.0714285746216774,717,347,False,1.6127838567197355,0.34261911932429867,0.14285714831203222
7y9g,186,202.5,186,219,0.01587301678955555,0.0,0.8888888955116272,1.0,0.0,0.0,655,311,False,2.2695129442179165,1.0231327497044975,0.8888888955116272
7y9h,181,181.0,181,181,0.016129031777381897,0.0,0.9032257795333862,1.0,0.0,0.0,678,333,False,2.2576785748691846,0.9964564581160246,0.9032257795333862
7yao,662,668.0,662,674,0.07999999821186066,0.0,0.6800000071525574,1.0,0.0,0.0,429,213,False,2.8208579894397,1.656668187720331,0.6800000071525574
7yeo,12670,12691.0,12712,12670,0.009523809887468815,0.0,0.0,0.0,0.0,0.0,763,381,False,4.1027766148834415,2.8123141270456316,0.0
7yfj,1768,1781.5,1768,1795,0.675000011920929,1.0,0.5,0.5,0.30000001192092896,0.25,189,92,False,3.2474822606770544,2.2655883470042766,0.19999998807907104
7yfu,651,651.0,651,651,0.7941176295280457,1.0,0.9117646813392639,1.0,0.9117646813392639,1.0,88,44,True,2.8135809885681917,1.9918546503250982,0.0
7ygh,171,172.5,174,171,0.06849315017461777,0.0714285746216774,0.7260273694992065,1.0,0.6575342416763306,1.0,362,178,False,2.2329961103921536,1.1077861092377068,0.06849312782287598
7ygl,161,162.0,161,163,0.06578947603702545,0.06666667014360428,0.7236841917037964,1.0,0.6052631735801697,1.0,362,178,False,2.2068258760318495,1.0816158748774027,0.11842101812362671
7yh2,107,107.0,107,107,0.18571428954601288,0.2857142984867096,0.8857142925262451,1.0,0.10000000149011612,0.0714285746216774,312,156,True,2.0293837776852097,0.9328214785079788,0.785714291036129
7yhl,163,165.5,163,168,0.046875,0.0833333358168602,0.515625,0.9166666865348816,0.484375,0.6666666865348816,339,165,False,2.2121876044039577,1.1034456322970048,0.03125
7yii,7230,7237.0,7244,7230,0.02298850566148758,0.0,0.8850574493408203,1.0,0.0,0.0,546,273,False,3.859138297294531,2.6410569737741527,0.8850574493408203
7yka,2769,2821.0,2769,2873,0.0,0.0,0.05128205195069313,0.0,0.10256410390138626,0.0,240,118,False,3.4423229557455746,2.406381952092512,-0.05128205195069313
7ylq,6935,7053.5,7172,6935,0.0,0.0,0.7802197933197021,1.0,0.0,0.0,951,471,False,3.8410464654093035,2.5045360118448556,0.7802197933197021
7yls,6305,10120.5,6305,13936,0.009900989942252636,0.0,0.8712871074676514,1.0,0.0,0.0,593,158,False,3.7996850909091004,2.700356547431889,0.8712871074676514
7yn2,14,14.0,14,14,0.01595744676887989,0.0,0.28723403811454773,0.6756756901741028,0.01595744676887989,0.0,695,346,False,1.146128035678238,-0.12341001371815029,0.27127659134566784
7yni,977,6585.0,12193,977,0.0,0.0,0.8620689511299133,1.0,0.0,0.0,594,28,False,2.989894563718773,2.2663155480476633,0.8620689511299133
7ynj,1000,6897.5,12795,1000,0.0,0.0,0.8387096524238586,1.0,0.0,0.0,592,28,False,3.0,2.2764209843288903,0.8387096524238586
7ynk,898,7033.0,13168,898,0.0,0.0,0.8965517282485962,1.0,0.0,0.0,578,25,False,2.9532763366673045,2.2543063323312857,0.8965517282485962
7yp5,6836,6836.0,6836,6836,0.06956521421670914,0.0,0.904347836971283,1.0,0.0,0.0,838,419,True,3.834802054048699,2.5236950425655515,0.904347836971283
7ypd,3343,3730.5,4118,3343,0.04575163498520851,0.03333333507180214,0.05228758230805397,0.0,0.013071895577013493,0.0,480,237,False,3.5241363765925686,2.336762203587517,0.03921568673104048
7yr9,15234,15234.0,15234,15234,0.0,0.0,0.0,0.0,0.0,0.0,292,146,True,4.182813951257366,3.100637523365147,0.0
7yra,15234,15234.0,15234,15234,0.0,0.0,0.0,0.0,0.0,0.0,292,146,True,4.182813951257366,3.100637523365147,0.0
7ysk,14368,14430.0,14492,14368,0.17094017565250397,0.43478262424468994,0.9059829115867615,1.0,0.008547008968889713,0.043478261679410934,673,332,False,4.1573963193232295,2.896827277471211,0.8974359026178718
7ysl,14455,14455.5,14456,14455,0.18518519401550293,0.4285714328289032,0.9259259104728699,1.0,0.009259259328246117,0.0,674,332,False,4.160018096006676,2.8994490541546583,0.9166666511446238
7ytt,48,51.0,48,54,0.011904762126505375,0.0,0.8928571343421936,1.0,0.1547619104385376,0.375,138,67,False,1.6812412373755872,0.768203836025174,0.738095223903656
7ytu,48,50.5,48,53,0.02380952425301075,0.0,0.8214285969734192,1.0,0.130952388048172,0.375,128,63,False,1.6812412373755872,0.7815709626487963,0.6904762089252472
7yuj,8331,8406.5,8331,8482,0.0,0.0,0.028985507786273956,0.0,0.028985507786273956,0.1538461595773697,299,149,False,3.92069713446992,2.834104000263783,0.0
7yun,726,756.0,786,726,0.0,0.0,0.0,0.0,0.0,0.0,183,91,False,2.8609366207000937,1.881415924539547,0.0
7z27,2103,2113.0,2103,2123,0.021276595070958138,0.1111111119389534,0.1489361673593521,0.3333333432674408,0.021276595070958138,0.0,334,162,False,3.322839272686321,2.218081765415006,0.12765957228839397
7z55,175,177.5,180,175,0.03809523954987526,0.0,0.4095238149166107,0.8095238208770752,0.0,0.0,371,185,False,2.2430380486862944,1.1094521844847876,0.4095238149166107
7z56,215,228.5,242,215,0.05000000447034836,0.0833333358168602,0.5666666626930237,1.0,0.0,0.0,361,178,False,2.3324384599156054,1.2072284587611584,0.5666666626930237
7z5i,11336,11336.0,11336,11336,0.8999999761581421,1.0,0.9399999976158142,1.0,0.3799999952316284,0.699999988079071,112,56,True,4.054459837239404,3.1803658237363037,0.5600000023841858
7z5k,11336,11344.0,11336,11352,0.8999999761581421,1.0,0.9800000190734863,1.0,0.2199999988079071,0.10000000149011612,112,56,False,4.054459837239404,3.1803658237363037,0.7600000202655792
7z6n,9649,9680.5,9649,9712,0.0,0.0,0.0,0.0,0.0,0.0,536,261,False,3.9844823064022625,2.776162052733122,0.0
7zcg,5970,6570.5,5970,7171,0.03076923079788685,0.03846153989434242,0.0,0.0,0.11538461595773697,0.03846153989434242,306,147,False,3.775974331129369,2.692315663755281,-0.11538461595773697
7zch,5970,6570.5,5970,7171,0.028985507786273956,0.03703703731298447,0.0,0.0,0.08695652335882187,0.0,306,147,False,3.775974331129369,2.692315663755281,-0.08695652335882187
7zcv,5695,5768.5,5842,5695,0.07511737197637558,0.1190476194024086,0.7652581930160522,1.0,0.014084506779909134,0.0,568,283,False,3.7554937284151193,2.529600510652974,0.7511736862361431
7zg6,8025,8105.0,8025,8185,0.8403362035751343,1.0,0.9495798349380493,1.0,0.07563025504350662,0.17391304671764374,104,51,False,3.90444504107691,3.0506599530279415,0.8739495798945427
7zgt,3656,3744.0,3832,3656,0.15000000596046448,0.1666666716337204,0.8500000238418579,1.0,0.4166666567325592,0.5,502,249,False,3.5630061870617937,2.3649065135139256,0.4333333671092987
7zj1,7544,7717.0,7890,7544,0.09803921729326248,0.4000000059604645,0.019607843831181526,0.0,0.0,0.0,166,82,False,3.877601679729272,2.9206947535374135,0.019607843831181526
7zkg,3749,3811.0,3749,3873,0.14754097163677216,0.1666666716337204,0.9344262480735779,1.0,0.032786883413791656,0.0,504,250,False,3.5739154404215507,2.374945436085532,0.9016393646597862
7zlq,7890,7890.0,7890,7890,0.0784313753247261,0.4000000059604645,0.13725490868091583,0.0,0.1568627506494522,0.4000000059604645,164,82,True,3.89707700320942,2.940170077017562,-0.019607841968536377
7zoo,4099,4204.5,4099,4310,0.0,0.0,0.0,0.0,0.0,0.0,247,123,False,3.6126779183165016,2.5677253625968026,0.0
7zop,3875,3971.0,4067,3875,0.0,0.0,0.0,0.0,0.0,0.0,252,124,False,3.588271706842329,2.5415608642612115,0.0
7zr2,323,440.0,557,323,0.03846153989434242,0.06451612710952759,0.9358974099159241,1.0,0.03846153989434242,0.0,267,40,False,2.509202522331103,1.7081725266671217,0.8974358700215816
8a0w,11259,11259.0,11259,11259,0.3333333432674408,0.5,0.8888888955116272,1.0,0.5714285969734192,0.9166666865348816,136,68,True,4.0514998191327445,3.1352453627796266,0.317460298538208
8a1f,4211,4322.0,4433,4211,0.0,0.0,0.3979591727256775,0.5263158082962036,0.0,0.0,705,352,False,3.624385241420265,2.3511139096811995,0.3979591727256775
8a2f,153,216.0,153,279,0.0,0.0,0.01587301678955555,0.0,0.0634920671582222,0.0,251,122,False,2.184691430817599,1.1415115154802247,-0.04761905036866665
8a2g,158,158.0,158,158,0.009259259328246117,0.0,0.0,0.0,0.009259259328246117,0.0476190485060215,289,143,False,2.1986570869544226,1.1209890682218917,-0.009259259328246117
8a2n,1301,1304.0,1307,1301,0.0,0.0,0.061403509229421616,0.0,0.008771929889917374,0.0,580,290,False,3.1142772965615864,1.883078297612108,0.05263157933950424
8a3o,1347,1595.5,1347,1844,0.1650485396385193,0.30000001192092896,0.9029126167297363,1.0,0.0,0.0,636,301,False,3.129367595722986,1.8900843479260638,0.9029126167297363
8a60,7,4724.5,9442,7,0.008928571827709675,0.0,0.1875,0.09090909361839294,0.0714285746216774,0.13636364042758942,739,62,False,0.8450980400142568,-0.051097804734870134,0.1160714253783226
8a82,29,404.5,780,29,0.0,0.0,0.9404761791229248,1.0,0.0,0.0,468,115,False,1.462397997898956,0.4320490777221503,0.9404761791229248
8a9n,7083,7091.5,7100,7083,0.6666666269302368,0.9166666865348816,0.9071038365364075,1.0,0.09289617836475372,0.0833333358168602,299,149,False,3.8502172417983895,2.7636241075922525,0.8142076581716537
8a9o,7345,7381.0,7417,7345,0.6890243887901306,0.875,0.8841463327407837,0.9375,0.12195122241973877,0.125,296,148,False,3.865991800126275,2.7808609424287964,0.7621951103210449
8aa9,6089,6105.0,6121,6089,0.032786883413791656,0.0,0.0,0.0,0.0,0.0,356,178,False,3.7845459740545224,2.6593359729000756,0.0
8ada,5224,5402.0,5224,5580,0.0625,0.3333333432674408,0.8125,1.0,0.0,0.0,132,63,False,3.7180031682670176,2.8183328935402265,0.8125
8aep,5180,5180.0,5180,5180,0.03846153989434242,0.0,0.16346153616905212,0.25,0.0,0.0,792,396,True,3.714329759745233,2.4154821667824766,0.16346153616905212
8ag3,71,71.0,71,71,0.0,0.0,0.11538461595773697,0.0,0.0,0.0,322,161,True,1.8512583487190752,0.7478454107031505,0.11538461595773697
8ahr,10560,10560.0,10560,10560,0.07874015718698502,0.1599999964237213,0.5354330539703369,1.0,0.023622047156095505,0.0,542,271,True,4.023663918197793,2.8071792727605906,0.5118110068142414
8ai1,1618,1630.0,1642,1618,0.0,0.0,0.8714285492897034,0.9285714030265808,0.0,0.0,637,317,False,3.2089785172762535,1.9584488861673777,0.8714285492897034
8ai3,1475,1566.0,1657,1475,0.0,0.0,0.8615384697914124,1.0,0.0,0.0,640,317,False,3.1687920203141817,1.918262389205306,0.8615384697914124
8ai6,1495,1497.5,1495,1500,0.0,0.0,0.8888888955116272,1.0,0.0,0.0,643,321,False,3.1746411926604483,1.9213886764580124,0.8888888955116272
8aie,10648,10709.5,10771,10648,0.22058823704719543,0.5185185074806213,0.8529411554336548,1.0,0.029411764815449715,0.07407407462596893,551,275,False,4.027268042466619,2.8076016955514875,0.8235293906182051
8ako,576,610.5,576,645,0.0,0.0,0.8205128312110901,1.0,0.0,0.0,507,246,False,2.760422483423212,1.5649549298715224,0.8205128312110901
8alo,299,361.5,424,299,0.032608695328235626,0.0555555559694767,0.9021739363670349,1.0,0.0,0.0,236,88,False,2.4756711883244296,1.5034298522493454,0.9021739363670349
8and,1434,1450.5,1467,1434,0.2666666507720947,0.6060606241226196,0.8363636136054993,0.939393937587738,0.0,0.0,181,90,False,3.1565491513317814,2.1794278966121188,0.8363636136054993
8ant,12,12.0,12,12,0.07801418006420135,0.1428571492433548,0.2978723347187042,0.8571428656578064,0.13475176692008972,0.3214285671710968,159,79,False,1.0791812460476249,0.13036770040240414,0.1631205677986145
8anu,12,12.0,12,12,0.049504950642585754,0.05000000074505806,0.039603959769010544,0.0,0.029702970758080482,0.0,134,66,False,1.0791812460476249,0.1694092782766905,0.009900989010930061
8arf,1410,1411.5,1413,1410,0.1782945692539215,0.19999998807907104,0.20155039429664612,0.2800000011920929,0.20155039429664612,0.2800000011920929,193,96,False,3.1492191126553797,2.1580834961355957,0.0
8ayj,10771,10771.0,10771,10771,0.22900763154029846,0.5,0.9236640930175781,1.0,0.015267175622284412,0.0,552,276,True,4.032256025890453,2.8118014848578445,0.9083969173952937
8ayk,10648,10709.5,10771,10648,0.2230769246816635,0.5,0.8999999761581421,1.0,0.03076923079788685,0.0,551,275,False,4.027268042466619,2.8076016955514875,0.8692307453602552
8b3s,668,7897.5,668,15127,0.0,0.0,0.0,0.0,0.0,0.0,387,147,False,2.824776462475546,1.7411177951014576,0.0
8b5s,2626,2646.5,2626,2667,0.0,0.0,0.0,0.0,0.0,0.0,725,362,False,3.4192947217534604,2.139940436486878,0.0
8b63,2628,2629.5,2628,2631,0.0,0.0,0.0,0.0,0.0,0.0,729,364,False,3.419625360887743,2.1390746690632154,0.0
8b73,4449,4449.0,4449,4449,0.0,0.0,0.8823529481887817,1.0,0.1568627506494522,0.10000000149011612,810,405,True,3.6482624057480444,2.3445348941407103,0.7254901975393295
8b7f,1952,1952.0,1952,1952,0.0,0.0,0.8787878751754761,1.0,0.0,0.0,736,368,True,3.290479813330673,2.0075559039939144,0.8787878751754761
8b8v,83,171.0,259,83,0.02500000037252903,0.0625,0.03750000149011612,0.125,0.012500000186264515,0.0,397,32,False,1.919078092376074,1.1665031032161208,0.025000001303851604
8bao,285,287.5,285,290,0.12925170361995697,0.37931033968925476,0.7687074542045593,1.0,0.0,0.0,735,367,False,2.45484486000851,1.1725118278824656,0.7687074542045593
8bbq,8188,8212.0,8188,8236,0.0,0.0,0.3606557250022888,0.75,0.0,0.0,645,321,False,3.913177833990468,2.659925317788032,0.3606557250022888
8bgt,6424,6424.0,6424,6424,0.0,0.0,0.0,0.0,0.0,0.0,638,319,True,3.8078055322706246,2.555910190742034,0.0
8bic,5780,5799.0,5818,5780,0.24886879324913025,0.4318181872367859,0.8099547624588013,1.0,0.004524887073785067,0.0,641,318,False,3.761927838420529,2.5107142784283125,0.8054298753850162
8bie,6702,6702.0,6702,6702,0.318918913602829,0.5135135054588318,0.9405405521392822,1.0,0.04324324429035187,0.0,636,318,True,3.8262044234992527,2.574990863507036,0.8972973078489304
8bij,6837,6837.0,6837,6837,0.3052631616592407,0.5,0.9210526347160339,1.0,0.05263157933950424,0.0,636,318,True,3.834865579900038,2.5836520199078215,0.8684210553765297
8bir,6249,6278.5,6308,6249,0.27411165833473206,0.5384615659713745,0.893401026725769,1.0,0.0,0.0,640,319,False,3.7958105246674085,2.5439151831388176,0.893401026725769
8bpt,522,522.0,522,522,0.03333333507180214,0.1666666716337204,0.06666667014360428,0.0,0.0,0.0,278,139,True,2.717670503002262,1.6461631028752146,0.06666667014360428
8brf,88,97.0,88,106,0.0,0.0,0.0,0.0,0.0,0.0,282,137,False,1.9444826721501687,0.8761223885719652,0.0
8btj,78,84.0,90,78,0.0,0.0,0.8876404762268066,1.0,0.0,0.0,805,402,False,1.8920946026904804,0.5899815761482454,0.8876404762268066
8btn,2111,2441.0,2111,2771,0.0,0.0,0.0,0.0,0.0,0.0,337,164,False,3.3244882333076564,2.2170663092838074,0.0
8buy,436,448.5,436,461,0.046357616782188416,0.03333333507180214,0.8940397500991821,1.0,0.6688741445541382,1.0,260,126,False,2.639486489268586,1.5893012167098046,0.22516560554504395
8bv8,1374,1648.0,1374,1922,0.0,0.0,0.9117646813392639,1.0,0.0,0.0,424,202,False,3.137986732723532,1.9853110480002198,0.9117646813392639
8bve,10825,11007.5,10825,11190,0.2024291604757309,0.4285714328289032,0.7732793688774109,1.0,0.0,0.0,795,397,False,4.034427905025403,2.7350326516438455,0.7732793688774109
8bvk,7527,7536.0,7545,7527,0.011363636702299118,0.05882352963089943,0.05681818351149559,0.1764705926179886,0.0,0.0,439,214,False,3.876621916034273,2.7114150293596775,0.05681818351149559
8bxt,684,686.5,684,689,0.095238097012043,0.0,0.7142857313156128,1.0,0.0,0.0,427,213,False,2.835056101720116,1.6708663000007473,0.7142857313156128
8bzr,949,1074.5,1200,949,0.0,0.0,0.02857142873108387,0.0,0.0,0.0,244,82,False,2.977266212427293,2.0203592862354345,0.02857142873108387
8c26,7,577.5,1148,7,0.0,0.0,0.9152542352676392,1.0,0.18644067645072937,0.3636363744735718,123,36,False,0.8450980400142568,0.06694678963061322,0.7288135588169098
8c84,11254,11401.0,11548,11254,0.45026177167892456,0.9473684430122375,0.9685863852500916,1.0,0.22513088583946228,0.15789473056793213,183,90,False,4.051306910817974,3.0741856560983116,0.7434554994106293
8c8e,12,12.0,12,12,0.04273504391312599,0.043478261679410934,0.5470085740089417,1.0,0.09401709586381912,0.043478261679410934,136,68,True,1.0791812460476249,0.16292678969450666,0.45299147814512253
8cbc,5886,5919.0,5886,5952,0.0,0.0,0.0,0.0,0.0,0.0,904,449,False,3.769820257763592,2.4436970872619304,0.0
8cdp,103,103.0,103,103,0.012765957042574883,0.021276595070958138,0.7957446575164795,1.0,0.0,0.0,654,313,False,2.012837224705172,0.7650650559319481,0.7957446575164795
8ceg,1527,1533.0,1539,1527,0.28346455097198486,0.35999998450279236,0.8976377844810486,0.9599999785423279,0.5118110179901123,1.0,407,193,False,3.1838390370564214,2.0410603825525344,0.3858267664909363
8cf3,5797,5797.0,5797,5797,0.2142857313156128,0.4000000059604645,0.0,0.0,0.0,0.0,502,251,True,3.7632033003707717,2.5633664396302525,0.0
8chu,2871,2977.5,3084,2871,0.016393441706895828,0.0,0.0,0.0,0.0,0.0,283,140,False,3.458033192496506,2.384969174657387,0.0
8chw,2754,2754.0,2754,2754,0.4901961088180542,0.75,0.9313725233078003,1.0,0.5,0.699999988079071,134,67,True,3.439963935920905,2.5269265345704914,0.4313725233078003
8cid,1254,1254.0,1254,1254,0.0,0.0,0.866310179233551,1.0,0.02139037474989891,0.0,688,344,True,3.0982975364946976,1.8300183152089327,0.8449198044836521
8cil,7733,7864.5,7996,7733,0.0,0.0,0.8117647171020508,1.0,0.1411764770746231,0.05882352963089943,718,353,False,3.888348010178049,2.6144606574841376,0.6705882400274277
8ckg,12894,14628.0,12894,16362,0.08695652335882187,0.15625,0.8322981595993042,1.0,0.043478261679410934,0.03125,209,96,False,4.110387665875087,3.119252049355303,0.7888198979198933
8ckl,13586,15302.0,13586,17018,0.08724832534790039,0.17241379618644714,0.5436241626739502,0.8620689511299133,0.02684563770890236,0.03448275849223137,197,96,False,4.133091610254708,3.141955993734924,0.5167785249650478
8ckm,16342,16704.0,16342,17066,0.08227848261594772,0.16129031777381897,0.5443037748336792,0.7096773982048035,0.1265822798013687,0.12903225421905518,205,93,False,4.213305206162794,3.229063731885826,0.4177214950323105
8clt,3100,3102.5,3105,3100,0.013888888992369175,0.0,0.9305555820465088,1.0,0.0416666679084301,0.0,611,304,False,3.4913616938342726,2.2499249020298957,0.8888889141380787
8clu,3081,3099.5,3118,3081,0.0,0.0,0.9178082346916199,1.0,0.027397260069847107,0.0,615,306,False,3.4886916983169405,2.2458309850761506,0.8904109746217728
8cm0,185,592.5,1000,185,0.037383176386356354,0.0714285746216774,0.014018691144883633,0.0476190485060215,0.037383176386356354,0.02380952425301075,273,114,False,2.2671717284030137,1.2387193027347776,-0.02336448524147272
8cp3,7585,7865.5,7585,8146,0.07407407462596893,0.14814814925193787,0.40740740299224854,0.8148148059844971,0.029629629105329514,0.03703703731298447,495,245,False,3.879955585122749,2.685372542940483,0.377777773886919
8cqm,1006,1114.0,1222,1006,0.0,0.0,0.0,0.0,0.0,0.0,451,221,False,3.0025979807199086,1.8304018438773533,0.0
8cqn,228,228.0,228,228,0.0034246575087308884,0.0,0.36301368474960327,0.1551724076271057,0.4452054798603058,0.517241358757019,372,185,False,2.357934847000454,1.2243489827989469,-0.08219179511070251
8cqo,223,223.0,223,223,0.0,0.0,0.3913043439388275,0.6181818246841431,0.49275362491607666,0.800000011920929,354,171,False,2.3483048630481607,1.2318068078520836,-0.10144928097724915
8ctk,255,255.0,255,255,0.007462686393409967,0.0,0.5820895433425903,0.9230769276618958,0.11194030195474625,0.23076923191547394,376,188,True,2.406540180433955,1.2694612558021152,0.4701492413878441
8cus,9865,12390.5,14916,9865,0.0,0.0,0.0,0.0,0.8333333134651184,0.8571428656578064,336,135,False,3.99409708958821,2.928930205340707,-0.8333333134651184
8cut,9826,10918.0,12010,9826,0.0,0.0,0.0,0.0,0.8648648858070374,1.0,337,134,False,3.992376759798803,2.928824360616399,-0.8648648858070374
8cwz,9817,12366.5,14916,9817,0.0,0.0,0.0,0.0,0.8500000238418579,1.0,338,135,False,3.9919787909945836,2.9268119067470804,-0.8500000238418579
8cxl,3298,3366.5,3298,3435,0.0,0.0,0.9068322777748108,1.0,0.0,0.0,934,463,False,3.5182506513085,2.1854601557995235,0.9068322777748108
8czj,9484,9542.5,9484,9601,0.0,0.0,0.0,0.0,0.0,0.0,591,295,False,3.9769915453061504,2.742080537317069,0.0
8d0c,7775,7775.0,7775,7775,0.0,0.0,0.8928571343421936,1.0,0.5714285969734192,1.0,280,140,True,3.890700397698875,2.817636379859756,0.3214285373687744
8d0d,7775,7775.0,7775,7775,0.0,0.0,0.8333333134651184,1.0,0.5333333611488342,1.0,280,140,True,3.890700397698875,2.817636379859756,0.2999999523162842
8d0e,7775,7775.0,7775,7775,0.0,0.0,0.8620689511299133,1.0,0.5517241358757019,1.0,280,140,True,3.890700397698875,2.817636379859756,0.3103448152542114
8d0f,7775,7775.0,7775,7775,0.0,0.0,0.8333333134651184,1.0,0.5333333611488342,1.0,280,140,True,3.890700397698875,2.817636379859756,0.2999999523162842
8d0g,7775,7859.0,7775,7943,0.0,0.0,0.9259259104728699,1.0,0.7037037014961243,1.0,279,139,False,3.890700397698875,2.8191929975718275,0.2222222089767456
8d0h,7775,7775.0,7775,7775,0.0,0.0,0.84375,1.0,0.5625,1.0,280,140,True,3.890700397698875,2.817636379859756,0.28125
8d0i,7775,7775.0,7775,7775,0.0,0.0,0.8387096524238586,1.0,0.5483871102333069,1.0,280,140,True,3.890700397698875,2.817636379859756,0.29032254219055176
8d0j,7775,7775.0,7775,7775,0.0,0.0,0.90625,1.0,0.59375,1.0,280,140,True,3.890700397698875,2.817636379859756,0.3125
8d3z,818,818.0,818,818,0.0,0.0,0.7481481432914734,1.0,0.0,0.0,798,399,True,2.912753303671323,1.612266855827949,0.7481481432914734
8d4i,5852,5982.5,6113,5852,0.1380753070116043,0.1489361673593521,0.8158996105194092,1.0,0.008368200622498989,0.0,922,461,False,3.767304317453273,2.435453854758449,0.8075314098969102
8d5d,7584,7855.5,7584,8127,0.13025210797786713,0.10638297349214554,0.8445377945899963,1.0,0.004201680887490511,0.0,910,452,False,3.87989832433001,2.5523291069243186,0.8403361137025058
8d5r,7494,7547.5,7601,7494,0.13127413392066956,0.11764706671237946,0.837837815284729,1.0,0.0077220075763762,0.0,920,459,False,3.874713688757779,2.5438073459891486,0.8301158077083528
8d88,6727,6727.0,6727,6727,0.13654617965221405,0.16326530277729034,0.8112449645996094,1.0,0.0200803205370903,0.020408162847161293,922,461,True,3.827821427682802,2.495970964987978,0.7911646440625191
8dax,3670,3670.0,3670,3670,0.05747126415371895,0.0,0.03448275849223137,0.1764705926179886,0.0,0.0,496,248,True,3.5646660642520893,2.3674402238389813,0.03448275849223137
8dc5,73,73.0,73,73,0.0,0.0,0.0,0.0,0.0,0.0,436,217,False,1.863322860120456,0.6950929931961912,0.0
8dek,750,752.5,750,755,0.0,0.0,0.0,0.0,0.0,0.0,881,440,False,2.8750612633917,1.5533349251486064,0.0
8dfx,7572,8046.5,8521,7572,0.0,0.0,0.0,0.0,0.0,0.0,425,209,False,3.879210605291759,2.7191374622362323,0.0
8dgg,704,778.0,704,852,0.0,0.0,0.3333333432674408,0.4285714328289032,0.0555555559694767,0.1428571492433548,631,277,False,2.847572659142112,1.626332774609888,0.2777777872979641
8dko,9529,9669.5,9529,9810,0.036363635212183,0.0,0.1818181872367859,0.3636363744735718,0.0,0.0,777,384,False,3.9790473269479647,2.6868817147641995,0.1818181872367859
8dkp,9812,9963.0,10114,9812,0.03448275849223137,0.0,0.3965517282485962,0.8181818127632141,0.0,0.0,774,386,False,3.991757539534348,2.6984638871984705,0.3965517282485962
8dkq,9988,10288.0,10588,9988,0.0,0.0,0.1111111119389534,0.5714285969734192,0.0,0.0,769,381,False,3.99947853367931,2.7090160458415005,0.1111111119389534
8dl5,3006,3036.0,3006,3066,0.23628690838813782,0.2978723347187042,0.7805907130241394,1.0,0.0,0.0,809,402,False,3.4779889762508893,2.1758759497086544,0.7805907130241394
8dpa,2440,4312.0,2440,6184,0.0,0.0,0.7853881120681763,1.0,0.04109589010477066,0.0,266,125,False,3.3873898263387296,2.338934819834701,0.7442922219634056
8ds6,1121,1165.0,1209,1121,0.0,0.0,0.8533333539962769,1.0,0.0,0.0,669,334,False,3.049605612594973,1.7877323791891908,0.8533333539962769
8dss,15991,17569.5,15991,19148,0.03846153989434242,0.0,0.23076923191547394,0.0,0.03846153989434242,0.0,191,63,False,4.203875623277334,3.304205348550543,0.19230769202113152
8dtc,154,154.0,154,154,0.11538461595773697,0.19230769574642181,0.807692289352417,1.0,0.0,0.0,748,374,True,2.187520720836463,0.901084919736223,0.807692289352417
8dtq,1330,1395.5,1330,1461,0.3103448152542114,0.27272728085517883,0.5862069129943848,0.8181818127632141,0.03448275849223137,0.0,164,81,False,3.123851640967086,2.169609131527761,0.5517241545021534
8du5,6362,6362.0,6362,6362,0.02500000037252903,0.125,0.0,0.0,0.0,0.0,732,366,True,3.8035936647713444,2.5218531220741394,0.0
8dye,5849,15689.5,25530,5849,0.0,0.0,0.6525423526763916,0.8260869383811951,0.016949152573943138,0.0,654,43,False,3.7670816213633223,2.950347393573529,0.6355932001024485
8dzj,253,5400.0,10547,253,0.0,0.0,0.4313725531101227,0.5,0.0,0.0,613,197,False,2.403120521175818,1.2558874080950215,0.4313725531101227
8e8t,7597,8121.5,8646,7597,0.0,0.0,0.0,0.0,0.0,0.0,806,398,False,3.8806421264042847,2.580700590367441,0.0
8e90,1423,1423.0,1423,1423,0.0,0.0,0.0,0.0,0.0,0.0,924,462,True,3.153204900084284,1.8208839123062215,0.0
8ea5,8865,9006.5,9148,8865,0.08196720480918884,0.1666666716337204,0.7377049326896667,0.8333333134651184,0.1147540956735611,0.25,238,119,False,3.9476787399369364,2.9099052592406713,0.6229508370161057
8ea6,8567,8908.5,9250,8567,0.0923076942563057,0.1538461595773697,0.26153847575187683,0.0,0.0,0.0,245,121,False,3.9328287669008466,2.8914360817426217,0.26153847575187683
8ea7,9131,9136.5,9131,9142,0.09999999403953552,0.10000000149011612,0.7400000095367432,0.800000011920929,0.18000000715255737,0.4000000059604645,237,118,False,3.960518342780708,2.9245773391276453,0.5600000023841858
8ea8,8436,8504.0,8572,8436,0.04651162773370743,0.1764705926179886,0.24418604373931885,0.11764705926179886,0.0,0.0,243,120,False,3.926136571067449,2.8865459480436364,0.24418604373931885
8ea9,8299,8731.5,9164,8299,0.07042253017425537,0.0714285746216774,0.5352112650871277,0.2857142984867096,0.014084506779909134,0.0,241,120,False,3.91902576458736,2.879435141563548,0.5211267583072186
8eaa,8696,8721.5,8696,8747,0.054794520139694214,0.0714285746216774,0.2876712381839752,0.0,0.0,0.0,243,120,False,3.939319531078238,2.8997289080544255,0.2876712381839752
8eab,8572,8878.0,9184,8572,0.09999999403953552,0.20000000298023224,0.7400000095367432,0.800000011920929,0.0,0.0,238,118,False,3.933082162369791,2.897141158716728,0.7400000095367432
8edi,6450,6450.0,6450,6450,0.0,0.0,0.0,0.0,0.0,0.0,400,200,True,3.8095597146352675,2.6590447168032774,0.0
8ehe,54,8553.0,17052,54,0.0,0.0,0.5546218752861023,1.0,0.03361344709992409,0.043478261679410934,476,124,False,1.7323937598229686,0.685682917241851,0.5210084281861782
8ejo,12962,12962.0,12962,12962,0.3333333432674408,0.25,0.095238097012043,0.25,0.0,0.0,112,56,True,4.1126720171171325,3.238578003614032,0.095238097012043
8ejp,12962,12962.0,12962,12962,0.30000001192092896,0.25,0.05000000074505806,0.25,0.0,0.0,112,56,True,4.1126720171171325,3.238578003614032,0.05000000074505806
8eju,11960,12138.5,12317,11960,0.12916667759418488,0.2916666865348816,0.7749999761581421,1.0,0.0833333358168602,0.0625,511,254,False,4.077731179652392,2.875314321342423,0.6916666403412819
8ejv,12049,12231.0,12413,12049,0.14553990960121155,0.261904776096344,0.8356807231903076,1.0,0.0,0.0,506,251,False,4.080951004379483,2.881114143638964,0.8356807231903076
8ek4,2,2.0,2,2,0.02247191034257412,0.05882352963089943,0.0,0.0,0.0,0.0,269,134,False,0.3010299956639812,-0.7625224035184226,0.0
8em1,145,172.5,200,145,0.03448275849223137,0.1764705926179886,0.5747126340866089,0.8823529481887817,0.13793103396892548,0.29411765933036804,973,482,False,2.161368002234975,0.81984448311555,0.4367816001176834
8end,529,1543.5,2558,529,0.3884297311306,0.875,0.7685950398445129,1.0,0.28925618529319763,0.3333333432674408,189,85,False,2.7234556720351857,1.7587462091780395,0.4793388545513153
8enf,430,1418.5,2407,430,0.41803276538848877,0.8333333730697632,0.8032786846160889,1.0,0.04918032884597778,0.0416666679084301,188,87,False,2.6334684555795866,1.6637088292702773,0.7540983557701111
8er5,13840,13946.0,14052,13840,0.023255813866853714,0.0,0.0,0.0,0.0,0.0,245,122,False,4.141136090120739,3.097956174783365,0.0
8ero,7255,7255.0,7255,7255,0.0,0.0,0.6000000238418579,1.0,0.0,0.0,728,364,True,3.8606374167737547,2.5800867249492265,0.6000000238418579
8erp,7255,7255.0,7255,7255,0.0,0.0,0.6000000238418579,1.0,0.0,0.0,728,364,True,3.8606374167737547,2.5800867249492265,0.6000000238418579
8erw,3,31.5,3,60,0.034090910106897354,0.0,0.8977272510528564,1.0,0.9090909361839294,1.0,509,249,False,0.47712125471966244,-0.7209784188282057,-0.011363685131072998
8es5,4931,4931.0,4931,4931,0.03418803587555885,0.08695652335882187,0.8205128312110901,1.0,0.08547008782625198,0.043478261679410934,292,146,True,3.692935002531138,2.6107585746389192,0.7350427433848381
8evm,24,24.5,25,24,0.0833333358168602,0.1428571492433548,0.02777777798473835,0.0714285746216774,0.1319444477558136,0.0714285746216774,472,235,False,1.380211241711606,0.19467731057573787,-0.10416666977107525
8ey4,2350,3695.5,2350,5041,0.016393441706895828,0.0,0.0,0.0,0.016393441706895828,0.0,144,58,False,3.3710678622717363,2.4893538654902674,-0.016393441706895828
8f5v,5558,5558.0,5558,5558,0.19811320304870605,0.5714285969734192,0.9245283007621765,1.0,0.15094339847564697,0.095238097012043,334,167,True,3.744918542441353,2.6335603068675613,0.7735849022865295
8f8f,11980,11980.0,11980,11980,0.32258063554763794,0.8064515590667725,0.8645161390304565,1.0,0.0,0.0,696,348,True,4.078456818053293,2.807667196080002,0.8645161390304565
8far,9793,11119.5,12446,9793,0.0,0.0,0.0,0.0,0.8684210777282715,1.0,339,136,False,3.9909157545060845,2.9241463003209756,-0.8684210777282715
8fcf,142,144.0,146,142,0.8318583965301514,1.0,0.982300877571106,1.0,0.9203540086746216,1.0,162,79,False,2.1522883443830563,1.2034747987378358,0.061946868896484375
8fet,8811,8811.0,8811,8811,0.0,0.0,0.0,0.0,0.0,0.0,668,334,True,3.945025201242463,2.6831519678366806,0.0
8feu,8811,8811.0,8811,8811,0.0,0.0,0.0,0.0,0.0,0.0,668,334,True,3.945025201242463,2.6831519678366806,0.0
8fev,8811,8811.0,8811,8811,0.0,0.0,0.0,0.0,0.0,0.0,668,334,True,3.945025201242463,2.6831519678366806,0.0
8few,8811,8811.0,8811,8811,0.0,0.0,0.0,0.0,0.0,0.0,668,334,True,3.945025201242463,2.6831519678366806,0.0
8fex,2416,2487.0,2416,2558,0.0,0.0,0.7880434989929199,1.0,0.021739130839705467,0.0555555559694767,891,433,False,3.3830969299490943,2.0648529817724115,0.7663043681532145
8fin,14,15.0,16,14,0.04285714402794838,0.0,0.17142857611179352,0.2142857164144516,0.18571428954601288,0.5,347,173,False,1.146128035678238,0.027104984113840314,-0.01428571343421936
8fio,8591,8591.0,8591,8591,0.0,0.0,0.0,0.0,0.0,0.0,670,335,True,3.9340437190355253,2.671521315517103,0.0
8fiq,2,9.5,17,2,0.014492753893136978,0.0,0.0,0.0,0.9275362491607666,1.0,197,25,False,0.3010299956639812,-0.3979400086720376,-0.9275362491607666
8fjd,3434,3441.0,3434,3448,0.0,0.0,0.0,0.0,0.0,0.0,595,297,False,3.5358002908248976,2.2994220661662914,0.0
8fje,2,2.0,2,2,0.14814814925193787,0.30000001192092896,0.03703703731298447,0.0,0.018518518656492233,0.0,272,136,True,0.3010299956639812,-0.7657394585211277,0.018518518656492233
8fm6,6537,6570.5,6604,6537,0.0,0.0,0.0,0.0,0.0,0.0,196,94,False,3.815378484965918,2.828814558166069,0.0
8fvt,2,2.0,2,2,0.0,0.0,0.0,0.0,0.0,0.0,192,96,True,0.3010299956639812,-0.690105620855803,0.0
8g0p,346,552.0,758,346,0.07909604907035828,0.1428571492433548,0.9152542352676392,1.0,0.8926553726196289,1.0,241,98,False,2.5390760987927767,1.5434630609465292,0.022598862648010254
8g3k,7827,8038.5,7827,8250,0.0,0.0,0.0,0.0,0.15625,0.3333333432674408,285,136,False,3.893595333819883,2.8268258796347743,-0.15625
8g5s,10901,10925.0,10949,10901,0.23948220908641815,0.2295081913471222,0.9223300814628601,1.0,0.09708737581968307,0.0,717,358,False,4.0374663396435,2.760524826321563,0.825242705643177
8g93,10635,10923.0,10635,11211,0.551948070526123,0.9333333969116211,0.8441558480262756,1.0,0.22077922523021698,0.4333333373069763,529,258,False,4.0267374942387475,2.820927641257133,0.6233766227960587
8g9k,9,38.5,9,68,0.0555555559694767,0.0,0.06666667014360428,0.0555555559694767,0.04444444552063942,0.0,400,199,False,0.9542425094393249,-0.19518402876552848,0.02222222462296486
8gad,2,2.0,2,2,0.11428571492433548,0.1428571492433548,0.800000011920929,1.0,0.800000011920929,1.0,209,104,False,0.3010299956639812,-0.707486673985409,0.0
8ght,9756,9756.0,9756,9756,0.05504586920142174,0.0,0.7798165082931519,1.0,0.8256880640983582,1.0,608,304,True,3.989271791641693,2.747834999837316,-0.0458715558052063
8gkv,479,490.5,502,479,0.859649121761322,1.0,0.9649122953414917,1.0,0.9649122953414917,1.0,84,40,False,2.680335513414563,1.879305517750582,0.0
8gp6,105,114.0,123,105,0.004166666883975267,0.0,0.0,0.0,0.012500000186264515,0.0,546,261,False,2.0211892990699383,0.8128690454007976,-0.012500000186264515
8gpw,11569,11681.5,11569,11794,0.0,0.0,0.0,0.0,0.0,0.0,794,395,False,4.06329582107352,2.76499727326029,0.0
8guo,1712,1761.0,1712,1810,0.03787878900766373,0.0,0.8257575631141663,1.0,0.0,0.0,248,87,False,3.2335037603411343,2.263744134031825,0.8257575631141663
8gvl,5823,5824.0,5823,5825,0.0,0.0,0.0,0.0,0.0,0.0,573,285,False,3.7651467901080253,2.5377243601037702,0.0
8gxl,1823,1852.0,1881,1823,0.0555555559694767,0.1428571492433548,0.0,0.0,0.0,0.0,241,119,False,3.2607866686549762,2.2230131879587107,0.0
8gxm,1823,1887.0,1951,1823,0.02777777798473835,0.1428571492433548,0.0,0.0,0.0,0.0,241,119,False,3.2607866686549762,2.2230131879587107,0.0
8gy8,2894,2894.0,2894,2894,0.0,0.0,0.0,0.0,0.0,0.0,750,375,True,3.4614985267830187,2.1744828929191593,0.0
8gyf,681,683.0,685,681,0.095238097012043,0.0,0.7142857313156128,1.0,0.0,0.0,427,213,False,2.833147111912785,1.6689573101934163,0.7142857313156128
8gyg,9521,9833.0,10145,9521,0.15625,0.42105263471603394,0.8697916865348816,1.0,0.4166666567325592,0.7631579041481018,596,291,False,3.9786825651569444,2.746736070663991,0.4531250298023224
8gyh,18050,18226.0,18050,18402,0.03755868598818779,0.0714285746216774,0.09389671683311462,0.0714285746216774,0.009389671497046947,0.0,838,417,False,4.2564772062416765,2.946409178754798,0.08450704533606768
8gyi,18032,18085.0,18138,18032,0.26424869894981384,0.6578947305679321,0.8393782377243042,1.0,0.020725388079881668,0.05263157933950424,839,419,False,4.256043898702031,2.9449368872188835,0.8186528496444225
8gyw,6888,6888.0,6888,6888,0.0,0.0,0.800000011920929,1.0,0.0,0.0,760,380,True,3.8380931384455983,2.5482013401371932,0.800000011920929
8gyx,6888,6888.0,6888,6888,0.0,0.0,0.7058823704719543,1.0,0.0,0.0,760,380,True,3.8380931384455983,2.5482013401371932,0.7058823704719543
8gyz,3144,3169.0,3194,3144,0.009433962404727936,0.0476190485060215,0.6698113083839417,0.8571428656578064,0.0,0.0,427,212,False,3.4974825373673704,2.3343146069029945,0.6698113083839417
8gz0,375,376.0,377,375,0.01834862306714058,0.0,0.6238532066345215,1.0,0.24770642817020416,0.2380952388048172,318,158,False,2.574031267727719,1.4747027242505075,0.3761467784643173
8h0r,7903,7953.0,8003,7903,0.3999999761581421,1.0,0.7818182110786438,1.0,0.0181818176060915,0.0,178,87,False,3.897791981939225,2.9280323556299153,0.7636363934725523
8h2d,2462,2475.5,2489,2462,0.0,0.0,0.029411764815449715,0.0,0.0,0.0,278,138,False,3.3912880485952974,2.3213485053946794,0.029411764815449715
8h3z,1675,2181.0,1675,2687,0.19327731430530548,0.30434784293174744,0.8571428656578064,1.0,0.0,0.0,401,196,False,3.224014811372864,2.077886775694626,0.8571428656578064
8h4p,473,473.0,473,473,0.15131579339504242,0.06666667014360428,0.8552631735801697,1.0,0.032894738018512726,0.03333333507180214,652,326,True,2.6748611407378116,1.418252340703842,0.822368435561657
8h56,1960,1960.0,1960,1960,0.02097902074456215,0.0357142873108387,0.21678321063518524,0.6071428656578064,0.0699300691485405,0.0357142873108387,308,154,True,3.292256071356476,2.1984957109382446,0.14685314148664474
8h92,740,759.5,779,740,0.0,0.0,0.28070175647735596,0.4545454680919647,0.0,0.0,401,200,False,2.8692317197309762,1.7187167218989856,0.28070175647735596
8har,1283,1283.0,1283,1283,0.236111119389534,0.5789473652839661,0.9236111044883728,1.0,0.0555555559694767,0.035087719559669495,714,357,True,3.1082266563749283,1.831892548318832,0.8680555485188961
8hav,14504,14504.0,14504,14504,0.0,0.0,0.18518517911434174,0.4000000059604645,0.0,0.0,798,399,True,4.161487791087453,2.861001343244078,0.18518517911434174
8hb0,1009,7156.5,13304,1009,0.0,0.0,0.8666666746139526,1.0,0.0,0.0,615,29,False,3.0038911662369108,2.2726921672874325,0.8666666746139526
8hbn,156,739.0,1322,156,0.016853932291269302,0.02857142873108387,0.8707864880561829,1.0,0.056179776787757874,0.05714285746216774,536,165,False,2.1931245983544616,1.0843826262475085,0.814606711268425
8hdh,1009,7156.5,13304,1009,0.0,0.0,0.8709677457809448,1.0,0.0,0.0,615,29,False,3.0038911662369108,2.2726921672874325,0.8709677457809448
8hdv,3,3.0,3,3,0.01342281885445118,0.0,0.00671140942722559,0.03448275849223137,0.00671140942722559,0.03448275849223137,260,129,False,0.47712125471966244,-0.578173600429962,0.0
8heh,6805,7041.0,7277,6805,0.0,0.0,0.9090909361839294,1.0,0.0,0.0,288,141,False,3.8328281295393536,2.7582185732116637,0.9090909361839294
8hez,1009,7247.5,13486,1009,0.0,0.0,0.875,1.0,0.0,0.0,611,29,False,3.0038911662369108,2.2726921672874325,0.875
8hf3,1682,9498.0,17314,1682,0.012345679104328156,0.0625,0.8641975522041321,1.0,0.02469135820865631,0.0625,419,124,False,3.2258259914618934,2.179115148880776,0.8395061939954758
8hfc,178,6886.5,13595,178,0.0,0.0,0.8175675868988037,1.0,0.10810811072587967,0.06896551698446274,498,222,False,2.250420002308894,1.0772435150835746,0.709459476172924
8hg7,1009,7115.5,13222,1009,0.0,0.0,0.8965517282485962,1.0,0.0,0.0,619,29,False,3.0038911662369108,2.2726921672874325,0.8965517282485962
8hgj,3657,4362.5,5068,3657,0.0,0.0,0.0,0.0,0.0,0.0,385,107,False,3.5631249603380444,2.5484330714954395,0.0
8hgv,3642,3869.0,4096,3642,0.0,0.0,0.0,0.0,0.0,0.0,565,281,False,3.5613399414589013,2.3369867815063614,0.0
8hhj,138,699.5,138,1261,0.0,0.0,0.8701298832893372,0.9333333373069763,0.03896103799343109,0.06666667014360428,200,99,False,2.1398790864012365,1.1420614891024616,0.8311688452959061
8hi7,91,1804.0,91,3517,0.0,0.0,0.7982456088066101,1.0,0.0,0.0,564,269,False,1.9590413923210936,0.7441652523198895,0.7982456088066101
8hi8,91,1804.0,91,3517,0.0,0.0,0.761904776096344,1.0,0.0,0.0,564,269,False,1.9590413923210936,0.7441652523198895,0.761904776096344
8hin,1009,7043.5,13078,1009,0.0,0.0,0.9333333373069763,1.0,0.0,0.0,617,29,False,3.0038911662369108,2.2726921672874325,0.9333333373069763
8hja,1249,1295.0,1249,1341,0.09774436056613922,0.1538461595773697,0.5112782120704651,0.9615384340286255,0.0,0.0,264,118,False,3.0965624383741357,2.0606214347210727,0.5112782120704651
8hjb,8042,8251.0,8460,8042,0.4933333396911621,0.9333333969116211,0.7333333492279053,1.0,0.013333333656191826,0.0,371,183,False,3.9053640687668922,2.7741385239016774,0.7200000155717134
8hkr,3400,3416.5,3433,3400,0.0,0.0,1.0,1.0,0.011111111380159855,0.0555555559694767,762,378,False,3.531478917042255,2.2427330171236424,0.9888888886198401
8hle,441,441.0,441,441,0.0,0.0,0.0,0.0,0.0,0.0,760,380,True,2.6444385894678386,1.3545467911594335,0.0
8hn0,8106,9158.5,8106,10211,0.0,0.0,0.8372092843055725,1.0,0.023255813866853714,0.0,224,110,False,3.908806599405674,2.8881102568265615,0.8139534704387188
8hn2,10020,10020.0,10020,10020,0.04545454680919647,0.0,0.0,0.0,0.0,0.0,218,109,True,4.000867721531227,2.9821544725609153,0.0
8hno,11789,11790.0,11789,11791,0.14473684132099152,0.2666666805744171,0.9078947305679321,1.0,0.05263157933950424,0.0,275,136,False,4.071476967698918,3.004707513513809,0.8552631512284279
8hnp,10616,11056.0,11496,10616,0.0634920671582222,0.25,0.7142857313156128,1.0,0.7142857313156128,1.0,279,138,False,4.025960909856379,2.9560213666557607,0.0
8ho2,998,1002.0,998,1006,0.16455696523189545,0.20000001788139343,0.9113923907279968,1.0,0.012658228166401386,0.0,313,156,False,2.999130541287371,1.9025682421101402,0.8987341625615954
8hr5,373,5162.0,9951,373,0.0,0.0,0.3883495032787323,0.3499999940395355,0.0,0.0,711,245,False,2.571708831808688,1.3771257896264213,0.3883495032787323
8hsb,2369,2531.5,2694,2369,0.009708737954497337,0.0,0.7184466123580933,1.0,0.0,0.0,533,159,False,3.374565060722765,2.273866498562539,0.7184466123580933
8htw,188,193.5,188,199,0.0833333358168602,0.0833333358168602,0.75,1.0,0.699999988079071,0.9166666865348816,359,179,False,2.27415784926368,1.1477313337737334,0.050000011920928955
8hvq,3930,3930.0,3930,3930,0.0,0.0,0.0,0.0,0.0,0.0,460,230,True,3.5943925503754266,2.41352863236663,0.0
8hyn,183,185.5,188,183,0.11320754885673523,0.1428571492433548,0.028301887214183807,0.0,0.16981132328510284,0.380952388048172,315,157,False,2.2624510897304293,1.1645012635258127,-0.14150943607091904
8i2k,8564,8594.0,8624,8564,0.5056179761886597,0.9411764740943909,0.7977527976036072,1.0,0.01123595517128706,0.0,392,195,False,3.932676658622401,2.7876593529411418,0.7865168424323201
8i3x,12223,12223.0,12223,12223,0.032967034727334976,0.1111111119389534,0.8021978139877319,1.0,0.1538461595773697,0.1111111119389534,120,60,True,4.087177811761157,3.1981021865693346,0.6483516544103622
8i6j,5219,9123.5,13028,5219,0.002785515272989869,0.0,0.0,0.0,0.0,0.0,670,170,False,3.71758729685546,2.6023628361663236,0.0
8i80,3069,3221.0,3373,3069,0.007518797181546688,0.0,0.02255639061331749,0.07692307978868484,0.0,0.0,563,278,False,3.4869968884318228,2.2649744904727847,0.02255639061331749
8i85,3069,3142.0,3215,3069,0.0,0.0,0.0,0.0,0.0,0.0,565,280,False,3.4869968884318228,2.263417872760713,0.0
8i86,3069,3142.0,3215,3069,0.0,0.0,0.0,0.0,0.0,0.0,565,280,False,3.4869968884318228,2.263417872760713,0.0
8i88,2375,2476.0,2577,2375,0.0,0.0,0.8999999761581421,1.0,0.0,0.0,883,421,False,3.3756636139608855,2.0635225660430514,0.8999999761581421
8i8a,120,120.0,120,120,0.0,0.0,0.5849999785423279,1.0,0.0,0.0,614,307,True,2.0791812460476247,0.8356120583090316,0.5849999785423279
8i8y,580,583.0,580,586,0.0,0.0,0.4000000059604645,0.699999988079071,0.3400000035762787,0.6000000238418579,137,68,False,2.7634279935629373,1.847173537209819,0.06000000238418579
8i9q,5259,9507.5,13756,5259,0.0,0.0,0.3076923191547394,0.5,0.3076923191547394,0.0,675,167,False,3.7209031708134575,2.609544935239666,0.0
8ieu,6376,6376.5,6377,6376,0.0,0.0,0.8823529481887817,1.0,0.0,0.0,670,334,False,3.804548308388056,2.5426750749822737,0.8823529481887817
8ifk,2337,2873.0,2337,3409,0.0,0.0,0.8693181872367859,1.0,0.011363636702299118,0.0,823,409,False,3.368658712392227,2.062797058388556,0.8579545505344868
8iha,2610,2627.0,2644,2610,0.0,0.0,0.0,0.0,0.0,0.0,245,116,False,3.416640507338281,2.3844115127248218,0.0
8ikr,11000,11648.0,12296,11000,0.0,0.0,0.26530611515045166,0.4444444477558136,0.06122449040412903,0.1111111119389534,371,177,False,4.041392685158225,2.9174060519773217,0.20408162474632263
8ilk,684,755.5,684,827,0.03999999910593033,0.0,0.7200000286102295,1.0,0.0,0.0,424,210,False,2.835056101720116,1.6739464543531566,0.7200000286102295
8ill,689,689.0,689,689,0.095238097012043,0.0,0.523809552192688,1.0,0.0,0.0,425,212,False,2.8382192219076257,1.67505129144325,0.523809552192688
8ioi,8373,8780.5,8373,9188,0.27659574151039124,0.3888888955116272,0.6914893388748169,1.0,0.05319149047136307,0.1111111119389534,371,181,False,3.9228810912082936,2.7940418037737014,0.6382978484034538
8irz,3501,3506.5,3512,3501,0.0,0.0,0.0,0.0,0.0,0.0,750,372,False,3.5441921107650325,2.258920640824084,0.0
8is0,3380,3403.0,3426,3380,0.0,0.0,0.0,0.0,0.0,0.0,750,373,False,3.5289167002776547,2.243062284373311,0.0
8is2,2025,2032.0,2025,2039,0.1031746119260788,0.11999999731779099,0.9126983880996704,1.0,0.01587301678955555,0.0,204,100,False,3.3064250275506875,2.3064250275506875,0.8968253713101149
8isy,2242,2425.5,2609,2242,0.0,0.0,0.8882978558540344,1.0,0.0,0.0,957,450,False,3.3506356082589543,2.0240293513712824,0.8882978558540344
8isz,2242,2556.5,2871,2242,0.0,0.0,0.7017543911933899,0.970588207244873,0.0,0.0,915,450,False,3.3506356082589543,2.0240293513712824,0.7017543911933899
8ito,12736,12743.5,12736,12751,0.1794871836900711,0.1428571492433548,0.3589743673801422,0.5714285969734192,0.3076923191547394,0.2857142984867096,147,73,False,4.105033050393594,3.173371620333366,0.05128204822540283
8iw5,997,1000.0,1003,997,0.021978022530674934,0.0,0.9120879173278809,1.0,0.05494505539536476,0.1111111119389534,92,44,False,2.998695158311656,2.176968820068562,0.8571428619325161
8ixw,3,3.0,3,3,0.0060606058686971664,0.03030303120613098,0.072727270424366,0.06060606241226196,0.06060606241226196,0.09090909361839294,330,162,False,0.47712125471966244,-0.627636252551653,0.012121208012104034
8j09,145,986.5,145,1828,0.0,0.0,0.5789473652839661,1.0,0.0,0.0,796,241,False,2.161368002234975,0.9703594809475407,0.5789473652839661
8j0k,2289,2292.0,2289,2295,0.005586592014878988,0.0,0.916201114654541,1.0,0.07262569665908813,0.0,422,209,False,3.359645792674543,2.1995726496190158,0.8435754179954529
8j0l,2284,2286.0,2284,2288,0.0,0.0,0.8333333134651184,1.0,0.09195402264595032,0.1764705926179886,377,185,False,3.3586960995738107,2.2251102353723033,0.7413792908191681
8j0q,2261,2285.5,2310,2261,0.017341040074825287,0.029411764815449715,0.9017341136932373,1.0,0.07514450699090958,0.20588235557079315,392,189,False,3.35430056234536,2.2160696602587375,0.8265896067023277
8j0r,2285,2289.0,2285,2293,0.005681818351149559,0.02857142873108387,0.9204545617103577,1.0,0.0625,0.02857142873108387,424,209,False,3.358886204405869,2.198813061350342,0.8579545617103577
8j12,10015,11010.5,10015,12006,0.0,0.0,0.43661972880363464,0.6428571343421936,0.0,0.0,809,385,False,4.000650953629595,2.7079205888753446,0.43661972880363464
8j1j,10061,10724.5,10061,11388,0.0,0.0,0.3661971688270569,0.7142857313156128,0.0,0.0,811,387,False,4.0026411490000395,2.7087856664905843,0.3661971688270569
8j2f,2935,2935.0,2935,2935,0.010869565419852734,0.0,0.0,0.0,0.0,0.0,768,384,True,3.467608105583633,2.175442493399868,0.0
8j2h,695,695.0,695,695,0.08695652335882187,0.0,0.739130437374115,1.0,0.0,0.0,428,214,True,2.8419848045901137,1.6767779179155184,0.739130437374115
8j2i,690,690.0,690,690,0.10000000149011612,0.0,0.75,1.0,0.0,0.0,428,214,True,2.838849090737255,1.67364220406266,0.75
8j2j,678,678.0,678,678,0.10000000149011612,0.0,0.6000000238418579,1.0,0.0,0.0,428,214,True,2.8312296938670634,1.6660228071924679,0.6000000238418579
8j2k,697,697.5,697,698,0.095238097012043,0.0,0.523809552192688,0.75,0.0,0.0,427,213,False,2.8432327780980096,1.6790429763786405,0.523809552192688
8j2l,697,697.0,697,697,0.04545454680919647,0.0,0.6363636255264282,1.0,0.0,0.0,427,213,False,2.8432327780980096,1.6790429763786405,0.6363636255264282
8j2w,6800,6932.5,6800,7065,0.0,0.0,0.6176470518112183,0.7692307829856873,0.0,0.0,659,329,False,3.832508912706236,2.573910963731249,0.6176470518112183
8j2y,3851,3859.0,3851,3867,0.0,0.0,0.8192771077156067,1.0,0.048192769289016724,0.0,654,327,False,3.585573518622731,2.328299642292588,0.77108433842659
8j3j,687,687.0,687,687,0.10000000149011612,0.0,0.6000000238418579,0.75,0.0,0.0,428,214,True,2.8369567370595505,1.671749850384955,0.6000000238418579
8j3r,10012,11131.5,10012,12251,0.0,0.0,0.43421053886413574,0.6000000238418579,0.0,0.0,809,387,False,4.000520840936185,2.70666535842673,0.43421053886413574
8j4c,8373,8373.0,8373,8373,0.0,0.0,0.8888888955116272,1.0,0.0,0.0,816,408,True,3.9228810912082936,2.6175510096633534,0.8888888955116272
8j64,11,4227.5,11,8444,0.0,0.0,0.7796609997749329,1.0,0.11864406615495682,0.09090909361839294,222,49,False,1.041392685158225,0.1962946451439682,0.661016933619976
8j72,16746,17002.5,17259,16746,0.0,0.0,0.0,0.0,0.0,0.0,552,275,False,4.223911086872275,3.0042447399571435,0.0
8j84,2242,2524.5,2807,2242,0.0,0.0,0.6743119359016418,1.0,0.013761468231678009,0.0,906,450,False,3.3506356082589543,2.0240293513712824,0.6605504676699638
8jbs,2804,2841.0,2878,2804,0.0,0.0,0.859375,1.0,0.078125,0.0,449,222,False,3.447778009294621,2.2746015220693017,0.78125
8jdh,132,132.0,132,132,0.024590162560343742,0.0833333358168602,0.5901639461517334,1.0,0.5163934230804443,0.9166666865348816,289,142,False,2.12057393120585,1.0444297590143217,0.07377052307128906
8je4,182,186.0,182,190,0.0,0.0,0.0,0.0,0.0,0.0,584,289,False,2.2600713879850747,1.0296224666068008,0.0
8jh0,2281,2285.5,2290,2281,0.0,0.0,0.0,0.0,0.0,0.0,527,262,False,3.3581252852766488,2.148974639616776,0.0
8ji2,936,951.5,967,936,0.07500000298023224,0.125,0.887499988079071,1.0,0.0,0.0,472,232,False,2.971275848738105,1.7885318562926553,0.887499988079071
8ji3,1064,1078.5,1093,1064,0.07228915393352509,0.125,0.9036144614219666,1.0,0.0,0.0,459,228,False,3.0269416279590295,1.8479742044588026,0.9036144614219666
8ji4,938,946.0,938,954,0.08536584675312042,0.125,0.9024389982223511,1.0,0.10975609719753265,0.125,475,236,False,2.9722028383790646,1.7857468368940113,0.7926829010248184
8ji5,1082,1082.5,1082,1083,0.04938271641731262,0.0625,0.9012345671653748,1.0,0.04938271641731262,0.0,461,229,False,3.0342272607705505,1.8543095196006067,0.8518518507480621
8ji6,962,979.5,997,962,0.08536584675312042,0.125,0.9146341681480408,1.0,0.0,0.0,470,233,False,2.983175072037813,1.7994971115248035,0.9146341681480408
8ji7,1072,1081.5,1072,1091,0.07407407462596893,0.125,0.8888888955116272,1.0,0.0,0.0,459,229,False,3.030194785356751,1.8502770441868073,0.8888888955116272
8jmq,850,899.5,949,850,0.005988024175167084,0.0,0.7844311594963074,1.0,0.0,0.0,342,171,False,2.929418925714293,1.8129208705182158,0.7844311594963074
8jmr,920,935.0,950,920,0.03703703731298447,0.03125,0.8209876418113708,1.0,0.018518518656492233,0.0,338,167,False,2.963787827345555,1.8524295917717637,0.8024691231548786
8jpa,3,3.0,3,3,0.006211180239915848,0.0,0.006211180239915848,0.03125,0.006211180239915848,0.03125,263,130,False,0.47712125471966244,-0.5798504214337559,0.0
8jqe,8851,8877.0,8903,8851,0.016949152573943138,0.09090909361839294,0.9152542352676392,1.0,0.016949152573943138,0.0,585,289,False,3.9469923407483725,2.7165434193700984,0.898305082693696
8jqf,8851,8916.0,8981,8851,0.0,0.0,0.06060606241226196,0.07692307978868484,0.0,0.0,575,286,False,3.9469923407483725,2.7188093241838507,0.06060606241226196
8jqk,7328,7530.0,7732,7328,0.0,0.0,0.0,0.0,0.0,0.0,677,335,False,3.8649854606597938,2.6024630571413714,0.0
8jrc,1770,1825.0,1770,1880,0.2571428716182709,0.7142857313156128,0.8428571224212646,1.0,0.02857142873108387,0.0714285746216774,344,170,False,3.247973266361807,2.13274880567267,0.8142856936901808
8jsf,1456,1457.0,1458,1456,0.17218543589115143,0.2666666805744171,0.9006622433662415,1.0,0.013245033100247383,0.0,501,247,False,3.1631613749770184,1.9668128983471855,0.8874172102659941
8jsk,7216,7216.0,7216,7216,0.0,0.0,0.0,0.0,0.0,0.0,316,158,True,3.8582965245338854,2.758967981056674,0.0
8jsz,288,288.0,288,288,0.04149377718567848,0.1041666716337204,0.7593361139297485,1.0,0.008298755623400211,0.0,518,259,True,2.459392487759231,1.2527426057186049,0.7510373583063483
8jtk,197,1719.5,197,3242,0.005747126415371895,0.029411764815449715,0.0,0.0,0.0,0.0,299,105,False,2.294466226161593,1.283871576626624,0.0
8jtu,358,358.0,358,358,0.0,0.0,0.42105263471603394,1.0,0.0,0.0,384,192,True,2.5538830266438746,1.4122324122920995,0.42105263471603394
8ju7,38,39.5,38,41,0.01785714365541935,0.0,0.8571428656578064,1.0,0.01785714365541935,0.0,204,100,False,1.5797835966168101,0.5797835966168101,0.839285722002387
8jzu,2,4573.5,9145,2,0.016393441706895828,0.0,0.3606557250022888,0.4166666567325592,0.1147540956735611,0.3333333432674408,488,14,False,0.3010299956639812,-0.2720340221751378,0.24590162932872772
8k0h,9,69.5,9,130,0.0,0.0,0.3178808093070984,0.9333333373069763,0.046357616782188416,0.13333334028720856,400,176,False,0.9542425094393249,-0.16851382446775,0.27152319252491
8k11,1464,1464.0,1464,1464,0.0,0.0,0.7972972989082336,1.0,0.0,0.0,526,263,True,3.165541076722373,1.955563202477494,0.7972972989082336
8k1b,1504,1504.0,1504,1504,0.0,0.0,0.8545454740524292,1.0,0.0,0.0,508,254,True,3.1772478362556233,1.9748309779456543,0.8545454740524292
8k1d,2899,2899.0,2899,2899,0.0,0.0,0.16949152946472168,0.09090909361839294,0.0,0.0,610,305,True,3.4622482153549976,2.2200982956816047,0.16949152946472168
8k1r,7658,8135.5,8613,7658,0.0,0.0,0.12222222238779068,0.1111111119389534,0.0,0.0,814,406,False,3.8841153620116686,2.5798523452230717,0.12222222238779068
8k34,2307,2750.5,2307,3194,0.0,0.0,0.7833333611488342,1.0,0.0,0.0,863,429,False,3.3630475945210936,2.046818948428731,0.7833333611488342
8k3g,12099,12296.0,12493,12099,0.0,0.0,0.8648648858070374,1.0,0.0,0.0,865,432,False,4.082749476727281,2.765007603319825,0.8648648858070374
8k4l,1473,1504.5,1473,1536,0.032967034727334976,0.02777777798473835,0.906593382358551,1.0,0.15934066474437714,0.2777777910232544,394,178,False,3.168202746842631,2.042992745688184,0.7472527176141739
8k74,10142,10161.0,10142,10180,0.31578946113586426,0.7333333492279053,0.9013158082962036,1.0,0.019736841320991516,0.03333333507180214,652,325,False,4.006123606211855,2.7501819257224174,0.8815789669752121
8k76,4253,4253.0,4253,4253,0.10989011079072952,0.0,0.9450549483299255,1.0,0.0,0.0,478,239,True,3.628695382714023,2.4394964322399546,0.9450549483299255
8k86,6940,7007.0,6940,7074,0.8918918967247009,1.0,0.9459459185600281,1.0,0.9459459185600281,1.0,121,58,False,3.841359470454855,2.9596454736733864,0.0
8k89,6345,6349.0,6345,6353,0.8809524178504944,1.0,0.8809523582458496,1.0,0.9047619104385376,1.0,146,70,False,3.8024316264307236,2.879882606423595,-0.02380955219268799
8k8a,7328,7620.5,7328,7913,0.8918918967247009,1.0,0.9459459185600281,1.0,0.9459459185600281,1.0,121,59,False,3.8649854606597938,2.979559454838722,0.0
8k9c,2090,2093.5,2090,2097,0.009615384973585606,0.05000000074505806,0.557692289352417,0.699999988079071,0.24038460850715637,0.30000001192092896,405,200,False,3.3201462861110542,2.1696312882790636,0.3173076808452606
8ka6,3,4.0,3,5,0.0,0.0,0.0,0.0,0.0,0.0,292,144,False,0.47712125471966244,-0.6020599913279624,0.0
8kbe,1540,1545.0,1550,1540,0.05752212554216385,0.15555556118488312,0.8893805146217346,1.0,0.20353981852531433,0.5111111402511597,255,124,False,3.187520720836463,2.1408098782553457,0.6858406960964203
8kbf,1550,1553.5,1557,1550,0.07555555552244186,0.15555556118488312,0.8933333158493042,1.0,0.20888888835906982,0.6222222447395325,254,125,False,3.1903316981702914,2.1418766916662633,0.6844444274902344
8kdl,86,86.5,86,87,0.13242009282112122,0.25581395626068115,0.6438356041908264,0.7209302186965942,0.0,0.0,821,410,False,1.9344984512435677,0.6281065228837,0.6438356041908264
8kdz,1675,1675.0,1675,1675,0.0,0.0,0.0,0.0,0.0,0.0,512,256,True,3.224014811372864,2.0198948287169394,0.0
8ke8,10859,11672.5,10859,12486,0.3643410801887512,0.5999999642372131,0.8759689927101135,1.0,0.01550387591123581,0.0,396,195,False,4.035789833127757,2.890772527446498,0.8604651167988777
8ken,753,753.0,753,753,0.1428571492433548,0.40909093618392944,0.8928571343421936,1.0,0.0803571417927742,0.09090909361839294,448,224,True,2.8767949762007006,1.7016709670336192,0.8124999925494194
8kge,7242,7242.0,7242,7242,0.06622516363859177,0.06666667014360428,0.5761589407920837,0.9333333373069763,0.046357616782188416,0.06666667014360428,486,243,True,3.859858520480993,2.667055383681837,0.5298013240098953
8khg,8927,8949.0,8927,8971,0.0,0.0,0.8981481194496155,1.0,0.0,0.0,541,270,False,3.9507055347738613,2.7350236526943674,0.8981481194496155
8kht,1919,2094.5,1919,2270,0.0,0.0,0.0,0.0,0.0,0.0,569,284,False,3.2830749747354715,2.0564158047119525,0.0
8of7,122,130.0,122,138,0.05319148674607277,0.1111111119389534,0.19148936867713928,0.5555555820465088,0.6276595592498779,0.8888888955116272,258,119,False,2.0863598306747484,1.0485863499784829,-0.43617019057273865
8ofj,8590,8609.0,8590,8628,0.0,0.0,0.0,0.0,0.0625,0.1666666716337204,304,152,False,3.9339931638312424,2.843071369858856,-0.0625
8okd,10138,10138.0,10138,10138,0.0,0.0,0.8488371968269348,1.0,0.011627906933426857,0.0,582,291,True,4.005952286887383,2.7740057923944295,0.837209289893508
8okh,19,19.5,19,20,0.0,0.0,0.6071428656578064,0.5454545617103577,0.0,0.0,331,165,False,1.2787536009528289,0.1700116288458758,0.6071428656578064
8onj,10459,10552.0,10459,10645,0.15625,0.3199999928474426,0.828125,1.0,0.0,0.0,546,269,False,4.019490162997508,2.804614022996304,0.828125
8onl,10260,10284.5,10309,10260,0.0833333358168602,0.2083333432674408,0.8583333492279053,1.0,0.03333333507180214,0.0416666679084301,544,271,False,4.011147360775797,2.794662715338595,0.8250000141561031
8onm,10434,10460.5,10487,10434,0.2651515305042267,0.5384615659713745,0.8787878751754761,1.0,0.0,0.0,551,275,False,4.018450832386356,2.798784485471225,0.8787878751754761
8oof,3980,4596.0,3980,5212,0.012195121496915817,0.0625,0.8048780560493469,0.96875,0.060975611209869385,0.125,556,109,False,3.5998830720736876,2.581169823103376,0.7439024448394775
8oot,3980,4596.0,3980,5212,0.012345679104328156,0.0625,0.7962962985038757,0.96875,0.06790123134851456,0.125,556,109,False,3.5998830720736876,2.581169823103376,0.7283950671553612
8oqj,17611,18093.5,18576,17611,0.0,0.0,0.8727272748947144,1.0,0.05454545468091965,0.0,109,54,False,4.245784017077525,3.3795871371660406,0.8181818202137947
8oqx,3120,3123.0,3120,3126,0.0476190522313118,0.0,0.8888888955116272,1.0,0.0,0.0,561,278,False,3.494154594018443,2.2721321960594048,0.8888888955116272
8oro,1614,1614.0,1614,1614,0.0,0.0,0.0,0.0,0.0,0.0,546,273,True,3.2079035303860515,1.9898222068656737,0.0
8otv,4454,4736.0,4454,5018,0.21072795987129211,0.48076924681663513,0.8544061183929443,1.0,0.14176245033740997,0.25,423,211,False,3.6487502126980194,2.4866089850491733,0.7126436680555344
8owi,716,718.5,721,716,0.4444444477558136,0.5714285969734192,0.9583333134651184,1.0,0.5,1.0,109,54,False,2.8549130223078554,1.9887161423963713,0.4583333134651184
8ows,131,392.5,654,131,0.013513513840734959,0.0,0.7702702879905701,1.0,0.0,0.0,239,117,False,2.1172712956557644,1.0831783647826834,0.7702702879905701
8oxg,6482,6485.0,6488,6482,0.0,0.0,0.0,0.0,0.0,0.0,737,368,False,3.811709026696191,2.5287851173594325,0.0
8ozc,2361,2476.5,2361,2592,0.0,0.0,0.6284152865409851,0.9722222089767456,0.02185792289674282,0.0,913,452,False,3.373095987078727,2.0455267696730357,0.6065573636442423
8p0s,564,564.5,565,564,0.1551724076271057,0.38235294818878174,0.6321839094161987,0.9411764740943909,0.6839080452919006,1.0,257,128,False,2.751279103983342,1.697674119159408,-0.051724135875701904
8p6k,67,67.5,68,67,0.03896103799343109,0.13333334028720856,0.8636363744735718,1.0,0.2792207896709442,0.9333333373069763,218,108,False,1.8260748027008264,0.8093629249573515,0.5844155848026276
8p6m,14146,14570.5,14146,14995,0.0,0.0,0.0,0.0,0.0,0.0,260,129,False,4.150633653746429,3.0953387985968037,0.0
8pb3,6422,6422.0,6422,6422,0.0,0.0,0.0,0.0,0.0,0.0,620,310,True,3.8076703012304836,2.5619894543133475,0.0
8pb8,6035,6203.5,6035,6372,0.0,0.0,0.0,0.0,0.0,0.0,620,309,False,3.780677274433368,2.5356980347209506,0.0
8pcw,512,561.5,512,611,0.10169491171836853,0.47826087474823,0.38983049988746643,0.6521739363670349,0.05932203307747841,0.043478261679410934,698,346,False,2.709269960975831,1.4397319115794425,0.330508466809988
8pd4,9668,9668.0,9668,9668,0.0,0.0,0.0,0.0,0.0,0.0,398,199,True,3.985336641735613,2.8359101035307592,0.0
8pdk,9471,9770.5,9471,10070,0.0,0.0,0.0,0.0,0.0,0.0,276,137,False,3.97639583661188,2.9080355530336766,0.0
8pdo,109,109.0,109,109,0.0,0.0,0.0,0.0,0.0,0.0,702,351,True,2.037426497940624,0.7647729397077117,0.0
8pe0,9367,9367.0,9367,9367,0.0,0.0,0.0,0.0,0.0,0.0,282,141,True,3.971600520230059,2.896990963902369,0.0
8pe3,504,508.5,504,513,0.06912442296743393,0.25581395626068115,0.8387096524238586,1.0,0.04147465527057648,0.0,765,379,False,2.7024305364455254,1.4131109314614891,0.7972349971532822
8pfa,10115,10174.0,10233,10115,0.0,0.0,0.0,0.0,0.0,0.0,275,137,False,4.004965887106824,2.93660560352862,0.0
8pfd,193,1461.0,193,2729,0.0,0.0,0.21153846383094788,0.10000000149011612,0.0,0.0,285,98,False,2.285557309007774,1.2899442711615263,0.21153846383094788
8phb,317,323.5,317,330,0.11442785710096359,0.17499999701976776,0.7960199117660522,1.0,0.004975124262273312,0.0,751,372,False,2.5010592622177517,1.2157877922768028,0.7910447875037789
8pno,7002,7130.0,7002,7258,0.0,0.0,0.0,0.0,0.043478261679410934,0.0,401,199,False,3.8452221064290137,2.6957955682241606,-0.043478261679410934
8po5,538,544.0,538,550,0.0,0.0,0.0,0.0,0.0,0.0,249,124,False,2.7307822756663893,1.6840714330852715,0.0
8pqp,1779,1779.0,1779,1779,0.0,0.0,0.0,0.0,0.0,0.0,308,154,True,3.250175948083925,2.1564155876656934,0.0
8pr6,6646,6667.5,6689,6646,0.06451612710952759,0.0555555559694767,0.09677419066429138,0.0555555559694767,0.07526881992816925,0.0,157,78,False,3.822560336942692,2.876513035597452,0.02150537073612213
8ps0,17286,17286.0,17286,17286,0.0,0.0,0.8148148059844971,0.800000011920929,0.0,0.0,744,372,True,4.237694508664057,2.952423038723108,0.8148148059844971
8pu1,657,1078.5,657,1500,0.05000000074505806,0.0625,0.9125000238418579,0.9375,0.0,0.0,266,75,False,2.8175653695597807,1.8800347378639308,0.9125000238418579
8puh,1416,1416.0,1416,1416,0.025641025975346565,0.0,0.025641025975346565,0.0,0.0,0.0,158,79,True,3.15106325335375,2.2022497077085297,0.025641025975346565
8puj,2381,2381.0,2381,2381,0.0,0.0,0.0,0.0,0.0,0.0,644,322,True,3.37675939540488,2.122831459556964,0.0
8pxe,106,106.5,107,106,0.28318583965301514,0.5909091234207153,0.9203540086746216,1.0,0.3185840845108032,0.3181818127632141,162,80,False,2.0253058652647704,1.0737608717687985,0.6017699241638184
8pxf,1943,1978.0,2013,1943,0.09708738327026367,0.15000000596046448,0.8737863898277283,1.0,0.10679611563682556,0.0,428,213,False,3.2884728005997825,2.1242829988804135,0.7669902741909027
8pz3,6464,6479.0,6494,6464,0.0,0.0,0.2647058963775635,0.07407407462596893,0.05147058889269829,0.0,586,290,False,3.8105013477665297,2.5793023488170514,0.2132353074848652
8pzh,570,646.5,723,570,0.0,0.0,0.0,0.0,0.0,0.0,232,115,False,2.7558748556724915,1.7255259354956856,0.0
8pzo,558,559.0,558,560,0.0,0.0,0.0,0.0,0.0,0.0,245,122,False,2.7466341989375787,1.7034542836002047,0.0
8q0e,100,104.5,109,100,0.04575163498520851,0.1803278625011444,0.4901960790157318,1.0,0.013071895577013493,0.04918032884597778,483,241,False,2.0,0.8089914787125658,0.4771241834387183
8q0t,7864,7935.5,7864,8007,0.020408162847161293,0.0,0.0,0.0,0.0,0.0,546,269,False,3.895643504824079,2.6807673648228754,0.0
8q1k,4695,4734.0,4773,4695,0.0,0.0,0.8985507488250732,1.0,0.10144927352666855,0.07692307978868484,838,419,False,3.6716355966021297,2.360528585118982,0.7971014752984047
8q1o,140,140.0,140,140,0.0,0.0,0.0,0.0,0.0,0.0,356,178,True,2.146128035678238,1.020918034523791,0.0
8q1x,4644,4691.5,4644,4739,0.0,0.0,0.9384615421295166,1.0,0.10769230872392654,0.1538461595773697,837,418,False,3.666892211066536,2.3563040701790188,0.8307692334055901
8q28,292,292.5,293,292,0.0,0.0,0.0,0.0,0.0,0.0,471,235,False,2.4653828514484184,1.2798489203125503,0.0
8q29,300,302.5,305,300,0.0,0.0,0.03030303120613098,0.0,0.0,0.0,483,241,False,2.4771212547196626,1.2861127334322282,0.03030303120613098
8q3y,291,291.0,291,291,0.03614457696676254,0.125,0.5903614163398743,1.0,0.07228915393352509,0.1875,872,436,True,2.4638929889859074,1.1441497443516142,0.5180722624063492
8q3z,294,294.0,294,294,0.0872092992067337,0.0882352963089943,0.7325581312179565,0.8823529481887817,0.011627906933426857,0.0,874,437,True,2.4683473304121573,1.1481066119269463,0.7209302242845297
8q40,294,294.0,294,294,0.08187134563922882,0.0882352963089943,0.7251461744308472,0.8823529481887817,0.011695906519889832,0.0,874,437,True,2.4683473304121573,1.1481066119269463,0.7134502679109573
8q41,278,282.0,278,286,0.07692307978868484,0.09677419066429138,0.7435897588729858,1.0,0.044871795922517776,0.12903225421905518,846,419,False,2.444044795918076,1.1329377844349287,0.6987179629504681
8q42,267,269.0,271,267,0.0833333358168602,0.09090909361839294,0.7857142686843872,1.0,0.02976190485060215,0.03030303120613098,865,431,False,2.4265112613645754,1.1092726262842094,0.7559523638337851
8q43,272,286.5,301,272,0.07361963391304016,0.09375,0.8098159432411194,1.0,0.030674846842885017,0.0,839,411,False,2.4345689040341987,1.127647993096164,0.7791410963982344
8q44,285,288.0,291,285,0.071856290102005,0.09090909361839294,0.7904191613197327,1.0,0.011976048350334167,0.0,872,435,False,2.45484486000851,1.1356002315311915,0.7784431129693985
8q5n,1988,2091.5,1988,2195,0.15740740299224854,0.523809552192688,0.5462962985038757,1.0,0.0,0.0,306,151,False,3.2984163800612945,2.2089279064147096,0.5462962985038757
8q5o,2287,2415.0,2287,2543,0.10588235408067703,0.05882352963089943,0.5764706134796143,0.9411764740943909,0.0941176488995552,0.29411765933036804,300,149,False,3.3592661646067485,2.2726730304006115,0.48235296458005905
8q66,52,170.5,289,52,0.0,0.0,0.6518518328666687,1.0,0.0,0.0,513,242,False,1.7160033436347992,0.5240956606445836,0.6518518328666687
8q6u,7544,7700.0,7544,7856,0.5076923370361328,0.8461538553237915,0.9384615421295166,1.0,0.0,0.0,331,165,False,3.877601679729272,2.768859707622319,0.9384615421295166
8q8g,4738,4804.0,4870,4738,0.0,0.0,0.06666667014360428,0.0,0.0,0.0,538,266,False,3.6755950563867463,2.463154238071213,0.06666667014360428
8q8o,1444,1457.0,1444,1470,0.0,0.0,0.0,0.0,0.0,0.0,276,138,False,3.1595671932336202,2.089627650033002,0.0
8q90,8252,8252.0,8252,8252,0.6282722353935242,1.0,0.9057591557502747,1.0,0.2513088881969452,0.8684210777282715,294,147,True,3.916559219301114,2.832900551927026,0.6544502675533295
8q9x,829,837.0,829,845,0.08673468977212906,0.1538461595773697,0.7806122303009033,1.0,0.0,0.0,937,466,False,2.9185545305502734,1.5843615722052735,0.7806122303009033
8q9y,829,839.5,829,850,0.08374384045600891,0.15000000596046448,0.802955687046051,1.0,0.004926108289510012,0.0,938,467,False,2.9185545305502734,1.5838960902672174,0.798029578756541
8qbf,1563,1563.0,1563,1563,0.02931595966219902,0.016393441706895828,0.6742671132087708,0.9672130942344666,0.016286645084619522,0.0,542,271,True,3.193958978019187,1.977474332581984,0.6579804681241512
8qc3,5083,5083.0,5083,5083,0.06766917556524277,0.0,0.8796992301940918,1.0,0.0,0.0,728,364,True,3.7061201097027037,2.4255694178781755,0.8796992301940918
8qc5,4954,4985.5,4954,5017,0.09219858050346375,0.0,0.8865247964859009,1.0,0.0,0.0,728,363,False,3.694956002249818,2.415002689731762,0.8865247964859009
8qc6,4746,4850.0,4746,4954,0.09558823704719543,0.0,0.8823529481887817,1.0,0.0,0.0,731,365,False,3.6763277338813203,2.395181301653083,0.8823529481887817
8qcj,15719,15719.0,15719,15719,0.20264315605163574,0.2222222238779068,0.9427312612533569,1.0,0.039647575467824936,0.0,916,458,True,4.196424913949195,2.8659921749472606,0.903083685785532
8qck,14378,14378.0,14378,14378,0.21973095834255219,0.27272728085517883,0.865470826625824,1.0,0.12556053698062897,0.1818181872367859,922,461,True,4.157698479275516,2.825848016580692,0.739910289645195
8qcl,11082,11099.5,11117,11082,0.032786883413791656,0.0,0.24590164422988892,0.0833333358168602,0.0,0.0,779,389,False,4.044618145823885,2.749643345161031,0.24590164422988892
8qef,11069,11093.0,11117,11069,0.03333333507180214,0.0,0.0,0.0,0.0,0.0,778,388,False,4.04410838744612,2.7496925246490163,0.0
8qf0,18562,18590.0,18562,18618,0.0,0.0,0.7450980544090271,0.949999988079071,0.0,0.0,1018,508,False,4.268624768335871,2.9156929121939115,0.7450980544090271
8qfl,6886,7180.5,6886,7475,0.0,0.0,0.8840579986572266,1.0,0.0,0.0,300,149,False,3.837967018368655,2.7513738841625175,0.8840579986572266
8qfm,7001,7130.5,7001,7260,0.0,0.0,0.8208954930305481,1.0,0.0,0.0,296,148,False,3.8451600776519457,2.7600292199544674,0.8208954930305481
8qfn,6603,7039.0,6603,7475,0.0,0.0,0.8591549396514893,1.0,0.0,0.0,304,149,False,3.8197412972730103,2.7331481630668732,0.8591549396514893
8qfo,6464,6579.0,6464,6694,0.0,0.0,0.8611111044883728,1.0,0.0,0.0,308,153,False,3.8105013477665297,2.7181556323577305,0.8611111044883728
8qfp,6834,6849.5,6865,6834,0.0,0.0,0.8529411554336548,1.0,0.0,0.0,307,153,False,3.834674974462744,2.7423292590539448,0.8529411554336548
8qfq,6037,6286.5,6037,6536,0.0,0.0,0.0,0.0,0.0,0.0,297,144,False,3.780821175853473,2.701639929805848,0.0
8qhp,19938,19938.0,19938,19938,0.0,0.0,0.8837209343910217,1.0,0.0,0.0,820,410,True,4.299681591662354,2.993289663302487,0.8837209343910217
8qj5,1831,1834.5,1838,1831,0.0,0.0,0.9277108311653137,1.0,0.0,0.0,822,410,False,3.2626883443016963,1.9562964159418286,0.9277108311653137
8qlo,2489,2690.5,2489,2892,0.0,0.0,0.0,0.0,0.0,0.0,892,437,False,3.3960248966085933,2.0757841781233823,0.0
8qpl,13448,13479.5,13511,13448,0.0,0.0,0.0,0.0,0.09677419066429138,0.1666666716337204,657,326,False,4.128657700431415,2.872048900397445,-0.09677419066429138
8r07,3006,3201.5,3397,3006,0.0,0.0,0.03448275849223137,0.0,0.0,0.0,205,100,False,3.4779889762508893,2.4779889762508893,0.03448275849223137
8r1u,9878,9878.0,9878,9878,0.0,0.0,0.8181818127632141,1.0,0.0,0.0,658,329,True,3.9946690218255294,2.7360710728505424,0.8181818127632141
8r1z,9764,9764.0,9764,9764,0.0,0.0,0.7746478915214539,1.0,0.0,0.0,658,329,True,3.989627770745151,2.731029821770164,0.7746478915214539
8r2t,12244,12494.5,12745,12244,0.0,0.0,0.0,0.0,0.0,0.0,827,410,False,4.087923320925297,2.7815313925654293,0.0
8r2v,16022,16022.0,16022,16022,0.1577381044626236,0.17910447716712952,0.8690476417541504,1.0,0.1190476194024086,0.46268656849861145,638,319,True,4.204716727400483,2.9528213858718932,0.7500000223517418
8r2w,14790,14790.0,14790,14790,0.15789473056793213,0.24390242993831635,0.9377990365028381,1.0,0.043062202632427216,0.1463414579629898,580,290,True,4.169968173996892,2.9387691750474145,0.8947368338704109
8r3f,3345,3351.5,3358,3345,0.0,0.0,0.0,0.0,0.0,0.0,205,102,False,3.524396122103842,2.520096036222883,0.0
8r4l,6095,6095.0,6095,6095,0.019607843831181526,0.0,0.8039215803146362,1.0,0.05882352963089943,0.0,222,111,True,3.784973709954401,2.762312220561072,0.7450980506837368
8r4m,6543,6804.0,6543,7065,0.0,0.0,0.8771929740905762,1.0,0.017543859779834747,0.0,209,100,False,3.815776920298363,2.8157769202983625,0.8596491143107414
8r4z,513,582.0,651,513,0.0,0.0,0.0,0.0,0.0,0.0,681,340,False,2.7101173651118162,1.4443779065906888,0.0
8r66,1176,1181.5,1187,1176,0.125,0.09090909361839294,0.4821428656578064,1.0,0.1964285671710968,0.3636363744735718,418,207,False,3.0704073217401198,1.9124221490116609,0.2857142984867096
8r7a,14,5397.5,10781,14,0.0,0.0,0.5766870975494385,1.0,0.042944785207509995,0.0,187,75,False,1.146128035678238,0.20859740398238796,0.5337423123419285
8r8q,971,2337.0,3703,971,0.0,0.0,0.800000011920929,1.0,0.0,0.0,732,341,False,2.9872192299080047,1.720842040411756,0.800000011920929
8rb7,1533,1533.0,1533,1533,0.0,0.0,0.0,0.0,0.0,0.0,360,180,True,3.185542154854375,2.057905902302722,0.0
8rd3,642,10074.5,19507,642,0.0,0.0,0.8818897604942322,1.0,0.0,0.0,846,218,False,2.807535028068853,1.6383067812665508,0.8818897604942322
8rg5,1251,1277.5,1304,1251,0.0,0.0,0.0,0.0,0.0,0.0,704,350,False,3.09725730969342,1.8252232875182821,0.0
8rgi,5590,5644.5,5590,5699,0.08441558480262756,0.0,0.8636363744735718,1.0,0.7792207598686218,0.9333333373069763,234,104,False,3.747411807886423,2.7388951382370332,0.08441561460494995
8rhi,17362,17400.0,17362,17438,0.0,0.0,0.0,0.0,0.0,0.0,549,273,False,4.239599751885042,3.0215184283646646,0.0
8rho,7143,7143.0,7143,7143,0.0,0.0,0.5822784900665283,1.0,0.0,0.0,242,121,True,3.8538806501245424,2.8124879649663175,0.5822784900665283
8rkh,517,517.5,518,517,0.0,0.0,0.22857142984867096,0.7142857313156128,0.0,0.0,438,219,False,2.7134905430939424,1.5432684856738834,0.22857142984867096
8rmw,19289,19289.0,19289,19289,0.22772277891635895,0.3762376308441162,0.9188118577003479,1.0,0.14653465151786804,0.4653465449810028,708,354,True,4.2853097130902675,3.0108080820773733,0.7722772061824799
8rp3,19236,19236.0,19236,19236,0.22444890439510345,0.38383838534355164,0.9158316850662231,1.0,0.11022043973207474,0.2525252401828766,708,354,True,4.2841147684017695,3.0096131373888757,0.8056112453341484
8rp4,19494,19494.0,19494,19494,0.23137256503105164,0.37254902720451355,0.9196078181266785,1.0,0.14313726127147675,0.5196078419685364,708,354,True,4.289900961728627,3.0153993307157325,0.7764705568552017
8rp5,19163,19163.0,19163,19163,0.22047244012355804,0.39603960514068604,0.913385808467865,1.0,0.13582676649093628,0.4752475321292877,708,354,True,4.282463499599315,3.0079618685864213,0.7775590419769287
8rqj,4223,4269.5,4223,4316,0.0,0.0,0.0,0.0,0.0,0.0,260,129,False,3.625621081424908,2.570326226275283,0.0
8rv3,63,63.0,63,63,0.05454545468091965,0.0,0.27272728085517883,0.4545454680919647,0.2545454502105713,0.0,252,126,False,1.7993405494535817,0.7491552768948002,0.018181830644607544
8rvc,682,682.0,682,682,0.0,0.0,0.0,0.0,0.0,0.0,680,340,True,2.833784374656479,1.5680449161353514,0.0
8rwu,50,119.0,188,50,0.0,0.0,0.25757575035095215,0.07692307978868484,0.07575757801532745,0.0,184,91,False,1.6989700043360187,0.719449308175472,0.1818181723356247
8rx4,14145,14145.0,14145,14145,0.22466959059238434,0.31111112236976624,0.9647576808929443,1.0,0.039647575467824936,0.02222222276031971,918,459,True,4.15060295179301,2.819696609024379,0.9251101054251194
8rxo,41,41.0,41,41,0.0,0.0,0.016129031777381897,0.0,0.032258063554763794,0.0,194,90,False,1.6127838567197355,0.6356626020000731,-0.016129031777381897
8ryf,763,764.5,766,763,0.012048192322254181,0.0,0.8674699068069458,1.0,0.09638553857803345,0.125,453,221,False,2.8825245379548803,1.7103284011123252,0.7710843682289124
8s0u,445,445.0,445,445,0.0,0.0,0.0,0.0,0.0,0.0,514,257,True,2.6483600109809315,1.4433934493152842,0.0
8s1j,442,445.5,449,442,0.0,0.0,0.0,0.0,0.06896551698446274,0.0,602,300,False,2.645422269349092,1.4068616419892606,-0.06896551698446274
8s2f,223,223.0,223,223,0.012658228166401386,0.0,0.0,0.0,0.0,0.0,361,180,False,2.3483048630481607,1.2206686104965077,0.0
8s2m,1237,1495.5,1237,1754,0.043478261679410934,0.0,0.8478260636329651,1.0,0.0,0.0,260,128,False,3.0923696996291206,2.038764714805186,0.8478260636329651
8s2p,224,224.5,225,224,0.016949152573943138,0.0,0.0,0.0,0.0,0.0,374,185,False,2.3502480183341627,1.2166621541326559,0.0
8s4s,120,121.5,120,123,0.0,0.0,0.0,0.0,0.0,0.0,258,128,False,2.0791812460476247,1.0255762612236905,0.0
8s5t,45,2187.0,4329,45,0.02631578966975212,0.0,0.0,0.0,0.0,0.0,336,93,False,1.6532125137753437,0.6689710394983761,0.0
8s6q,7166,7173.5,7181,7166,0.23255813121795654,0.47058823704719543,0.8604651093482971,1.0,0.03488372266292572,0.0,404,198,False,3.8552768038300917,2.7069442086993263,0.8255813866853714
8s6r,6980,7051.5,7123,6980,0.14473684132099152,0.40000003576278687,0.8157894611358643,1.0,0.1184210553765297,0.06666667014360428,443,221,False,3.843855422623161,2.671659285780606,0.6973684057593346
8s6s,1379,1379.0,1379,1379,0.0,0.0,0.0,0.0,0.0,0.0,346,173,True,3.13956426617585,2.020541214611452,0.0
8s71,1304,1306.5,1304,1309,0.0,0.0,0.0,0.0,0.0,0.0,346,172,False,3.1152775913959014,1.997513367942127,0.0
8s86,5265,5289.0,5265,5313,0.0,0.0,0.8524590134620667,1.0,0.13114753365516663,0.3333333432674408,785,392,False,3.721398375521505,2.424755342011277,0.7213114798069
8sbq,3989,3989.0,3989,3989,0.01799485832452774,0.025974025949835777,0.1156812310218811,0.051948051899671555,0.07455012947320938,0.15584415197372437,554,277,True,3.6008640363098396,2.379624151777615,0.04113110154867172
8se5,9164,9286.0,9164,9408,0.015384615398943424,0.07692307978868484,0.35384616255760193,0.1538461595773697,0.04615384712815285,0.0,239,119,False,3.96208508051736,2.9243115998210945,0.3076923154294491
8se6,8414,8521.0,8414,8628,0.0833333358168602,0.0833333358168602,0.75,0.8333333134651184,0.10000000149011612,0.0,242,121,False,3.9250025076809774,2.8836098225227524,0.6499999985098839
8siu,10,902.5,1795,10,0.10256410390138626,0.06666667014360428,0.9102563858032227,1.0,0.0,0.0,383,18,False,1.0,0.372363747448347,0.9102563858032227
8sm0,16,3434.0,6852,16,0.0,0.0,0.12244898080825806,0.0,0.0,0.0,529,129,False,1.2041199826559248,0.1488251275063003,0.12244898080825806
8smd,1550,1561.5,1550,1573,0.07339449226856232,0.11627906560897827,0.8761467933654785,1.0,0.20642201602458954,0.604651153087616,247,123,False,3.1903316981702914,2.1453791424505924,0.669724777340889
8snz,8618,8757.0,8896,8618,0.0,0.0,0.0,0.0,0.0,0.0,319,152,False,3.935406489752349,2.8444846957799625,0.0
8squ,2550,3262.0,3974,2550,0.0,0.0,0.8449612259864807,1.0,0.0,0.0,841,372,False,3.406540180433955,2.1212687104930064,0.8449612259864807
8srz,14,14.0,14,14,0.0,0.0,0.2777777910232544,0.4285714328289032,0.1111111119389534,0.2857142984867096,176,88,True,1.146128035678238,0.17388669960315364,0.166666679084301
8ss1,15,15.0,15,15,0.03846153989434242,0.0,0.3076923191547394,1.0,0.3076923191547394,1.0,189,91,False,1.1760912590556813,0.19657056289513444,0.0
8stb,12155,12191.0,12155,12227,0.0,0.0,0.0,0.0,0.0,0.0,428,213,False,4.084754963179354,2.9205651614599857,0.0
8sy2,2967,2999.5,3032,2967,0.0,0.0,0.0,0.0,0.0,0.0,396,198,False,3.472317546316842,2.3239849511860764,0.0
8sy3,3314,3437.5,3561,3314,0.0,0.0,0.0,0.0,0.0,0.0,409,200,False,3.520352504083318,2.3698375062513275,0.0
8syc,11653,11735.0,11653,11817,0.375,0.5,0.949999988079071,1.0,0.0,0.0,710,355,False,4.0664377464539925,2.791323569926445,0.949999988079071
8t19,2,1060.0,2118,2,0.027027027681469917,0.0,0.2432432472705841,0.1428571492433548,0.45945945382118225,1.0,94,8,False,0.3010299956639812,-0.15051499783199063,-0.21621620655059814
8t65,201,203.5,206,201,0.08474576473236084,0.27272728085517883,0.6101694703102112,1.0,0.37288135290145874,0.9090909361839294,308,153,False,2.303196057420489,1.2108503420116894,0.23728811740875244
8t66,204,205.0,206,204,0.06306306272745132,0.22727273404598236,0.13513512909412384,0.09090909361839294,0.07207207381725311,0.13636364042758942,311,155,False,2.3096301674258988,1.214464318340753,0.06306305527687073
8t87,3989,3989.0,3989,3989,0.017587939277291298,0.025316456332802773,0.11306532472372055,0.037974681705236435,0.07286432385444641,0.16455696523189545,554,277,True,3.6008640363098396,2.379624151777615,0.04020100086927414
8t88,3989,3989.0,3989,3989,0.0178571417927742,0.025641025975346565,0.11734694242477417,0.05128205195069313,0.07653061300516129,0.1794871836900711,554,277,True,3.6008640363098396,2.379624151777615,0.040816329419612885
8ta2,12371,12436.5,12502,12371,0.05050504952669144,0.05263157933950424,0.8282828330993652,1.0,0.05050504952669144,0.21052631735801697,926,460,False,4.092404806899008,2.761025891058221,0.7777777835726738
8tfw,3989,3989.0,3989,3989,0.015189873054623604,0.025316456332802773,0.12151898443698883,0.1139240488409996,0.07848101109266281,0.20253165066242218,554,277,True,3.6008640363098396,2.379624151777615,0.04303797334432602
8tfz,7509,7509.0,7509,7509,0.0,0.0,0.0,0.0,0.0,0.0,354,177,True,3.8755821043278855,2.7515954711469823,0.0
8tgg,3437,3501.0,3565,3437,0.0,0.0,0.0,0.0,0.0,0.0,758,375,False,3.536179532137225,2.2491638982733657,0.0
8tgh,3392,3511.5,3631,3392,0.0,0.0,0.0,0.0,0.0,0.0,767,383,False,3.5304558435846762,2.238856456600365,0.0
8tgi,3362,3451.5,3541,3362,0.0,0.0,0.0,0.0,0.0,0.0,767,382,False,3.526597709103452,2.235566027647598,0.0
8tgj,3367,3461.5,3556,3367,0.0,0.0,0.0,0.0,0.0,0.0,760,380,False,3.5272431163880884,2.237351318079684,0.0
8tgk,3378,3387.5,3378,3397,0.0,0.0,0.0,0.0,0.0,0.0,766,382,False,3.5286596452349897,2.2376279637791354,0.0
8tgl,3368,3465.0,3562,3368,0.0,0.0,0.0,0.0,0.0,0.0,760,379,False,3.527372082827612,2.2380524778435755,0.0
8tgm,3361,3361.0,3361,3361,0.0,0.0,0.0,0.0,0.0,0.0,768,384,True,3.5264685124694775,2.234302900285712,0.0
8tgn,3344,3446.5,3549,3344,0.0,0.0,0.0,0.0,0.0,0.0,761,377,False,3.524266268766979,2.236095593664082,0.0
8tj3,12717,14103.0,15489,12717,0.007042253389954567,0.0,0.5985915660858154,0.7857142686843872,0.10563380271196365,0.2142857164144516,833,341,False,4.1043846712878835,2.8380074817916348,0.4929577633738518
8tji,11568,11768.5,11969,11568,0.37280702590942383,0.6666666865348816,0.890350878238678,1.0,0.13596491515636444,0.1111111119389534,631,307,False,4.063258279950456,2.8196890922118625,0.7543859630823135
8tjk,11728,11907.0,11728,12086,0.3739130198955536,0.6739130616188049,0.8782608509063721,1.0,0.104347825050354,0.021739130839705467,629,308,False,4.069223957297052,2.8249485990468304,0.7739130258560181
8tk9,482,2080.0,3678,482,0.16393440961837769,0.3333333432674408,0.06557376682758331,0.0,0.0,0.0,260,56,False,2.6830470382388496,1.8089530247357493,0.06557376682758331
8tka,12,12.0,12,12,0.0,0.0,0.0,0.0,0.0,0.0,664,332,False,1.0791812460476249,-0.18138779580439335,0.0
8tl8,69,69.0,69,69,0.0,0.0,0.8913043737411499,1.0,0.0,0.0,669,334,False,1.8388490907372552,0.576975857331473,0.8913043737411499
8tlh,5265,5265.0,5265,5265,0.0,0.0,0.0,0.0,0.0,0.0,208,104,True,3.721398375521505,2.7128817058721153,0.0
8tlj,5265,5265.0,5265,5265,0.0,0.0,0.0,0.0,0.0,0.0,208,104,True,3.721398375521505,2.7128817058721153,0.0
8tlk,5364,5384.5,5364,5405,0.0,0.0,0.0,0.0,0.0,0.0,206,101,False,3.7294887691795613,2.72732808228824,0.0
8tm0,3049,7163.5,11278,3049,0.0,0.0,0.24193547666072845,0.0,0.08064515888690948,0.0,416,163,False,3.484157424365381,2.3780636221634017,0.16129031777381897
8tm2,2467,6872.5,11278,2467,0.0,0.0,0.30645161867141724,0.0833333358168602,0.04838709533214569,0.0,418,165,False,3.392169149489736,2.283427177382783,0.25806452333927155
8tn8,6,6.0,6,6,0.0,0.0,0.0,0.0,0.0,0.0,505,252,False,0.7781512503836436,-0.42254902000712846,0.0
8tpk,2618,2639.0,2660,2618,0.024539876729249954,0.015384615398943424,0.7269938588142395,1.0,0.24539877474308014,0.6461538672447205,645,319,False,3.417969642214737,2.1660743006861463,0.48159508407115936
8twq,102,107.0,112,102,0.007874015718698502,0.0,0.8897637724876404,1.0,0.14960630238056183,0.1599999964237213,540,268,False,2.0086001717619175,0.7945327747475232,0.7401574701070786
8twt,940,954.5,969,940,0.07228915393352509,0.125,0.9277108311653137,1.0,0.03614457696676254,0.0,472,233,False,2.9731278535996988,1.7894498930866893,0.8915662541985512
8tww,845,848.5,845,852,0.028985507786273956,0.0,0.9130434989929199,1.0,0.0,0.0,468,230,False,2.926856708949692,1.7459927909408959,0.9130434989929199
8txl,1926,1938.5,1951,1926,0.2352941334247589,0.4000000059604645,0.7745097875595093,1.0,0.29411765933036804,0.4000000059604645,551,275,False,3.2846562827885157,2.0649899358733843,0.48039212822914124
8tyx,418,807.5,418,1197,0.07692307978868484,0.1304347813129425,0.9059829115867615,1.0,0.017094017937779427,0.08695652335882187,244,82,False,2.621176281775035,1.664269355583177,0.888888893648982
8tyy,418,807.5,418,1197,0.08264462649822235,0.125,0.9173553586006165,1.0,0.024793388321995735,0.0833333358168602,244,82,False,2.621176281775035,1.664269355583177,0.8925619702786207
8u0g,207,209.0,207,211,0.008695651777088642,0.0,0.7739130258560181,1.0,0.0,0.0,445,219,False,2.315970345456918,1.1457482880368586,0.7739130258560181
8u1a,2,2.0,2,2,0.0,0.0,0.0,0.0,0.0,0.0,647,323,False,0.3010299956639812,-0.9535712655015702,0.0
8u48,1983,1983.0,1983,1983,0.0,0.0,0.0,0.0,0.0,0.0,522,261,True,3.2973227142053028,2.0890024605361623,0.0
8u7b,2200,2404.5,2200,2609,0.0,0.0,0.8823529481887817,1.0,0.0,0.0,931,424,False,3.342422680822206,2.0287397525258397,0.8823529481887817
8u8l,102,102.5,103,102,0.0,0.0,0.0,0.0,0.0,0.0,244,121,False,2.0086001717619175,0.9672074866036926,0.0
8u99,12176,12176.0,12176,12176,0.0,0.0,0.0,0.0,0.0,0.0,782,391,True,4.085504639426498,2.789416260728564,0.0
8uen,450,456.5,463,450,0.0,0.0,0.0,0.0,0.0,0.0,669,334,False,2.6532125137753435,1.3913392803695614,0.0
8ufn,13,13.0,13,13,0.0,0.0,0.49823322892189026,1.0,0.007067137863487005,0.0,536,267,False,1.1139433523068367,-0.09931227837545083,0.49116609105840325
8ufo,13,16.5,13,20,0.010169491171836853,0.016949152573943138,0.5186440944671631,0.9661017060279846,0.04406779631972313,0.08474576473236084,540,269,False,1.1139433523068367,-0.1009327876943673,0.47457629814743996
8ugm,3989,3989.0,3989,3989,0.0178571417927742,0.025641025975346565,0.1071428582072258,0.025641025975346565,0.06887754797935486,0.14102564752101898,554,277,True,3.6008640363098396,2.379624151777615,0.03826531022787094
8uix,3751,3870.0,3751,3989,0.02278481051325798,0.025316456332802773,0.060759492218494415,0.1139240488409996,0.12911392748355865,0.18987341225147247,556,277,False,3.574147064150723,2.3529071796184984,-0.06835443526506424
8ul9,4244,4244.0,4244,4244,0.0,0.0,0.8815789222717285,1.0,0.0,0.0,774,387,True,3.627775375229303,2.3339198927198472,0.8815789222717285
8un2,2812,2812.0,2812,2812,0.0,0.0,0.8148148059844971,1.0,0.012345679104328156,0.0625,866,433,True,3.4490153163477864,2.1307713681711036,0.8024691268801689
8upz,10166,10542.0,10918,10166,0.03125,0.0,0.296875,0.9166666865348816,0.0,0.0,784,391,False,4.0071501053666845,2.7110617266687513,0.296875
8uq0,10326,10622.0,10918,10326,0.0317460335791111,0.0,0.30158731341362,0.6666666865348816,0.0,0.0,786,393,False,4.013932120711204,2.7167358455234907,0.30158731341362
8uq1,10166,10542.0,10918,10166,0.03125,0.0,0.296875,0.9166666865348816,0.0,0.0,784,391,False,4.0071501053666845,2.7110617266687513,0.296875
8urp,4244,4244.0,4244,4244,0.0,0.0,0.8676470518112183,1.0,0.0,0.0,774,387,True,3.627775375229303,2.3339198927198472,0.8676470518112183
8urt,4244,4244.0,4244,4244,0.0,0.0,0.8529411554336548,1.0,0.0,0.0,774,387,True,3.627775375229303,2.3339198927198472,0.8529411554336548
8utk,2,2.0,2,2,0.18918919563293457,0.4285714626312256,0.2702702581882477,0.4285714328289032,0.2702702581882477,0.4285714328289032,110,55,True,0.3010299956639812,-0.5691513490831407,0.0
8uvw,11815,12157.0,11815,12499,0.05319148674607277,0.0555555559694767,0.563829779624939,1.0,0.010638297535479069,0.0,510,244,False,4.072433725968388,2.878738812799023,0.5531914820894599
8uwm,3989,3989.0,3989,3989,0.03201970458030701,0.04938271641731262,0.15763546526432037,0.07407407462596893,0.06403940916061401,0.16049382090568542,554,277,True,3.6008640363098396,2.379624151777615,0.09359605610370636
8uyf,1943,1962.5,1943,1982,0.008771929889917374,0.04545454680919647,0.0,0.0,0.0,0.0,799,399,False,3.2884728005997825,1.9879863527564083,0.0
8uyh,1712,1770.0,1828,1712,0.00909090880304575,0.04545454680919647,0.0,0.0,0.0,0.0,743,369,False,3.2335037603411343,1.9499905772616042,0.0
8uyi,1704,1766.5,1829,1704,0.011627906933426857,0.05882352963089943,0.0,0.0,0.0,0.0,734,367,False,3.2314695904306814,1.9491365583046367,0.0
8uyr,9456,9477.5,9499,9456,0.14743590354919434,0.32258063554763794,0.6987179517745972,1.0,0.01923076994717121,0.0,845,422,False,3.97570746353718,2.6630512380563434,0.679487181827426
8v08,4408,4472.5,4408,4537,0.0,0.0,0.9275362491607666,1.0,0.07246376574039459,0.07692307978868484,783,391,False,3.6442415858437287,2.348153207145795,0.855072483420372
8v14,12188,12188.0,12188,12188,0.0,0.0,0.7341772317886353,1.0,0.012658228166401386,0.0,334,167,True,4.085932445550636,2.9745742099768444,0.7215190036222339
8v2y,8273,8584.5,8896,8273,0.0,0.0,0.0,0.0,0.0,0.0,318,151,False,3.917663024327375,2.82817455068079,0.0
8v35,13468,13535.5,13468,13603,0.025974025949835777,0.016393441706895828,0.7402597665786743,0.9508196711540222,0.0,0.0,830,399,False,4.129303107716051,2.8288166598726767,0.7402597665786743
8v36,13057,13280.0,13503,13057,0.012820512987673283,0.016129031777381897,0.7211538553237915,0.9032257795333862,0.0032051282469183207,0.0,830,402,False,4.115843404112816,2.813730377570581,0.7179487270768732
8v37,12850,13021.5,13193,12850,0.012820512987673283,0.016129031777381897,0.7211538553237915,0.9193548560142517,0.0,0.0,833,405,False,4.108903127667313,2.8051756160599792,0.7211538553237915
8v4g,2551,2759.5,2968,2551,0.3670886158943176,0.6000000238418579,0.8734177350997925,1.0,0.1265822798013687,0.0,650,320,False,3.40671045860979,2.154135469449837,0.7468354552984238
8v4h,2360,2373.5,2360,2387,0.2857142984867096,0.5625,0.8690476417541504,1.0,0.02380952425301075,0.0,676,334,False,3.3729120029701067,2.1110387695643245,0.8452381175011396
8v53,13260,13415.5,13571,13260,0.02593659795820713,0.028985507786273956,0.8097983002662659,0.9710144996643066,0.008645533584058285,0.0,453,226,False,4.122543524068754,2.945489304495054,0.8011527666822076
8v6q,1219,1248.0,1219,1277,0.16326530277729034,0.1111111119389534,0.6734693646430969,1.0,0.08163265138864517,0.1111111119389534,421,207,False,3.0860037056183818,1.928018532889923,0.5918367132544518
8v6r,1217,1241.0,1217,1265,0.1538461595773697,0.10000000149011612,0.7115384340286255,1.0,0.01923076994717121,0.0,423,208,False,3.085290578230065,1.9262589107486843,0.6923076640814543
8v6s,972,978.5,972,985,0.11999999731779099,0.10000000149011612,0.6600000262260437,1.0,0.14000000059604645,0.10000000149011612,422,209,False,2.9876662649262746,1.8275931218707475,0.5200000256299973
8va9,5089,5111.5,5134,5089,0.0,0.0,0.0,0.0,0.0,0.0,427,213,False,3.7066324508732946,2.5424426491539256,0.0
8vag,5045,5067.0,5045,5089,0.0,0.0,0.0,0.0,0.0,0.0,428,214,False,3.7028611705729295,2.537654283898334,0.0
8vai,5045,5089.5,5045,5134,0.0,0.0,0.0,0.0,0.0,0.0,428,213,False,3.7028611705729295,2.5386713688535605,0.0
8vf5,13260,13415.5,13571,13260,0.02535211108624935,0.028169013559818268,0.8422535061836243,1.0,0.0,0.0,453,226,False,4.122543524068754,2.945489304495054,0.8422535061836243
8vgt,181,11481.0,181,22781,0.0,0.0,0.0,0.0,0.0,0.0,629,280,False,2.2576785748691846,1.0340995591980748,0.0
8vsq,732,732.0,732,732,0.15294118225574493,0.23529411852359772,0.8352941274642944,1.0,0.1411764770746231,0.11764705926179886,392,196,True,2.864511081058392,1.7183830453801539,0.6941176503896713
8vva,330,332.5,335,330,0.0,0.0,0.0,0.0,0.0,0.0,150,74,False,2.5185139398778875,1.5838980800123994,0.0
8vz6,6282,6282.0,6282,6282,0.008196720853447914,0.0416666679084301,0.8770492076873779,1.0,0.032786883413791656,0.0,594,297,True,3.798097932062486,2.56171970740388,0.8442623242735863
8w0k,10416,10507.5,10416,10599,0.0,0.0,0.0,0.0,0.0,0.0,763,380,False,4.017700971224117,2.7278091729157117,0.0
8w0r,3041,3041.0,3041,3041,0.05319148674607277,0.1666666716337204,0.9680851101875305,1.0,0.13829787075519562,0.1666666716337204,426,213,True,3.483016420144132,2.3188266184247635,0.8297872394323349
8w0s,3041,3041.0,3041,3041,0.05999999865889549,0.20000000298023224,0.9800000190734863,1.0,0.15000000596046448,0.15000000596046448,426,213,True,3.483016420144132,2.3188266184247635,0.8300000131130219
8w14,9597,9653.0,9597,9709,0.0,0.0,0.0,0.0,0.0,0.0,305,147,False,3.9821354948037695,2.8984768274296813,0.0
8w1q,146,154.5,163,146,0.095238097012043,0.380952388048172,0.9238095283508301,1.0,0.0,0.0,649,324,False,2.164352855784437,0.909080350681131,0.9238095283508301
8w2t,9567,9567.0,9567,9567,0.0,0.0,0.0,0.0,0.0,0.0,568,284,True,3.9807757739626215,2.754116603939103,0.0
8w33,658,659.0,658,660,0.07758620381355286,0.17391304671764374,0.06034482643008232,0.0,0.11206896603107452,0.260869562625885,288,140,False,2.8182258936139557,1.7451618757748364,-0.0517241396009922
8w3u,8673,8816.0,8673,8959,0.11250000447034836,0.0625,0.925000011920929,1.0,0.0,0.0,620,309,False,3.9381693463903202,2.693190106677903,0.925000011920929
8w6p,6445,6455.5,6466,6445,0.0,0.0,0.0,0.0,0.0,0.0,825,412,False,3.809222921689422,2.5017743136728545,0.0
8w9n,2388,2388.0,2388,2388,0.0,0.0,0.4436090290546417,0.9615384340286255,0.0,0.0,854,427,True,3.3780343224573315,2.0628203849448195,0.4436090290546417
8w9o,2388,2388.0,2388,2388,0.0,0.0,0.4330708682537079,0.9599999785423279,0.0,0.0,854,427,True,3.3780343224573315,2.0628203849448195,0.4330708682537079
8wab,4437,4558.0,4437,4679,0.06818182021379471,0.05882352963089943,0.1818181872367859,0.1764705926179886,0.15909090638160706,0.11764705926179886,354,176,False,3.647089428716555,2.52433309480948,0.022727280855178833
8wag,1717,1719.5,1717,1722,0.02884615585207939,0.05000000074505806,0.10576923191547394,0.20000000298023224,0.057692307978868484,0.20000000298023224,468,233,False,3.2347702951609163,2.051092334647907,0.048076923936605453
8wai,2612,2612.0,2612,2612,0.0324324332177639,0.027027027681469917,0.8486486673355103,1.0,0.0054054055362939835,0.0,554,277,True,3.4169731726030363,2.1957332880708123,0.8432432617992163
8wc0,4557,4584.5,4612,4557,0.0476190485060215,0.0,0.095238097012043,0.0,0.0,0.0,955,477,False,3.6586790285824486,2.319419839062392,0.095238097012043
8wcm,84,84.0,84,84,0.02380952425301075,0.0,0.0,0.0,0.0357142873108387,0.0,486,243,True,1.9242792860618816,0.7314761492627255,-0.0357142873108387
8wct,1205,1205.0,1205,1205,0.0,0.0,0.6136363744735718,0.8823529481887817,0.034090910106897354,0.0,428,214,True,3.080987046910887,1.9157801602362918,0.5795454643666744
8wex,6004,6191.5,6379,6004,0.01075268816202879,0.0,0.8494623899459839,1.0,0.0,0.0,768,380,False,3.7784406835712327,2.4885488852628277,0.8494623899459839
8whk,1825,2055.5,2286,1825,0.03999999910593033,0.0,0.7200000286102295,1.0,0.6399999856948853,1.0,275,50,False,3.2612628687924934,2.411777866624484,0.08000004291534424
8wjb,54,54.0,54,54,0.0,0.0,0.0,0.0,0.0,0.0,840,419,False,1.7323937598229686,0.4212867483398208,0.0
8woj,89,89.0,89,89,0.0,0.0,0.0,0.0,0.0,0.0,145,72,False,1.9493900066449128,1.0207237584292785,0.0
8wqp,2706,2706.0,2706,2706,0.0,0.0,0.0,0.0,0.0,0.0,466,233,True,3.4323277922616042,2.248649831748595,0.0
8wqq,3280,3280.0,3280,3280,0.0,0.0,0.875,1.0,0.04545454680919647,0.0,486,243,True,3.515873843711679,2.323070706912523,0.8295454531908035
8wt4,248,5470.5,248,10693,0.06741572916507721,0.1764705926179886,0.8539325594902039,1.0,0.0,0.0,289,134,False,2.3944516808262164,1.3308992816438123,0.8539325594902039
8wxd,6731,6731.0,6731,6731,0.0,0.0,0.0,0.0,0.0,0.0,838,419,True,3.828079590556746,2.5169725790735984,0.0
8wxs,2548,2571.5,2548,2595,0.0,0.0,0.375,0.625,0.15000000596046448,0.0,151,75,False,3.406199423663313,2.468668791967463,0.22499999403953552
8x1k,2612,2612.0,2612,2612,0.03208556026220322,0.027027027681469917,0.8502673506736755,1.0,0.005347593687474728,0.0,554,277,True,3.4169731726030363,2.1957332880708123,0.8449197569862008
8x39,3588,3884.5,3588,4181,0.0,0.0,0.04651162773370743,0.0,0.0,0.0,277,138,False,3.5548524343720542,2.484912891171436,0.04651162773370743
8x4n,82,82.5,83,82,0.0,0.0,0.0,0.0,0.0,0.0,218,99,False,1.9138138523837167,0.9159962550849418,0.0
8x5b,5514,5514.0,5514,5514,0.0625,0.0,0.8958333134651184,1.0,0.8125,1.0,786,393,True,3.741466761769755,2.4442704865820417,0.08333331346511841
8x6v,3227,3342.5,3458,3227,0.0,0.0,0.0,0.0,0.0,0.0,521,260,False,3.508798965403905,2.301312291418496,0.0
8x71,17808,17841.5,17808,17875,0.0634920671582222,0.0,0.8253968358039856,1.0,0.0634920671582222,0.0833333358168602,344,172,False,4.250615146990633,3.1328509235368585,0.7619047686457634
8x73,17808,17841.5,17808,17875,0.06557376682758331,0.0,0.8524590134620667,1.0,0.04918032884597778,0.0,344,172,False,4.250615146990633,3.1328509235368585,0.8032786846160889
8x8j,3188,3464.5,3188,3741,0.011976048350334167,0.0,0.011976048350334167,0.0,0.0,0.0,469,234,False,3.5035183127240748,2.318910384019003,0.011976048350334167
8x9c,252,258.5,265,252,0.0,0.0,0.8059701323509216,1.0,0.05970149114727974,0.1538461595773697,601,300,False,2.401400540781544,1.162839913421713,0.7462686412036419
8xat,14436,14438.5,14436,14441,0.0,0.0,0.0,0.0,0.0,0.0,377,187,False,4.15944687338747,3.02352607011922,0.0
8xbv,12666,12666.0,12666,12666,0.0,0.0,0.0,0.0,0.0,0.0,442,221,True,4.1026394836913,2.9304433468487447,0.0
8xc8,1488,1490.0,1488,1492,0.03947368264198303,0.0,0.0,0.0,0.0,0.0,458,224,False,3.17260293120986,1.9974789220427784,0.0
8xeo,8053,8098.0,8143,8053,0.0,0.0,0.23529411852359772,0.1666666716337204,0.0,0.0,199,99,False,3.905957699092427,2.908140101793652,0.23529411852359772
8xgl,139,139.5,140,139,0.13265305757522583,0.21052631735801697,0.8265306353569031,1.0,0.20408163964748383,0.42105263471603394,242,118,False,2.143014800254095,1.1070737966010324,0.6224489957094193
8xgq,1110,1632.0,1110,2154,0.0,0.0,0.0,0.0,0.0,0.0,757,354,False,3.0453229787866576,1.7708213477737635,0.0
8xgx,1733,1737.5,1733,1742,0.0714285746216774,0.0,0.02678571455180645,0.09090909361839294,0.0,0.0,421,210,False,3.238798562713917,2.0776889153469575,0.02678571455180645
8xh6,31,31.0,31,31,0.0,0.0,0.782608687877655,1.0,0.0,0.0,322,161,True,1.4913616938342726,0.3879487558183478,0.782608687877655
8xha,3183,3183.0,3183,3183,0.27547168731689453,0.30188679695129395,0.8188679218292236,1.0,0.04150943458080292,0.03773584961891174,802,401,True,3.502836638621003,2.201264452310912,0.7773584872484207
8xhd,3339,3339.0,3339,3339,0.26274511218070984,0.3333333432674408,0.8235294222831726,1.0,0.0,0.0,796,398,True,3.523616419054371,2.2236748830175266,0.8235294222831726
8xj4,7370,7447.0,7524,7370,0.04615384712815285,0.07692307978868484,0.20000000298023224,0.23076923191547394,0.0,0.0,693,346,False,3.8674674878590514,2.597929438462663,0.20000000298023224
8xjc,3287,3289.5,3287,3292,0.0,0.0,0.800000011920929,1.0,0.0,0.0,555,277,False,3.5167997040816243,2.2955598195494002,0.800000011920929
8xkd,1589,1641.5,1694,1589,0.04065040498971939,0.0416666679084301,0.3008130192756653,0.0833333358168602,0.0,0.0,421,209,False,3.2011238972073794,2.0410507541518523,0.3008130192756653
8xlz,1673,1674.5,1676,1673,0.054054055362939835,0.0,0.027027027681469917,0.0,0.0,0.0,425,211,False,3.2234959409623944,2.0613547133135484,0.027027027681469917
8xoc,1676,1676.0,1676,1676,0.0535714328289032,0.0,0.0,0.0,0.0,0.0,428,214,True,3.2242740142942576,2.059067127619662,0.0
8xoq,8058,8186.5,8315,8058,0.0,0.0,0.0,0.0,0.0,0.0,470,231,False,3.906227263052359,2.724421273106287,0.0
8xtb,14940,14940.0,14940,14940,0.013888888992369175,0.0,0.7777777910232544,0.6428571343421936,0.0,0.0,876,438,True,4.17435059747938,2.8536135422273303,0.7777777910232544
8xtc,14469,14547.0,14625,14469,0.014084506779909134,0.0,0.8028169274330139,0.8571428656578064,0.0,0.0,877,437,False,4.160438516641545,2.840197798156334,0.8028169274330139
8y2z,68,129.5,191,68,0.0,0.0,0.7777777910232544,1.0,0.0,0.0,577,280,False,1.8325089127062364,0.6089298970351268,0.7777777910232544
8y77,7658,8144.5,7658,8631,0.4333333671092987,0.6666666865348816,0.9666666388511658,1.0,0.0,0.0,137,66,False,3.8841153620116686,2.9743433942407345,0.9666666388511658
8y7p,1489,1579.5,1489,1670,0.01315789483487606,0.0,0.6447368264198303,0.7333333492279053,0.1184210553765297,0.3333333432674408,697,346,False,3.1728946977521764,1.9033566483557878,0.5263157710433006
8ybf,123,123.0,123,123,0.0,0.0,0.4421052634716034,1.0,0.021052632480859756,0.0,841,420,False,2.089905111439398,0.7782804662404478,0.42105263099074364
8ydl,176,176.0,176,176,0.0,0.0,0.0,0.0,0.0,0.0,892,446,True,2.24551266781415,0.920845238458079,0.0
8yex,5308,5308.0,5308,5308,0.05454545468091965,0.0,0.9272727370262146,1.0,0.7636363506317139,1.0,784,392,True,3.724930914192398,2.428287880682169,0.16363638639450073
8yey,5171,5171.0,5171,5171,0.0,0.0,0.12820513546466827,0.1428571492433548,0.025641025975346565,0.0,294,147,True,3.71357453777207,2.6299158703979817,0.10256410948932171
8yf4,5294,5294.0,5294,5294,0.09090908616781235,0.0,0.9636363387107849,1.0,0.800000011920929,1.0,786,393,True,3.7237839369653294,2.426587661777616,0.16363632678985596
8yfd,5305,5305.0,5305,5305,0.09259259700775146,0.0,0.9444444179534912,1.0,0.7407407164573669,1.0,792,396,True,3.7246853882373596,2.425837795274603,0.20370370149612427
8yfx,5305,5305.0,5305,5305,0.09090908616781235,0.0,0.9454545378684998,1.0,0.7636363506317139,1.0,792,396,True,3.7246853882373596,2.425837795274603,0.1818181872367859
8yhg,71,83.0,95,71,0.46052631735801697,0.8000000715255737,0.9210526347160339,1.0,0.18421052396297455,0.6666666865348816,267,133,False,1.8512583487190752,0.7893325282355323,0.7368421107530594
8yhm,94,94.0,94,94,0.47457626461982727,0.9090909361839294,0.7118644118309021,0.9090909361839294,0.2542372941970825,0.8181818127632141,264,132,True,1.9731278535996986,0.9128408879967738,0.4576271176338196
8yht,2,2132.5,4263,2,0.0,0.0,0.8484848737716675,1.0,0.8181818127632141,1.0,703,40,False,0.3010299956639812,-0.5,0.03030306100845337
8yhu,2,2132.5,4263,2,0.035087719559669495,0.09090909361839294,0.8070175647735596,1.0,0.7543859481811523,1.0,719,56,False,0.3010299956639812,-0.573064017839119,0.05263161659240723
8yja,1277,1300.0,1277,1323,0.0,0.0,0.0,0.0,0.14705882966518402,0.3333333432674408,338,168,False,3.1061908972634154,1.9935362564004837,-0.14705882966518402
8yjp,2021,2021.0,2021,2021,0.05494505539536476,0.0555555559694767,0.5769230723381042,0.9722222089767456,0.36263737082481384,0.75,596,298,True,3.305566313515304,2.0684581814771765,0.2142857015132904
8yjy,2367,2519.0,2671,2367,0.009999999776482582,0.0,0.7200000286102295,1.0,0.0,0.0,530,157,False,3.374198257929083,2.276248431724466,0.7200000286102295
8yl4,2,2.0,2,2,0.0,0.0,0.0,0.0,0.0,0.0,405,198,False,0.3010299956639812,-0.8473025994667843,0.0
8yla,282,285.5,282,289,0.0,0.0,0.0,0.0,0.0,0.0,651,323,False,2.450249108319361,1.1956478471538097,0.0
8ylh,10336,10392.5,10449,10336,0.4874371886253357,0.7948718070983887,0.8341708779335022,1.0,0.2512562870979309,0.9230769276618958,321,160,False,4.014352500651009,2.9122925093230463,0.5829145908355713
8yli,10348,10398.5,10449,10348,0.5287356376647949,0.7647058963775635,0.9195402264595032,1.0,0.270114928483963,0.9411764740943909,323,161,False,4.014856420044506,2.911443482028581,0.6494252979755402
8ymk,687,687.0,687,687,0.009345794096589088,0.0,0.28037384152412415,0.4285714328289032,0.037383176386356354,0.0,452,226,True,2.8369567370595505,1.65990251748585,0.2429906651377678
8ynx,16,72.0,16,128,0.014084506779909134,0.0476190485060215,0.07042253762483597,0.0714285746216774,0.14553990960121155,0.2142857164144516,249,88,False,1.2041199826559248,0.23187864658084043,-0.07511737197637558
8yo6,126,126.0,126,126,0.06060606241226196,0.0,0.27272728085517883,0.1666666716337204,0.03030303120613098,0.1666666716337204,164,82,True,2.100370545117563,1.1434636189257046,0.24242424964904785
8yo9,7852,7852.0,7852,7852,0.0,0.0,0.5769230723381042,0.800000011920929,0.03846153989434242,0.0,842,421,True,3.8949802909279687,2.5828392430101346,0.5384615324437618
8you,829,837.0,829,845,0.07692307978868484,0.1538461595773697,0.7846153974533081,1.0,0.0,0.0,937,466,False,2.9185545305502734,1.5843615722052735,0.7846153974533081
8yoy,182,11257.5,182,22333,0.0,0.0,0.0,0.0,0.0,0.0,653,289,False,2.2600713879850747,1.0296224666068008,0.0
8yoz,12961,12986.5,13012,12961,0.0,0.0,0.6067415475845337,1.0,0.8314606547355652,1.0,155,76,False,4.112638510618493,3.1722317144780967,-0.2247191071510315
8ypj,2520,2534.0,2520,2548,0.7416667342185974,1.0,0.949999988079071,1.0,0.949999988079071,1.0,100,50,False,3.401400540781544,2.551915538613535,0.0
8yqg,34,35.0,36,34,0.0,0.0,0.0,0.0,0.0,0.0,311,154,False,1.5314789170422551,0.4377185566240236,0.0
8yqq,761,11547.0,761,22333,0.0,0.0,0.0,0.0,0.0,0.0,649,285,False,2.8813846567705728,1.6539622267663177,0.0
8yri,6652,6652.0,6652,6652,0.0,0.0,0.1538461595773697,0.0,0.0,0.0,288,144,True,3.8229522405474814,2.7437709944998567,0.1538461595773697
8yrl,1103,1103.0,1103,1103,0.0,0.0,0.7748344540596008,1.0,0.0066225165501236916,0.0,918,459,True,3.0425755124401905,1.71166916967156,0.7682119375094771
8ysp,7423,7634.0,7423,7845,0.23030301928520203,0.3030303120613098,0.8545454740524292,1.0,0.012121211737394333,0.03030303120613098,731,363,False,3.8705794605526846,2.5906261480346284,0.8424242623150349
8yst,7066,7111.5,7066,7157,0.23636363446712494,0.3636363744735718,0.8484848737716675,1.0,0.0,0.0,744,371,False,3.8491736330988267,2.5644866782913036,0.8484848737716675
8yt0,7228,7235.0,7242,7228,0.2405063360929489,0.32258063554763794,0.8291139006614685,1.0,0.0,0.0,735,367,False,3.8590181438888944,2.5766851117628495,0.8291139006614685
8ytc,10878,10878.0,10878,10878,0.0,0.0,0.0,0.0,0.0,0.0,332,166,True,4.036549054479153,2.9264950104591247,0.0
8ytr,4517,4551.5,4586,4517,0.0,0.0,0.0,0.0,0.0,0.0,253,126,False,3.654850090561394,2.604664818002613,0.0
8yu5,867,879.0,867,891,0.08673468977212906,0.1538461595773697,0.7857142686843872,1.0,0.0,0.0,936,465,False,2.9380190974762104,1.6042926210312334,0.7857142686843872
8yu6,867,874.0,867,881,0.08585858345031738,0.1538461595773697,0.7575757503509521,1.0,0.0,0.0,937,466,False,2.9380190974762104,1.6038261391312103,0.7575757503509521
8yuf,6697,6766.5,6697,6836,0.3333333432674408,0.75,0.9012345671653748,1.0,0.0,0.0,267,133,False,3.8258802989361795,2.7639544784526366,0.9012345671653748
8yv4,759,759.0,759,759,0.10769230872392654,0.0,0.892307698726654,1.0,0.03076923079788685,0.0,342,171,True,2.88024177589548,1.7637437206994035,0.8615384679287672
8yv5,767,773.5,767,780,0.04477611929178238,0.0,0.35820895433425903,0.38461539149284363,0.02985074557363987,0.0,345,172,False,2.8847953639489807,1.7670311404952066,0.32835820876061916
8yw7,7137,7185.0,7137,7233,0.24550899863243103,0.3636363744735718,0.85628741979599,1.0,0.011976048350334167,0.0,738,366,False,3.853515696756929,2.5717751540597233,0.8443113714456558
8z0c,3971,3971.0,3971,3971,0.47191011905670166,0.9411764740943909,0.8314606547355652,1.0,0.16853933036327362,0.0,372,186,True,3.598899887063883,2.4641434149549246,0.6629213243722916
8z1i,1096,1173.0,1096,1250,0.0,0.0,0.0,0.0,0.11999999731779099,0.0,545,271,False,3.0398105541483504,1.8233259087111475,-0.11999999731779099
8z4f,42,43.5,42,45,0.0,0.0,0.0,0.0,0.0,0.0,522,222,False,1.6232492903979006,0.45007280317258114,0.0
8z4i,62,64.5,67,62,0.1147540956735611,0.25,0.688524603843689,0.9166666865348816,0.5409836173057556,0.5833333134651184,772,385,False,1.792391689498254,0.49966132474400354,0.14754098653793335
8z6d,6578,6903.5,7229,6578,0.3400000035762787,0.5333333611488342,0.7666666507720947,1.0,0.1133333370089531,0.1666666716337204,356,178,False,3.8180938691466357,2.692883867992189,0.6533333137631416
8z6e,4977,5179.0,5381,4977,0.4124999940395355,0.71875,0.9312499761581421,1.0,0.0,0.0,355,173,False,3.696967640744023,2.5779445891796255,0.9312499761581421
8z8y,2195,2402.0,2609,2195,0.0,0.0,0.6415929198265076,0.9777777791023254,0.008849557489156723,0.0,953,446,False,3.34143452457814,2.016767095222069,0.6327433623373508
8z96,2285,2511.0,2737,2285,0.006097560748457909,0.0,0.8658536672592163,1.0,0.0,0.0,893,419,False,3.358886204405869,2.047779192922721,0.8658536672592163
8za5,2119,2130.0,2119,2141,0.5714285969734192,0.8214285969734192,0.8642857074737549,1.0,0.7714285850524902,1.0,275,137,False,3.3261309567107946,2.2577706731325913,0.09285712242126465
8za7,1357,5910.5,10464,1357,0.0,0.0,0.18518517911434174,0.190476194024086,0.0,0.0,512,180,False,3.132579847659737,2.004943595108084,0.18518517911434174
8zac,304,304.5,305,304,0.0,0.0,0.7245509028434753,1.0,0.0,0.0,708,349,False,2.482873583608754,1.2114608701291638,0.7245509028434753
8zae,304,304.0,304,304,0.007407407276332378,0.0,0.6888889074325562,1.0,0.0,0.0,669,331,False,2.482873583608754,1.2229595867208942,0.6888889074325562
8zb2,15438,15910.5,16383,15438,0.0,0.0,0.6625000238418579,1.0,0.0,0.0,975,487,False,4.18859103659399,2.844826555986673,0.6625000238418579
8zb4,12962,12992.5,13023,12962,0.2181818187236786,0.4848484992980957,0.842424213886261,0.939393937587738,0.0,0.0,594,294,False,4.1126720171171325,2.8784983519110536,0.842424213886261
8zb5,12982,13018.5,13055,12982,0.08421052992343903,0.15789473056793213,0.08947368711233139,0.05263157933950424,0.015789473429322243,0.02631578966975212,592,294,False,4.113341604795105,2.8791679395890264,0.07368421368300915
8zc8,14737,14893.5,15050,14737,0.023255813866853714,0.125,0.8139534592628479,1.0,0.0,0.0,552,274,False,4.168409083519626,2.949533802109432,0.8139534592628479
8ze4,60,125.5,191,60,0.0,0.0,0.7735849022865295,1.0,0.0,0.0,563,266,False,1.7781512503836436,0.5657104320681101,0.7735849022865295
8zgb,10524,10524.0,10524,10524,0.01785714365541935,0.0,0.2678571343421936,0.1818181872367859,0.1428571492433548,0.09090909361839294,136,68,True,4.022180839413665,3.105926383060547,0.1249999850988388
8zgi,937,937.0,937,937,0.0,0.0,0.0,0.0,0.0,0.0,782,391,True,2.971739590887778,1.6756512121898448,0.0
8zht,2520,3368.0,2520,4216,0.0,0.0,0.9090909361839294,1.0,0.0,0.0,836,173,False,3.401400540781544,2.2823774892171462,0.9090909361839294
8zhu,1933,2183.5,1933,2434,0.0,0.0,0.5675675868988037,1.0,0.0,0.0,571,284,False,3.286231854028553,2.059572684005034,0.5675675868988037
8zhv,2553,2598.0,2643,2553,0.0,0.0,0.5111111402511597,0.7222222089767456,0.0,0.0,575,286,False,3.40705081480425,2.178867798239729,0.5111111402511597
8zlc,1623,1636.5,1623,1650,0.0,0.0,0.0,0.0,0.0,0.0,270,134,False,3.210318519826232,2.146766120643828,0.0
8zlf,7351,7608.0,7865,7351,0.0,0.0,0.0,0.0,0.0,0.0,396,193,False,3.8663464227496016,2.7235677682457147,0.0
8zlh,313,313.0,313,313,0.016949152573943138,0.0,0.0,0.0,0.0,0.0,260,130,True,2.4955443375464483,1.43857266139303,0.0
8znj,10,30.0,50,10,0.0,0.0,0.09876543283462524,0.0625,0.0,0.0,681,237,False,1.0,-0.18737417300505196,0.09876543283462524
8zo3,8110,8110.0,8110,8110,0.0,0.0,0.0,0.0,0.0,0.0,612,306,True,3.909020854211156,2.666160140970366,0.0
8zoj,7651,7726.0,7651,7801,0.0,0.0,0.0,0.0,0.0,0.0,795,397,False,3.88371820196396,2.584322948582402,0.0
8zpo,8110,8110.0,8110,8110,0.0,0.0,0.0,0.0,0.0,0.0,612,306,True,3.909020854211156,2.666160140970366,0.0
8zro,11421,11454.5,11488,11421,0.0,0.0,0.015625,0.0,0.0,0.0,619,308,False,4.057704131534029,2.8134287732838077,0.015625
8ztp,7037,7154.0,7271,7037,0.339350163936615,0.5636363625526428,0.8231046795845032,1.0,0.0,0.0,782,387,False,3.8473875510273956,2.55353206851794,0.8231046795845032
8zvg,939,948.5,958,939,0.10975609719753265,0.125,0.9146341681480408,1.0,0.0,0.0,468,234,False,2.972665592266111,1.7880576635610395,0.9146341681480408
8zvh,958,964.0,958,970,0.09756097197532654,0.125,0.8780487775802612,1.0,0.0,0.0,467,232,False,2.9813655090785445,1.7986215166330946,0.8780487775802612
9a3v,5461,7290.5,9120,5461,0.0,0.0,0.0,0.0,0.0,0.0,867,180,False,3.7372721765355434,2.60963592398389,0.0
9a3x,2393,5756.5,9120,2393,0.0,0.0,0.0,0.0,0.0,0.0,777,90,False,3.378942698613437,2.401821443893775,0.0
9a3y,1569,5344.5,9120,1569,0.0,0.0,0.0,0.0,0.0,0.0,827,140,False,3.1956229435869368,2.1225589257478177,0.0
9a3z,8903,9011.5,9120,8903,0.0,0.0,0.0,0.0,0.0,0.0,984,297,False,3.9495363733761426,2.7131581487175365,0.0
9a4k,15285,16890.5,18496,15285,0.06730769574642181,0.1463414579629898,0.9134615659713745,1.0,0.03365384787321091,0.12195122241973877,615,290,False,4.184265443062108,2.9530664441126295,0.8798077180981636
9a4p,181,1910.0,3639,181,0.0,0.0,0.09259258955717087,0.0,0.0,0.0,515,106,False,2.2576785748691846,1.2450256422367993,0.09259258955717087
9a4q,3006,8120.5,13235,3006,0.0,0.0,0.824999988079071,0.875,0.0,0.0,466,95,False,3.4779889762508893,2.4891271736064655,0.824999988079071
9a4t,9015,16352.0,9015,23689,0.0,0.0,0.04545454680919647,0.0,0.0,0.0,648,181,False,3.954965731058421,2.8261264436238287,0.04545454680919647
9a4u,12011,13699.5,15388,12011,0.0,0.0,0.3125,0.3333333432674408,0.0,0.0,848,321,False,4.079579166970131,2.8263266507676947,0.3125
9a4z,802,6823.5,802,12845,0.0,0.0,0.0,0.0,0.0,0.0,623,180,False,2.9041743682841634,1.7765381157325104,0.0
9a59,7157,7847.5,7157,8538,0.0,0.0,0.20000000298023224,0.4000000059604645,0.07999999821186066,0.0,742,274,False,3.8547310172139424,2.6358557358037484,0.12000000476837158
9a5c,4834,10213.0,15592,4834,0.0,0.0,0.0,0.0,0.0,0.0,787,232,False,3.6843066460716316,2.501562653626182,0.0
9a5e,8536,12544.5,16553,8536,0.0,0.0,0.06666667014360428,0.2222222238779068,0.0,0.0,481,67,False,3.9312544064164134,3.0182170050660004,0.06666667014360428
9a5f,802,5459.0,10116,802,0.0,0.0,0.1428571492433548,0.1428571492433548,0.0,0.0,485,180,False,2.9041743682841634,1.7765381157325104,0.1428571492433548
9a5k,11607,15467.5,11607,19328,0.005988024175167084,0.0,0.916167676448822,1.0,0.011976048350334167,0.0,839,253,False,4.064719984440908,2.8631597238529984,0.9041916280984879
9a5m,549,3130.0,549,5711,0.0,0.0,0.0,0.0,0.0,0.0,808,343,False,2.739572344450092,1.4719252844287065,0.0
9a5n,17912,19088.0,20264,17912,0.0,0.0,0.3076923191547394,1.0,0.0,0.0,767,325,False,4.253144080570974,2.9972024000815365,0.3076923191547394
9a5s,8049,8552.0,9055,8049,0.0,0.0,0.03846153989434242,0.0,0.0,0.0,437,82,False,3.9057419273916016,2.9488350011997433,0.03846153989434242
9a5t,14476,15170.0,15864,14476,0.0,0.0,0.013888888992369175,0.0,0.0,0.0,670,333,False,4.160648574436162,2.899426457683002,0.013888888992369175
9a5w,802,4670.0,8538,802,0.0,0.0,0.125,0.0,0.0,0.0,454,180,False,2.9041743682841634,1.7765381157325104,0.125
9a5x,22566,23604.5,24643,22566,0.0,0.0,0.0,0.0,0.0,0.0,617,197,False,4.353454583806043,3.206221470725246,0.0
9a5y,1075,8333.5,15592,1075,0.0,0.0,0.3333333432674408,0.4000000059604645,0.0,0.0,764,209,False,3.031408464251624,1.871335321196097,0.3333333432674408
9a5z,726,2806.5,726,4887,0.0,0.0,0.4883720874786377,0.875,0.0,0.0,451,161,False,2.8609366207000937,1.757523682684169,0.4883720874786377
9a60,6538,10911.5,6538,15285,0.0,0.0,0.0,0.0,0.0,0.0,443,118,False,3.81544491624435,2.7795039125912875,0.0
9a64,1643,10485.5,1643,19328,0.0,0.0,0.6229507923126221,1.0,0.0,0.0,747,161,False,3.215637563435062,2.112224625419137,0.6229507923126221
9a66,22566,25812.5,29059,22566,0.0,0.0,0.20000000298023224,0.0,0.0,0.0,1007,197,False,4.353454583806043,3.206221470725246,0.20000000298023224
9a6l,13758,15382.0,13758,17006,0.07692307978868484,0.2222222238779068,0.8956043720245361,1.0,0.0,0.0,717,238,False,4.138555305113583,2.9502668265853265,0.8956043720245361
9a6r,10945,13268.5,15592,10945,0.0,0.0,0.4285714328289032,0.0,0.0,0.0,754,199,False,4.0392157659039505,2.8897892276990973,0.4285714328289032
9a6s,3006,11635.0,20264,3006,0.032258063554763794,0.0,0.8064516186714172,1.0,0.0,0.0,420,95,False,3.4779889762508893,2.4891271736064655,0.8064516186714172
9a6v,510,4906.0,9302,510,0.0,0.0,0.29629629850387573,0.6000000238418579,0.0,0.0,379,85,False,2.7075701760979363,1.7428607132407898,0.29629629850387573
9a70,13235,16749.5,13235,20264,0.0,0.0,0.8333333134651184,1.0,0.008771929889917374,0.0,696,325,False,4.121723945637367,2.8657822651479297,0.824561383575201
9a72,8203,10452.0,12701,8203,0.0,0.0,1.0,1.0,0.0,0.0,442,156,False,3.9139727115509713,2.8174104123737402,1.0
9a73,12599,15287.5,17976,12599,0.07544378936290741,0.17037037014961243,0.918639063835144,1.0,0.0872781053185463,0.05925925821065903,936,448,False,4.100336075933696,2.774697068934624,0.8313609585165977
9a77,15627,17814.0,20001,15627,0.0,0.0,0.8961039185523987,1.0,0.0,0.0,677,201,False,4.193875612152359,3.042277583442115,0.8961039185523987
9a7d,10338,13487.0,16636,10338,0.0,0.0,0.6916666626930237,0.7916666865348816,0.0,0.0,815,297,False,4.0144365278316725,2.778058303173066,0.6916666626930237
9a7e,2647,15853.0,29059,2647,0.0,0.0,0.9111111164093018,1.0,0.25555557012557983,1.0,989,179,False,3.422753941301348,2.2963274258114015,0.6555555462837219
9a7g,13235,15573.5,13235,17912,0.019999999552965164,0.0,0.8600000143051147,0.8999999761581421,0.0,0.0,813,371,False,4.121723945637367,2.837036990829844,0.8600000143051147
9a7k,12193,14469.0,16745,12193,0.0,0.0,0.8846153616905212,1.0,0.0,0.0,902,437,False,4.08611057380132,2.7658698553161085,0.8846153616905212
9a7q,8538,11995.5,8538,15453,0.0,0.0,0.0,0.0,0.0,0.0,801,274,False,3.931356150467928,2.712480869057734,0.0
9a7v,13121,14356.5,13121,15592,0.0,0.0,0.4000000059604645,1.0,0.0,0.0,644,89,False,4.117966935491767,3.1432719321693106,0.4000000059604645
9a7y,3282,3534.5,3282,3787,0.08982036262750626,0.09090909361839294,0.9281437397003174,1.0,0.10778442770242691,0.12121212482452393,854,426,False,3.5161385767170743,2.201433777165715,0.8203593119978905
9ar1,8651,8712.5,8774,8651,0.1139240562915802,0.06666667014360428,0.9367088675498962,1.0,0.0,0.0,618,309,False,3.937066312017428,2.6920870723050108,0.9367088675498962
9ard,111,111.0,111,111,0.0,0.0,0.0,0.0,0.0,0.0,264,132,True,2.0453229787866576,0.9850360131837326,0.0
9av4,11219,11785.0,12351,11219,0.6754966974258423,0.9666666984558105,0.8807947039604187,1.0,0.49668875336647034,0.7333333492279053,503,245,False,4.049954148022047,2.85537110583978,0.38410595059394836
9av8,11499,12179.5,12860,11499,0.5526315569877625,0.9333333969116211,0.8552631735801697,1.0,0.1315789520740509,0.06666667014360428,515,244,False,4.060660073974015,2.86696516080465,0.7236842215061188
9avb,2801,2845.0,2801,2889,0.019607843831181526,0.0,0.019607843831181526,0.10000000149011612,0.13725490868091583,0.0,244,120,False,3.4473131088235682,2.4077224857997557,-0.1176470648497343
9avc,3204,3207.0,3210,3204,0.0,0.0,0.0,0.0,0.0,0.0,195,97,False,3.5056925074122,2.5123066402790775,0.0
9axg,6364,6372.0,6380,6364,0.0,0.0,0.016949152573943138,0.0,0.033898305147886276,0.0,159,78,False,3.8037301709745437,2.8576828696293037,-0.016949152573943138
9b2g,13000,13020.0,13040,13000,0.49450549483299255,0.9166666865348816,0.9230769276618958,1.0,0.12087912112474442,0.2222222238779068,597,298,False,4.113943352306837,2.8768352202687093,0.8021978065371513
9b2u,2,1849.5,2,3697,0.0,0.0,0.05882352963089943,0.0,0.1764705926179886,0.3333333432674408,333,4,False,0.3010299956639812,0.0,-0.11764706298708916
9b4e,2827,2827.0,2827,2827,0.013245033100247383,0.0,0.9072847962379456,1.0,0.0,0.0,778,389,True,3.4513258084895195,2.156351007826666,0.9072847962379456
9b4f,2835,2835.0,2835,2835,0.016260161995887756,0.0,0.8130081295967102,1.0,0.0731707289814949,0.0833333358168602,670,335,True,3.452553063228925,2.190030659710503,0.7398374006152153
9b4g,2860,2860.0,2860,2860,0.013245033100247383,0.0,0.9072847962379456,1.0,0.14569535851478577,0.2666666805744171,776,388,True,3.456366033129043,2.1619501703319393,0.7615894377231598
9b4u,1338,1338.0,1338,1338,0.0,0.0,0.0,0.0,0.0,0.0,284,142,True,3.1264561134318045,2.050311941240276,0.0
9b7a,17824,17824.0,17824,17824,0.10447760671377182,0.0,0.8656716346740723,1.0,0.0746268630027771,0.0,336,168,True,4.251005173493635,3.1383505326307035,0.7910447716712952
9b7y,6353,6353.0,6353,6353,0.0,0.0,0.7627118825912476,1.0,0.0,0.0,770,385,True,3.8029788553352617,2.5102484905810116,0.7627118825912476
9b9n,146,146.0,146,146,0.09433962404727936,0.380952388048172,0.9339622855186462,1.0,0.0,0.0,650,325,True,2.164352855784437,0.9084111752949999,0.9339622855186462
9b9o,147,148.0,149,147,0.09345793724060059,0.380952388048172,0.9252336621284485,1.0,0.0,0.0,653,326,False,2.167317334748176,0.9107085347142067,0.9252336621284485
9bd4,2462,2546.5,2462,2631,0.2142857164144516,0.3571428656578064,0.9571428298950195,1.0,0.3571428656578064,0.5,479,239,False,3.3912880485952974,2.2020890981212284,0.5999999642372131
9bfr,126,126.0,126,126,0.0,0.0,0.0,0.0,0.0,0.0,766,383,True,2.100370545117563,0.8087711581332516,0.0
9bgl,700,1657.0,2614,700,0.0,0.0,0.05714285746216774,0.0,0.0,0.0,264,51,False,2.845098040014257,1.9913129519652886,0.05714285746216774
9biy,508,836.5,508,1165,0.0,0.0,0.807692289352417,1.0,0.2884615361690521,0.4000000059604645,343,84,False,2.7058637122839193,1.7437240692529785,0.5192307531833649
9blq,1603,1966.5,1603,2330,0.0,0.0,0.0,0.0,0.0,0.0,402,195,False,3.204933522354145,2.0599162166728857,0.0
9bou,6012,6358.0,6012,6704,0.0260416679084301,0.0,0.875,1.0,0.0,0.0,577,284,False,3.7790189719148706,2.5523598018913516,0.875
9bur,314,1655.0,2996,314,0.0,0.0,0.3219178020954132,0.8620689511299133,0.0,0.0,705,42,False,2.496929648073215,1.6853050028742647,0.3219178020954132
9bux,300,1663.5,3027,300,0.0,0.0,0.3207547068595886,0.1428571492433548,0.009433962404727936,0.0,699,35,False,2.4771212547196626,1.7050872325445245,0.3113207444548607
9bvk,2671,2855.5,3040,2671,0.0,0.0,0.550561785697937,1.0,0.0,0.0,726,33,False,3.426673888021373,2.667416918082429,0.550561785697937
9bvl,2643,2841.5,3040,2643,0.0,0.0,0.5632184147834778,1.0,0.0,0.0,724,31,False,3.4220971631317103,2.676416316214574,0.5632184147834778
9bvm,3040,3121.5,3040,3203,0.0,0.0,0.5384615659713745,1.0,0.0,0.0,728,35,False,3.482873583608754,2.710839561433616,0.5384615659713745
9bvp,190,1615.0,3040,190,0.0,0.0,0.46315789222717285,1.0,0.06315789371728897,0.0,728,35,False,2.278753600952829,1.5067195787776912,0.3999999985098839
9bvq,138,1901.0,3664,138,0.0,0.0,0.46236559748649597,1.0,0.04301075264811516,0.0555555559694767,700,35,False,2.1398790864012365,1.3678450642260986,0.4193548448383808
9bvr,3040,3564.5,3040,4089,0.0,0.0,0.49038460850715637,1.0,0.028846153989434242,0.0,754,61,False,3.482873583608754,2.5902086661033703,0.46153845451772213
9bwf,7044,7124.0,7044,7204,0.6369863152503967,0.9655172228813171,0.8904109597206116,1.0,0.1164383590221405,0.37931033968925476,235,117,False,3.847819347295239,2.8137264164221585,0.7739726006984711
9bwh,7044,7044.0,7044,7044,0.5999999642372131,0.9629629850387573,0.9185185432434082,1.0,0.1259259283542633,0.40740740299224854,234,117,True,3.847819347295239,2.8137264164221585,0.7925926148891449
9bwi,6929,6952.5,6929,6976,0.6764705777168274,0.9629629850387573,0.8088235259056091,1.0,0.125,0.37037035822868347,236,117,False,3.840670561333409,2.8065776304603283,0.6838235259056091
9bxl,3300,3354.0,3300,3408,0.0,0.0,0.0,0.0,0.0,0.0,489,244,False,3.5185139398778875,2.3248190267085227,0.0
9bxm,3300,3356.0,3412,3300,0.0,0.0,0.0,0.0,0.0,0.0,487,242,False,3.5185139398778875,2.326606256887672,0.0
9bxn,3300,3316.0,3332,3300,0.0,0.0,0.0,0.0,0.0,0.0,492,245,False,3.5185139398778875,2.3239308976956212,0.0
9c3b,593,920.0,1247,593,0.04545454680919647,0.125,0.8409090638160706,1.0,0.0,0.0,588,143,False,2.7730546933642626,1.6953866746317316,0.8409090638160706
9c5g,5409,5418.0,5427,5409,0.017316017299890518,0.021739130839705467,0.9134199023246765,1.0,0.008658008649945259,0.0,578,288,False,3.7331169814420644,2.503420737562449,0.9047618936747313
9c68,351,372.5,394,351,0.012500000186264515,0.0625,0.8500000238418579,1.0,0.0,0.0,328,161,False,2.545307116465824,1.4418941784498993,0.8500000238418579
9c69,355,355.0,355,355,0.03921568766236305,0.10000000149011612,0.8235294222831726,0.4000000059604645,0.0,0.0,328,164,True,2.550228353055094,1.4428064290312452,0.8235294222831726
9c6t,8645,9245.0,8645,9845,0.0,0.0,0.12037037312984467,0.190476194024086,0.0,0.0,448,222,False,3.9367649976099415,2.763588510384622,0.12037037312984467
9c7o,1109,1109.0,1109,1109,0.043478261679410934,0.2222222238779068,0.0,0.0,0.19565217196941376,0.0,152,76,True,3.04493154614916,2.1045247500087645,-0.19565217196941376
9c8a,9530,9785.5,10041,9530,0.0,0.0,0.0,0.0,0.0,0.0,766,382,False,3.979092900638326,2.688061219182472,0.0
9c8b,10228,10408.0,10588,10228,0.0,0.0,0.0,0.0,0.0,0.0,764,381,False,4.009790719354298,2.719328231516488,0.0
9c8w,316,316.5,317,316,0.0,0.0,0.0,0.0,0.0,0.0,118,58,False,2.499687082618404,1.6179730858369352,0.0
9c95,1234,1234.0,1234,1234,0.0,0.0,0.9056603908538818,1.0,0.0,0.0,668,334,True,3.091315159697223,1.8294419262914405,0.9056603908538818
9c99,1234,1234.0,1234,1234,0.0,0.0,0.9047619104385376,1.0,0.0,0.0,668,334,True,3.091315159697223,1.8294419262914405,0.9047619104385376
9c9a,1234,1234.0,1234,1234,0.0,0.0,0.9056603908538818,1.0,0.0,0.0,668,334,True,3.091315159697223,1.8294419262914405,0.9056603908538818
9c9b,1151,1192.5,1234,1151,0.0,0.0,0.8981481194496155,1.0,0.0,0.0,667,333,False,3.0610753236297916,1.799853206876632,0.8981481194496155
9c9q,1404,1419.5,1404,1435,0.07279693335294724,0.05769231170415878,0.7854406237602234,1.0,0.015325670130550861,0.0,908,452,False,3.1473671077937864,1.8197978903880954,0.7701149536296725
9c9r,1343,1367.5,1343,1392,0.07480315119028091,0.03999999910593033,0.8110235929489136,1.0,0.035433072596788406,0.10000000149011612,905,451,False,3.1280760126687155,1.800987741729735,0.7755905203521252
9ccv,16,666.0,16,1316,0.021276595070958138,0.0,0.2978723347187042,0.7777777910232544,0.07446808367967606,0.0,268,132,False,1.2041199826559248,0.1438330170529999,0.22340425103902817
9cd2,1962,2003.5,2045,1962,0.0,0.0,0.8958333134651184,1.0,0.0,0.0,427,213,False,3.29269900304393,2.128509201324561,0.8958333134651184
9cdv,1255,1300.5,1346,1255,0.0,0.0,0.0,0.0,0.0,0.0,884,434,False,3.098643725817057,1.7798988610608015,0.0
9cen,1673,1702.5,1732,1673,0.18446601927280426,0.3499999940395355,0.8543689250946045,1.0,0.0,0.0,835,410,False,3.2234959409623944,1.9171040126025267,0.8543689250946045
9cfs,2,2.0,2,2,0.1627907007932663,0.07999999821186066,0.9767441749572754,1.0,0.9767441749572754,1.0,170,85,True,0.3010299956639812,-0.6636794671931652,0.0
9ci7,1538,2124.5,2711,1538,0.0,0.0,0.875,1.0,0.0,0.0,199,53,False,3.1869563354654122,2.3248184006650177,0.875
9ckf,20613,20706.5,20800,20613,0.0,0.0,0.0,0.0,0.0,0.0,859,429,False,4.314141203260571,2.997912557168209,0.0
9ckx,8607,8607.0,8607,8607,0.0,0.0,0.11999999731779099,0.2222222238779068,0.03999999910593033,0.04444444552063942,444,222,True,3.9348518029656607,2.7616753157403413,0.07999999821186066
9cp7,13427,13439.0,13451,13427,0.059259261935949326,0.06172839552164078,0.8864197731018066,1.0,0.0,0.0,871,435,False,4.127978988916909,2.8087343604395905,0.8864197731018066
9cp8,13451,13451.0,13451,13451,0.06553398072719574,0.0731707289814949,0.905339777469635,1.0,0.0,0.0,872,436,True,4.128754572690689,2.809011328056396,0.905339777469635
9cp9,13204,13204.0,13204,13204,0.04901960864663124,0.06172839552164078,0.8970588445663452,1.0,0.0,0.0,870,435,True,4.120705515658274,2.8014608871809554,0.8970588445663452
9cpz,7257,7282.5,7308,7257,0.11627906560897827,0.1568627506494522,0.8875969052314758,1.0,0.0,0.0,935,465,False,3.8607571230815423,2.527030646636565,0.8875969052314758
9crz,2656,2809.0,2962,2656,0.0416666679084301,0.0,0.0,0.0,0.0,0.0,624,311,False,3.42422807069598,2.177847876182561,0.0
9cu3,2968,3082.5,2968,3197,0.023364484310150146,0.02380952425301075,0.04205607622861862,0.1190476194024086,0.004672897048294544,0.0,399,196,False,3.4724638966069894,2.3263358609287517,0.03738317918032408
9cu8,2,2985.5,2,5969,0.0,0.0,0.800000011920929,1.0,0.4615384638309479,0.8461538553237915,285,106,False,0.3010299956639812,-0.711622936968404,0.3384615480899811
9cys,2188,2400.0,2612,2188,0.0,0.0,0.0,0.0,0.0,0.0,506,229,False,3.340047317661393,2.160129576491449,0.0
9czs,1191,1268.0,1345,1191,0.0833333358168602,0.3333333432674408,0.5416666865348816,1.0,0.0,0.0,331,165,False,3.0759117614827773,1.9671697893758242,0.5416666865348816
9d4s,2457,2511.0,2457,2565,0.0,0.0,0.847328245639801,1.0,0.015267175622284412,0.03846153989434242,815,407,False,3.390405156480081,2.085607951867471,0.8320610700175166
9d5x,2635,2720.0,2635,2805,0.0,0.0,0.8661971688270569,1.0,0.0,0.0,782,390,False,3.4207806195485655,2.1252483160353157,0.8661971688270569
9d7l,9807,10180.0,10553,9807,0.0,0.0,0.10526315867900848,0.5714285969734192,0.0,0.0,764,380,False,3.9915361753000314,2.7016443769916263,0.10526315867900848
9day,1708,1726.0,1708,1744,0.5,0.9642857313156128,0.6857143044471741,1.0,0.09285714477300644,0.0,465,228,False,3.232487866352986,2.053520442852759,0.5928571596741676
9dcr,327,327.0,327,327,0.0,0.0,0.8571428656578064,1.0,0.0,0.0,429,214,False,2.514547752660286,1.3493408659856907,0.8571428656578064
9dds,2059,2512.0,2965,2059,0.0,0.0,0.13333334028720856,0.0,0.0,0.0,328,164,False,3.3136563466180315,2.2062344225941826,0.13333334028720856
9ddt,2077,3991.5,2077,5906,0.0,0.0,0.7777777910232544,1.0,0.0,0.0,286,121,False,3.317436496535099,2.276043811376874,0.7777777910232544
9dex,17110,17127.5,17145,17110,0.06451612710952759,0.0,0.8870967626571655,1.0,0.032258063554763794,0.0,333,166,False,4.2332500095411,3.123195965521073,0.8548386991024017
9dir,2,2022.0,2,4042,0.0,0.0,0.84112149477005,1.0,0.0,0.0,756,127,False,0.3010299956639812,-0.7508718648139971,0.84112149477005
9dis,2,2045.5,2,4089,0.0,0.0,0.7534246444702148,0.9285714030265808,0.0,0.0,741,114,False,0.3010299956639812,-0.7274224300042551,0.7534246444702148
9dk1,794,1228.5,1663,794,0.0,0.0,0.8620689511299133,1.0,0.0,0.0,651,316,False,2.8998205024270964,1.6499769611178943,0.8620689511299133
9dk2,884,1343.5,1803,884,0.0,0.0,0.8703703880310059,1.0,0.0,0.0,648,308,False,2.946452265013073,1.702176906762851,0.8703703880310059
9dk3,760,1363.5,1967,760,0.0,0.0,0.9259259104728699,1.0,0.0,0.0,655,313,False,2.8808135922807914,1.6330414235075672,0.9259259104728699
9dmx,5327,5455.5,5584,5327,0.08780487626791,0.19512194395065308,0.49268293380737305,0.707317054271698,0.2634146213531494,0.26829269528388977,869,434,False,3.7264826967848297,2.407737832028574,0.22926831245422363
9dq0,3861,3862.5,3861,3864,0.0,0.0,0.0,0.0,0.0,0.0,451,225,False,3.586699801624049,2.410608542568368,0.0
9dq1,3861,3861.0,3861,3861,0.0,0.0,0.0,0.0,0.0,0.0,452,226,True,3.586699801624049,2.4096455820503486,0.0
9dq2,3861,3861.0,3861,3861,0.0,0.0,0.0,0.0,0.0,0.0,452,226,True,3.586699801624049,2.4096455820503486,0.0
9dqm,9258,9347.5,9258,9437,0.0,0.0,0.7884615659713745,1.0,0.0,0.0,841,420,False,3.966517176446792,2.6548925312478415,0.7884615659713745
9dqp,4228,4237.5,4247,4228,0.0,0.0,0.0,0.0,0.0,0.0,450,220,False,3.6261349786353887,2.4549236382242854,0.0
9dqq,3777,3990.0,4203,3777,0.0,0.0,0.0,0.0,0.0,0.0,435,206,False,3.577146984827525,2.420213374642948,0.0
9dqr,4025,4136.0,4247,4025,0.0,0.0,0.0,0.0,0.0,0.0,456,226,False,3.6047658847038875,2.427711665130187,0.0
9dri,8558,8602.0,8558,8646,0.21403509378433228,0.4385964870452881,0.800000011920929,1.0,0.0,0.0,920,459,False,3.932372282147914,2.6014659393792834,0.800000011920929
9dro,3989,3989.0,3989,3989,0.015625,0.02631578966975212,0.1041666641831398,0.05263157933950424,0.0729166641831398,0.15789473056793213,554,277,True,3.6008640363098396,2.379624151777615,0.03125
9dsb,5776,5814.5,5776,5853,0.04700854793190956,0.15217392146587372,0.0,0.0,0.3589743673801422,0.6304348111152649,293,146,False,3.7616271845615827,2.679450756669364,-0.3589743673801422
9dur,4773,6420.5,8068,4773,0.0,0.0,0.0,0.0,0.0,0.0,504,138,False,3.678791434366244,2.6088518911656258,0.0
9dws,6685,6874.5,6685,7064,0.375,0.8500000238418579,0.6730769276618958,0.8999999761581421,0.03846153989434242,0.0,579,289,False,3.8251014115980033,2.594652490219729,0.6346153877675533
9dxi,892,923.5,955,892,0.045454543083906174,0.04545454680919647,0.0,0.0,0.0,0.0,279,137,False,2.950364854376123,1.8820045707979196,0.0
9e4s,1283,1295.5,1283,1308,0.0,0.0,0.7666666507720947,1.0,0.0,0.0,821,401,False,3.1082266563749283,1.8066544700648373,0.7666666507720947
9e4u,1288,1321.0,1288,1354,0.0,0.0,0.7931034564971924,1.0,0.0,0.0,819,398,False,3.1099158630237933,1.8099743269869493,0.7931034564971924
9e4x,1402,1413.5,1425,1402,0.0,0.0,0.936170220375061,1.0,0.0,0.0,765,379,False,3.14674801363064,1.8574284086466037,0.936170220375061
9e50,1302,1340.5,1302,1379,0.0,0.0,0.8799999952316284,1.0,0.0,0.0,777,383,False,3.114610984232173,1.8230115972478618,0.8799999952316284
9e56,1369,1369.0,1369,1369,0.0,0.0,0.8958333134651184,1.0,0.0,0.0,769,384,False,3.13640344813399,1.8442378359502245,0.8958333134651184
9e72,1280,1621.0,1962,1280,0.0,0.0,0.25531914830207825,0.5555555820465088,0.0,0.0,485,239,False,3.1072099696478683,1.9180110191737996,0.25531914830207825
9e92,3070,3208.0,3070,3346,0.0,0.0,0.0,0.0,0.0,0.0,887,439,False,3.4871383754771865,2.1659061153561256,0.0
9ea5,2970,2980.0,2970,2990,0.020134229212999344,0.06896551698446274,0.8590604066848755,1.0,0.0,0.0,871,434,False,3.4727564493172123,2.154011584560957,0.8590604066848755
9ebk,7837,7843.5,7850,7837,0.184523805975914,0.5454545617103577,0.8809523582458496,1.0,0.02976190485060215,0.0,438,219,False,3.894149846767922,2.723927789347863,0.8511904533952475
9edj,3875,3938.5,3875,4002,0.018817204982042313,0.027027027681469917,0.15860214829444885,0.0,0.09677419066429138,0.054054055362939835,554,276,False,3.588271706842329,2.3678171658097202,0.06182795763015747
9efa,6283,6283.0,6283,6283,0.0,0.0,0.8292682766914368,0.9583333134651184,0.04878048598766327,0.0,700,350,True,3.798167059715939,2.5261330375408013,0.7804877907037735
9efb,6302,6302.0,6302,6302,0.0,0.0,0.8070175647735596,1.0,0.008771929889917374,0.0,702,351,True,3.799478398837981,2.5268248406050686,0.7982456348836422
9efd,169,170.0,171,169,0.0,0.0,0.3145161271095276,0.5416666865348816,0.42741936445236206,0.875,204,100,False,2.2278867046136734,1.2278867046136734,-0.11290323734283447
9eh6,5475,5475.0,5475,5475,0.0,0.0,0.0,0.0,0.09090909361839294,0.0,436,218,True,3.738384123512156,2.5691558767098535,-0.09090909361839294
9ejw,135,2430.0,4725,135,0.0,0.0,0.14000000059604645,0.0,0.0,0.0,286,133,False,2.130333768495006,1.0684079480114632,0.14000000059604645
9enb,9459,9459.0,9459,9459,0.0,0.0,0.6857143044471741,1.0,0.0071428571827709675,0.0,636,318,True,3.975845225467567,2.724631665475351,0.6785714472644031
9enc,10759,10807.0,10759,10855,0.0,0.0,0.9270833134651184,1.0,0.010416666977107525,0.0,566,281,False,4.031771907514002,2.807418747561462,0.9166666464880109
9ene,9224,9224.0,9224,9224,0.0,0.0,0.8814814686775208,1.0,0.05925925821065903,0.1111111119389534,658,329,True,3.9649192942866427,2.7063213453116557,0.8222222104668617
9enf,10585,11005.0,11425,10585,0.03999999910593033,0.0,0.7799999713897705,0.949999988079071,0.029999999329447746,0.0,530,254,False,4.024690862355431,2.822274004045462,0.7499999720603228
9epn,8690,8798.0,8690,8906,0.3962264060974121,0.4193548262119293,0.6666666865348816,1.0,0.138364776968956,0.29032257199287415,516,249,False,3.9390197764486663,2.740920102900798,0.5283019095659256
9eqo,73,73.0,73,73,0.09589041024446487,0.17241379618644714,0.9383561611175537,1.0,0.18493150174617767,0.1034482792019844,126,61,False,1.863322860120456,0.9706579426150723,0.753424659371376
9erv,38,1430.5,2823,38,0.008333333767950535,0.0,0.1666666716337204,0.2083333283662796,0.0,0.0,386,43,False,1.5797835966168101,0.7630493688270169,0.1666666716337204
9eu1,13424,13438.0,13424,13452,0.0,0.0,0.0,0.0,0.0,0.0,826,412,False,4.127881943484625,2.8204333354680577,0.0
9eve,527,527.0,527,527,0.015384615398943424,0.0,0.9076923131942749,1.0,0.03076923079788685,0.1538461595773697,346,173,True,2.7218106152125467,1.602787563648149,0.876923082396388
9ezz,4227,4257.5,4227,4288,0.6764705777168274,0.8518518805503845,0.8897058963775635,1.0,0.8014705777168274,1.0,123,61,False,3.626032247829019,2.7333673303236354,0.08823531866073608
9f0e,4250,4250.0,4250,4250,0.7322834730148315,0.8399999737739563,0.9370078444480896,1.0,0.8425197005271912,1.0,118,59,True,3.6283889300503116,2.7429629242292393,0.09448814392089844
9f0n,6439,6439.5,6440,6439,0.0,0.0,0.0,0.0,0.0,0.0,609,304,False,3.808818425092124,2.5673816332877473,0.0
9f1o,5844,5992.0,6140,5844,0.013333333656191826,0.06666667014360428,0.8266666531562805,1.0,0.0,0.0,543,267,False,3.766710207262259,2.5534545765799717,0.8266666531562805
9f28,84,794.0,1504,84,0.0,0.0,0.8571428656578064,1.0,0.0,0.0,555,211,False,1.9242792860618816,0.7621380584130354,0.8571428656578064
9f7e,4880,4880.0,4880,4880,0.0,0.0,0.04651162773370743,0.0,0.04651162773370743,0.125,462,231,True,3.6884198220027105,2.5066138320566385,0.0
9f7o,7218,7218.0,7218,7218,0.0,0.0,0.0,0.0,0.0,0.0,496,248,True,3.858416877723488,2.66119103731038,0.0
9f7v,7218,7218.0,7218,7218,0.0,0.0,0.0,0.0,0.0,0.0,496,248,True,3.858416877723488,2.66119103731038,0.0
9f9q,10386,10386.0,10386,10386,0.0,0.0,0.8488371968269348,1.0,0.011627906933426857,0.0,564,282,True,4.016448318259037,2.791323764099357,0.837209289893508
9fct,2083,2084.5,2086,2083,0.0,0.0,0.13513512909412384,0.1428571492433548,0.0,0.0,461,230,False,3.318689269947746,2.1378253519389494,0.13513512909412384
9fdo,51,51.0,51,51,0.0,0.0,0.0,0.0,0.0,0.0,158,78,False,1.7075701760979363,0.7615228747526961,0.0
9ffk,6182,6182.0,6182,6182,0.040441177785396576,0.12962962687015533,0.8897058963775635,1.0,0.033088237047195435,0.018518518656492233,1002,501,True,3.791129000727286,2.4412101377936635,0.856617659330368
9fge,6191,6191.0,6191,6191,0.04428044334053993,0.12962962687015533,0.8892989158630371,1.0,0.033210333436727524,0.09259258955717087,1002,501,True,3.791760804012905,2.441841941079282,0.8560885824263096
9fhk,1141,1259.0,1377,1141,0.0,0.0,0.0,0.0,0.03846153989434242,0.10000000149011612,697,348,False,3.0572856444182146,1.7864960224449242,-0.03846153989434242
9fi0,6406,6415.0,6406,6424,0.0,0.0,0.8064516186714172,1.0,0.0,0.0,762,380,False,3.806586934327803,2.516695136019398,0.8064516186714172
9fnd,6451,6514.5,6578,6451,0.03726708143949509,0.078125,0.8074533939361572,0.984375,0.43478259444236755,0.90625,647,317,False,3.80962704189405,2.559097410785174,0.3726707994937897
9fqk,16495,19648.5,22802,16495,0.006849315017461777,0.0,0.8493150472640991,1.0,0.027397260069847107,0.0,863,259,False,4.217352319881362,3.0107024378407368,0.821917787194252
9frr,16,16.0,16,16,0.0,0.0,0.3333333432674408,0.5714285969734192,0.02777777798473835,0.1428571492433548,185,91,False,1.2041199826559248,0.224599286495378,0.30555556528270245
9fsg,5252,5266.0,5252,5280,0.0,0.0,0.21311475336551666,0.2083333283662796,0.016393441706895828,0.0,750,372,False,3.7203247174174416,2.435053247476493,0.19672131165862083
9fsl,2327,2551.5,2327,2776,0.03703703731298447,0.0476190485060215,0.6481481194496155,1.0,0.018518518656492233,0.0,736,368,False,3.36679638328673,2.083872473949971,0.6296296007931232
9ftc,11852,11970.0,12088,11852,0.28859061002731323,0.4482758641242981,0.7785235047340393,1.0,0.0,0.0,457,228,False,4.073791642808014,2.8948242193077864,0.7785235047340393
9fu4,2435,3742.0,5049,2435,0.0,0.0,0.8539325594902039,1.0,0.01123595517128706,0.0,980,311,False,3.386498965550653,2.1401187710372342,0.8426966043189168
9fu7,2435,3742.0,5049,2435,0.0,0.0,0.8651685118675232,1.0,0.01123595517128706,0.0,980,311,False,3.386498965550653,2.1401187710372342,0.8539325566962361
9fu9,2435,3742.0,5049,2435,0.0,0.0,0.8522727489471436,1.0,0.011363636702299118,0.0,980,311,False,3.386498965550653,2.1401187710372342,0.8409091122448444
9fua,2435,3742.0,5049,2435,0.0,0.0,0.8390804529190063,1.0,0.01149425283074379,0.0,980,311,False,3.386498965550653,2.1401187710372342,0.8275862000882626
9fub,2435,3742.0,5049,2435,0.0,0.0,0.8666666746139526,1.0,0.011111111380159855,0.0,980,311,False,3.386498965550653,2.1401187710372342,0.8555555632337928
9fuc,2435,3742.0,5049,2435,0.0,0.0,0.8850574493408203,1.0,0.01149425283074379,0.0,980,311,False,3.386498965550653,2.1401187710372342,0.8735631965100765
9fyi,2559,2624.0,2689,2559,0.03478260710835457,0.0,0.6000000238418579,0.9130434989929199,0.0,0.0,738,367,False,3.4080702858871854,2.125737253761141,0.6000000238418579
9fzf,12509,12509.0,12509,12509,0.0,0.0,0.0,0.0,0.0,0.0,298,149,True,4.097222592519901,3.010629458313764,0.0
9fzn,4423,4434.5,4446,4423,0.0,0.0,0.8161764740943909,1.0,0.007352941203862429,0.0,721,360,False,3.6457169393696036,2.36756568898596,0.8088235328905284
9fzw,14798,14869.0,14798,14940,0.03947368264198303,0.0,0.7763158082962036,0.7333333492279053,0.0,0.0,878,438,False,4.170203022985664,2.8494659677336145,0.7763158082962036
9g0w,2259,2259.0,2259,2259,0.06722689419984818,0.260869562625885,0.9327731132507324,1.0,0.0,0.0,640,320,True,3.353916230920363,2.10134124176041,0.9327731132507324
9g0x,2259,2300.5,2259,2342,0.05932203307747841,0.21739131212234497,0.9322034120559692,1.0,0.0,0.0,642,320,False,3.353916230920363,2.10134124176041,0.9322034120559692
9g0z,2342,2342.0,2342,2342,0.04958677291870117,0.1666666716337204,0.9090909361839294,1.0,0.0,0.0,644,322,True,3.369586890736344,2.1156589548884286,0.9090909361839294
9g10,2342,2342.0,2342,2342,0.06504064798355103,0.25,0.9186992049217224,1.0,0.0,0.0,644,322,True,3.369586890736344,2.1156589548884286,0.9186992049217224
9g2u,2454,2454.0,2454,2454,0.2300885021686554,0.40909093618392944,0.9734513163566589,1.0,0.0,0.0,456,228,True,3.3898745583909853,2.2109071348907587,0.9734513163566589
9g2w,2198,2407.5,2198,2617,0.25,0.52173912525177,0.9482758641242981,1.0,0.0,0.0,478,236,False,3.3420276880874717,2.1555716866024186,0.9482758641242981
9g58,7812,7862.0,7812,7912,0.6481481790542603,1.0,0.9074074029922485,1.0,0.0,0.0,259,128,False,3.892762234615817,2.8391572497918824,0.9074074029922485
9g59,7594,7800.5,8007,7594,0.40625,0.9166666865348816,0.859375,1.0,0.015625,0.0,270,129,False,3.8804705928037784,2.825175737654154,0.84375
9g7l,712,714.5,712,717,0.0,0.0,0.4098360538482666,1.0,0.16393442451953888,0.1666666716337204,262,129,False,2.8524799936368566,1.797185138487232,0.24590162932872772
9g7q,684,686.5,684,689,0.095238097012043,0.0,0.7142857313156128,1.0,0.0,0.0,427,213,False,2.835056101720116,1.6708663000007473,0.7142857313156128
9g87,2064,2279.0,2064,2494,0.01785714365541935,0.0,0.8690476417541504,1.0,0.095238097012043,0.21212121844291687,823,386,False,3.314709692955174,2.0214160406192963,0.7738095447421074
9g8u,1798,4178.5,6559,1798,0.0,0.0,0.7457627058029175,1.0,0.41807910799980164,1.0,577,285,False,3.25478968739721,2.027367257392955,0.32768359780311584
9g9u,3517,3752.5,3988,3517,0.04268292337656021,0.0625,0.8963414430618286,1.0,0.0,0.0,522,257,False,3.5461723683169426,2.3412058066512955,0.8963414430618286
9gao,5980,6016.0,6052,5980,0.0,0.0,0.0,0.0,0.0,0.0,634,315,False,3.776701183988411,2.5275459070936104,0.0
9giz,16896,17045.5,17195,16896,0.01886792480945587,0.0,0.7924528121948242,1.0,0.01886792480945587,0.10000000149011612,779,376,False,4.227783900853718,2.9401899783898875,0.7735848873853683
9gja,49,66.5,84,49,0.0,0.0,0.5363636612892151,1.0,0.027272727340459824,0.13636364042758942,920,275,False,1.6901960800285136,0.4705297331133823,0.5090909339487553
9gjb,49,67.5,86,49,0.0,0.0,0.5625,1.0,0.0535714291036129,0.1818181872367859,921,275,False,1.6901960800285136,0.4705297331133823,0.5089285708963871
9gjd,49,66.5,84,49,0.0,0.0,0.5272727012634277,0.9545454382896423,0.027272727340459824,0.09090909361839294,920,275,False,1.6901960800285136,0.4705297331133823,0.4999999739229679
9gje,49,67.5,86,49,0.0,0.0,0.5137614607810974,1.0,0.027522936463356018,0.095238097012043,921,275,False,1.6901960800285136,0.4705297331133823,0.4862385243177414
9gjh,49,66.5,84,49,0.0,0.0,0.5565217137336731,0.95652174949646,0.0260869562625885,0.08695652335882187,920,275,False,1.6901960800285136,0.4705297331133823,0.5304347574710846
9gji,49,67.5,86,49,0.0,0.0,0.5322580933570862,0.9583333134651184,0.04838709533214569,0.1666666716337204,921,275,False,1.6901960800285136,0.4705297331133823,0.4838709980249405
9gjk,49,66.5,84,49,0.0,0.0,0.5339806079864502,0.949999988079071,0.029126213863492012,0.10000000149011612,920,275,False,1.6901960800285136,0.4705297331133823,0.5048543941229582
9gjl,49,67.5,86,49,0.0,0.0,0.5277777910232544,1.0,0.02777777798473835,0.095238097012043,921,275,False,1.6901960800285136,0.4705297331133823,0.500000013038516
9gnd,10764,10951.5,10764,11139,0.0,0.0,0.0,0.0,0.0,0.0,544,269,False,4.031973689091717,2.817097549090513,0.0
9grw,536,537.0,536,538,0.0,0.0,0.0,0.0,0.0,0.0,737,367,False,2.72916478969277,1.4468317575667253,0.0
9gry,5916,10345.5,5916,14775,0.0,0.0,0.0,0.0,0.03999999910593033,0.0,536,241,False,3.772028165324855,2.5810196440374207,-0.03999999910593033
9gs3,6103,10439.0,14775,6103,0.007575757801532745,0.0,0.0,0.0,0.0,0.0,534,241,False,3.785543369956593,2.594534848669159,0.0
9gs5,6062,10418.5,6062,14775,0.0,0.0,0.0,0.0,0.0,0.0,527,241,False,3.7826159320316033,2.591607410744169,0.0
9gs7,5984,10379.5,5984,14775,0.0,0.0,0.0,0.0,0.0,0.0,540,241,False,3.776991584856405,2.5859830635689707,0.0
9gsl,5695,10235.0,5695,14775,0.0,0.0,0.0,0.0,0.0555555559694767,0.0,546,241,False,3.7554937284151193,2.564485207127685,-0.0555555559694767
9gsq,77,77.5,78,77,0.0,0.0,0.0,0.0,0.0,0.0,375,187,False,1.8864907251724818,0.7505699219042323,0.0
9gxf,6871,6871.0,6871,6871,0.0,0.0,0.8695651888847351,1.0,0.0,0.0,434,217,True,3.837019948540908,2.6687900816166437,0.8695651888847351
9gyy,2551,2551.0,2551,2551,0.044247787445783615,0.09090909361839294,0.8495575189590454,1.0,0.0,0.0,444,222,True,3.40671045860979,2.2335339713844706,0.8495575189590454
9gyz,2563,2563.0,2563,2563,0.0458715558052063,0.0,0.8440366983413696,1.0,0.0,0.0,442,221,True,3.408748606184244,2.2365524693416887,0.8440366983413696
9gzv,4083,4432.5,4782,4083,0.24100719392299652,0.5454545021057129,0.8597122430801392,1.0,0.14028777182102203,0.30909091234207153,437,216,False,3.610979379922997,2.4437525043475317,0.7194244712591171
9h1s,120,120.0,120,120,0.00917431153357029,0.0,0.6834862232208252,1.0,0.0,0.0,616,308,True,2.0791812460476247,0.8349058877974026,0.6834862232208252
9h4a,7925,7949.5,7925,7974,0.5595238208770752,0.875,0.9285714030265808,1.0,0.1071428582072258,0.25,282,139,False,3.898999270889789,2.8274918707627417,0.821428544819355
9h5r,48,1813.5,48,3579,0.056179776787757874,0.0,0.4606741666793823,0.8823529481887817,0.0,0.0,812,397,False,1.6812412373755872,0.38184598399402964,0.4606741666793823
9h5w,43,1787.5,43,3532,0.05319148674607277,0.0,0.4893617033958435,0.8888888955116272,0.0,0.0,816,400,False,1.6334684555795866,0.33243845991560533,0.4893617033958435
9h6j,2067,2081.5,2067,2096,0.020895522087812424,0.04477611929178238,0.8507462739944458,1.0,0.0,0.0,896,446,False,3.3153404766272883,1.9906730472712173,0.8507462739944458
9h6k,2061,2061.0,2061,2061,0.024128686636686325,0.04054054245352745,0.890080451965332,1.0,0.0,0.0,936,468,True,3.3140779917792127,1.9789550652421508,0.890080451965332
9h6l,2079,2079.0,2079,2079,0.0238095223903656,0.03999999910593033,0.9100528955459595,1.0,0.0,0.0,918,459,True,3.317854489331469,1.9869481465628387,0.9100528955459595
9h6r,45,1788.5,45,3532,0.03750000149011612,0.0625,0.42500001192092896,0.8125,0.0,0.0,809,393,False,1.6532125137753437,0.3560162385876304,0.42500001192092896
9h8u,5692,5692.0,5692,5692,0.0,0.0,0.0,0.0,0.0,0.0,934,467,True,3.7552648914122466,2.4206064511291907,0.0
9hbm,4373,4577.5,4782,4373,0.24074073135852814,0.5370370149612427,0.8629629611968994,1.0,0.12962962687015533,0.09259258955717087,439,218,False,3.640779477344857,2.4715512305425547,0.7333333343267441
9he0,2568,2608.0,2568,2648,0.030303029343485832,0.03030303120613098,0.903030276298523,1.0,0.072727270424366,0.06060606241226196,782,391,False,3.4095950193968156,2.113506640698882,0.830303005874157
9he2,2634,2637.5,2641,2634,0.02958579920232296,0.0,0.8698225021362305,1.0,0.05917159840464592,0.06060606241226196,776,387,False,3.420615770625765,2.1267602881163095,0.8106509037315845
9hgm,7839,8018.5,7839,8198,0.0,0.0,0.0,0.0,0.0,0.0,650,325,False,3.894260664446988,2.638318983957551,0.0
9hh1,7963,7963.0,7963,7963,0.06542056053876877,0.095238097012043,0.9158878326416016,1.0,0.0,0.0,412,206,True,3.901076715726255,2.7441431055416783,0.9158878326416016
9hij,12,12.0,12,12,0.3073593080043793,0.54347825050354,0.4502164423465729,0.239130437374115,0.25108224153518677,0.043478261679410934,193,96,False,1.0791812460476249,0.08804562952784066,0.1991342008113861
9hjp,1084,1084.5,1084,1085,0.0,0.0,0.0,0.0,0.0,0.0,790,386,False,3.0350292822023683,1.7417356298664906,0.0
9hl2,1376,5177.5,8979,1376,0.0,0.0,0.7551020383834839,1.0,0.10204081982374191,0.1111111119389534,474,114,False,3.1386184338994925,2.110166008231256,0.653061218559742
9hmx,1491,1793.5,1491,2096,0.0,0.0,0.75,1.0,0.0,0.0,455,182,False,3.1734776434529945,2.043441949460457,0.75
9hq0,7775,7775.0,7775,7775,0.0,0.0,0.8928571343421936,1.0,0.5714285969734192,1.0,280,140,True,3.890700397698875,2.817636379859756,0.3214285373687744
9hq8,4,6.0,8,4,0.008403361774981022,0.0,0.8571428656578064,1.0,0.13445378839969635,0.3478260934352875,200,95,False,0.6020599913279624,-0.3868018113164615,0.72268907725811
9hqa,1839,1847.0,1855,1839,0.09649123251438141,0.3181818127632141,0.8771929740905762,1.0,0.0,0.0,648,323,False,3.2645817292380777,2.009980468072526,0.8771929740905762
9hqf,7775,7775.0,7775,7775,0.0,0.0,0.8333333134651184,1.0,0.5333333611488342,1.0,280,140,True,3.890700397698875,2.817636379859756,0.2999999523162842
9hqh,7775,7775.0,7775,7775,0.0,0.0,0.8620689511299133,1.0,0.48275861144065857,1.0,280,140,True,3.890700397698875,2.817636379859756,0.37931033968925476
9hrb,2684,2783.0,2882,2684,0.29499998688697815,0.5250000357627869,0.875,1.0,0.10499999672174454,0.375,769,384,False,3.4287825114969546,2.136616899313189,0.7700000032782555
9ht6,2292,2293.5,2295,2292,0.01515151560306549,0.07692307978868484,0.07575757801532745,0.1538461595773697,0.1515151560306549,0.23076923191547394,239,118,False,3.3602146132953523,2.32427360964229,-0.07575757801532745
9htw,16,16.0,16,16,0.0,0.0,0.6666666865348816,0.8333333134651184,0.0,0.0,222,111,True,1.2041199826559248,0.18145849326259605,0.6666666865348816
9hv7,6215,6295.5,6215,6376,0.0,0.0,0.0,0.0,0.0,0.0,228,113,False,3.7934411329776636,2.7669019112359536,0.0
9i1y,3251,3253.5,3251,3256,0.03448275849223137,0.0,0.751724123954773,0.931034505367279,0.0,0.0,530,263,False,3.5120169694961265,2.3020390952512475,0.751724123954773
9i20,5690,10232.5,5690,14775,0.0,0.0,0.0,0.0,0.0,0.0,536,241,False,3.7551122663950713,2.564103745107637,0.0
9i25,2,1583.5,2,3165,0.09836065024137497,0.1666666716337204,0.032786883413791656,0.0833333358168602,0.016393441706895828,0.0833333358168602,264,13,False,0.3010299956639812,-0.25594168048943716,0.016393441706895828
9i8y,3520,6352.5,9185,3520,0.0,0.0,0.23456789553165436,0.375,0.0,0.0,804,392,False,3.546542663478131,2.2498996299679024,0.23456789553165436
9icz,6552,6596.5,6552,6641,0.06896551698446274,0.09090909361839294,0.931034505367279,1.0,0.0,0.0,533,265,False,3.816373888752362,2.604750951783958,0.931034505367279
9idz,7650,7839.0,8028,7650,0.018099548295140266,0.0,0.8280543088912964,1.0,0.0,0.0,685,334,False,3.8836614351536176,2.6217882017478353,0.8280543088912964
9ieh,7846,7936.5,8027,7846,0.01826483942568302,0.0,0.8173515796661377,1.0,0.0,0.0,664,329,False,3.894648303793517,2.63605035481853,0.8173515796661377
9iey,7427,7508.5,7590,7427,0.0,0.0,0.84375,1.0,0.0,0.0,195,95,False,3.8708134239155974,2.8819516212711735,0.84375
9iez,8028,8199.0,8370,8028,0.0,0.0,0.8620689511299133,1.0,0.0,0.0,193,96,False,3.904607363815448,2.913471747295664,0.8620689511299133
9if5,610,610.0,610,610,0.0,0.0,0.0,0.0,0.0,0.0,762,381,True,2.785329835010767,1.4948673471729574,0.0
9ig8,12896,12896.0,12896,12896,0.014705883339047432,0.021052632480859756,0.7668067216873169,0.9894737005233765,0.006302521098405123,0.0,534,267,True,4.110455024461015,2.897199393778728,0.7605042005889118
9iia,783,828.5,783,874,0.0,0.0,0.0,0.0,0.0,0.0,837,412,False,2.8937617620579434,1.5863131540413762,0.0
9ikp,5304,5304.0,5304,5304,0.0,0.0,0.0,0.0,0.0,0.0,368,184,True,3.7246035153967165,2.5921946038919486,0.0
9ilo,499,506.0,499,513,0.15950919687747955,0.0,0.8588957190513611,0.9375,0.43558281660079956,1.0,247,123,False,2.6981005456233897,1.653147989903691,0.4233129024505615
9im9,513,513.0,513,513,0.15189874172210693,0.0,0.8734177350997925,0.9354838728904724,0.43670886754989624,1.0,246,123,True,2.7101173651118162,1.6651648093921172,0.43670886754989624
9ime,5348,5348.0,5348,5348,0.0,0.0,0.13333334028720856,0.1111111119389534,0.02222222276031971,0.1111111119389534,292,146,True,3.7281913985899466,2.646014970697728,0.11111111752688885
9ink,116,117.0,116,118,0.0,0.0,0.8444444537162781,1.0,0.0,0.0,441,220,False,2.0644579892269186,0.8932466488158153,0.8444444537162781
9inr,17611,17611.0,17611,17611,0.043478261679410934,0.0,0.0,0.0,0.0,0.0,290,145,True,4.245784017077525,3.1651000159600375,0.0
9iok,8583,8583.0,8583,8583,0.0396825410425663,0.11999999731779099,0.0,0.0,0.0,0.0,340,170,True,3.9336391125249253,2.818414651835788,0.0
9ipt,4018,4061.0,4018,4104,0.48235294222831726,0.9411764740943909,0.8117647171020508,1.0,0.16470588743686676,0.0,372,185,False,3.6040099324122306,2.4704240682107237,0.647058829665184
9iq5,819,820.5,819,822,0.28378379344940186,0.3571428656578064,0.7162162065505981,0.9285714030265808,0.2567567527294159,0.6428571343421936,239,119,False,2.9132839017604186,1.875510421064153,0.45945945382118225
9iq7,1570,1576.0,1570,1582,0.40816324949264526,0.5263158082962036,0.8163265585899353,1.0,0.33673468232154846,0.5263158082962036,249,122,False,3.1958996524092336,2.15271973707186,0.47959187626838684
9iqk,1508,1521.0,1508,1534,0.3861386179924011,0.5,0.7920792102813721,1.0,0.3762376308441162,0.75,245,121,False,3.178401341533755,2.13700865637553,0.41584157943725586
9iql,1504,1506.0,1508,1504,0.41237112879753113,0.5263158082962036,0.8556700944900513,1.0,0.39175257086753845,0.7894737124443054,246,121,False,3.1772478362556233,2.1358551510973984,0.4639175236225128
9ir0,74,74.0,74,74,0.0,0.0,0.0,0.0,0.0,0.0,734,367,True,1.8692317197309762,0.5868986876049316,0.0
9ir1,607,613.0,607,619,0.13907285034656525,0.0,0.9072847962379456,1.0,0.21854305267333984,0.20000000298023224,250,123,False,2.7831886910752575,1.7382361353555584,0.6887417435646057
9irz,13661,14610.5,13661,15560,0.3100000023841858,0.5,0.7900000214576721,1.0,0.7200000286102295,1.0,185,89,False,4.135482491335711,3.160787488013255,0.06999999284744263
9iv0,9314,9314.0,9314,9314,0.0416666679084301,0.0416666679084301,0.0,0.0,0.0,0.0,344,172,True,3.9691362335967124,2.851372010142938,0.0
9ivi,132,134.0,136,132,0.0,0.0,0.0,0.0,0.0,0.0,519,253,False,2.12057393120585,0.9190136706179409,0.0
9iyx,603,614.0,625,603,0.02857143059372902,0.0476190485060215,0.190476194024086,0.190476194024086,0.06666667014360428,0.0476190485060215,351,172,False,2.780317312140151,1.6625530886863769,0.12380952388048172
9izn,446,12069.0,446,23692,0.010989011265337467,0.0,0.0,0.0,0.0,0.0,696,332,False,2.649334858712142,1.3887658168601238,0.0
9j0t,8860,8860.0,8860,8860,0.043103449046611786,0.043478261679410934,0.0,0.0,0.0,0.0,348,174,True,3.9474337218870508,2.827159097745751,0.0
9j28,88,88.0,88,88,0.0,0.0,0.9266055226325989,1.0,0.0458715595304966,0.095238097012043,516,255,False,1.9444826721501687,0.7412125819331911,0.8807339631021023
9j29,88,88.0,88,88,0.0,0.0,0.9351851940155029,1.0,0.0,0.0,528,260,False,1.9444826721501687,0.7369959981647597,0.9351851940155029
9j2a,88,88.0,88,88,0.0,0.0,0.9266055226325989,1.0,0.0,0.0,526,258,False,1.9444826721501687,0.7386728191685537,0.9266055226325989
9j2b,88,88.0,88,88,0.0,0.0,0.9433962106704712,1.0,0.0,0.0,529,261,False,1.9444826721501687,0.7361624184810283,0.9433962106704712
9j2c,88,88.0,88,88,0.0,0.0,0.9266055226325989,1.0,0.01834862306714058,0.0,515,255,False,1.9444826721501687,0.7412125819331911,0.9082568995654583
9j2e,203,203.0,203,203,0.0,0.0,0.0,0.0,0.0,0.0,740,370,True,2.307496037913213,1.0233951758797155,0.0
9j2m,203,203.0,203,203,0.0,0.0,0.0,0.0,0.0,0.0,740,370,True,2.307496037913213,1.0233951758797155,0.0
9j2p,203,203.0,203,203,0.0,0.0,0.0,0.0,0.0,0.0,740,370,True,2.307496037913213,1.0233951758797155,0.0
9j2r,185,185.0,185,185,0.0,0.0,0.0,0.0,0.0,0.0,740,370,True,2.2671717284030137,0.9830708663695163,0.0
9j30,189,189.0,189,189,0.0,0.0,0.0,0.0,0.0,0.0,741,370,False,2.2764618041732443,0.9923609421397467,0.0
9j33,192,192.0,192,192,0.0,0.0,0.0,0.0,0.0,0.0,740,370,True,2.2833012287035497,0.9992003666700521,0.0
9j3u,7392,7398.5,7405,7392,0.09259259700775146,0.21875,0.7407407164573669,1.0,0.0,0.0,913,456,False,3.8687619582120503,2.5392795368798327,0.7407407164573669
9j47,6028,6028.0,6028,6028,0.0,0.0,0.9555555582046509,1.0,0.0,0.0,316,158,True,3.780173243642594,2.680844700165383,0.9555555582046509
9j4p,786,1566.0,2346,786,0.018518518656492233,0.0,0.0,0.0,0.0,0.0,681,255,False,2.895422546039408,1.6921524558224303,0.0
9j9w,78,240.0,78,402,0.0,0.0,0.841269850730896,1.0,0.0,0.0,310,152,False,1.8920946026904804,0.8011728087180942,0.841269850730896
9jaq,83,83.0,83,83,0.0,0.0,0.9166666865348816,1.0,0.1190476194024086,0.0625,736,368,True,1.919078092376074,0.6361541830393151,0.797619067132473
9jb5,5125,5166.5,5125,5208,0.08988764137029648,0.05882352963089943,0.7977527976036072,1.0,0.0,0.0,235,112,False,3.7096938697277917,2.685084858392701,0.7977527976036072
9jbh,2139,2139.0,2139,2139,0.05000000074505806,0.0357142873108387,0.8714285492897034,1.0,0.06428571790456772,0.0714285746216774,668,334,True,3.330210784571528,2.0683375511657456,0.8071428313851357
9jc7,20286,20286.0,20286,20286,0.0,0.0,0.0,0.0,0.0,0.0,850,425,True,4.3071964211494125,2.9930019561242567,0.0
9jdb,12261,12261.0,12261,12261,0.0,0.0,0.782608687877655,1.0,0.0,0.0,808,404,True,4.088525892431256,2.7853352098759534,0.782608687877655
9jdc,11850,11850.0,11850,11850,0.0,0.0,0.8109756112098694,1.0,0.0,0.0,840,420,True,4.073718350346122,2.7620937051471723,0.8109756112098694
9jdd,44,461.0,878,44,0.0,0.0,0.0,0.0,0.0,0.0,315,125,False,1.6434526764861874,0.5949976699821592,0.0
9jdi,67,399.0,731,67,0.0,0.0,0.0,0.0,0.0,0.0,501,164,False,1.8260748027008264,0.7186528786769775,0.0
9jdn,20334,20350.0,20334,20366,0.0,0.0,0.0,0.0,0.0,0.0,845,422,False,4.3082228192210215,2.9955665937401847,0.0
9je9,14994,15341.0,15688,14994,0.06666667014360428,0.0,0.6888889074325562,0.7777777910232544,0.06666667014360428,0.0,830,407,False,4.1759175065100935,2.871120301897484,0.6222222372889519
9jeh,9063,9063.0,9063,9063,0.025974025949835777,0.0,0.8311688303947449,1.0,0.03896103799343109,0.0,684,342,True,3.957271979992943,2.6902589269648756,0.7922077924013138
9jm2,2,2.0,2,2,0.05128205195069313,0.0,0.0,0.0,0.0,0.0,134,66,False,0.3010299956639812,-0.6087419721069531,0.0
9jm8,2,2.0,2,2,0.06666667014360428,0.0,0.04444444552063942,0.0,0.04444444552063942,0.0,130,64,False,0.3010299956639812,-0.6020599913279624,0.0
9jof,1000,1003.0,1000,1006,0.0,0.0,0.17910447716712952,0.38461539149284363,0.0,0.0,736,366,False,3.0,1.7182594573027945,0.17910447716712952
9jog,1006,1007.0,1008,1006,0.0,0.0,0.22727273404598236,0.4615384638309479,0.0,0.0,738,366,False,3.0025979807199086,1.720857438022703,0.22727273404598236
9joh,1006,1007.0,1008,1006,0.0,0.0,0.2222222238779068,0.4166666567325592,0.0,0.0,738,366,False,3.0025979807199086,1.720857438022703,0.2222222238779068
9jpk,7853,7999.5,7853,8146,0.2432432472705841,0.5714285969734192,0.8108108043670654,1.0,0.0,0.0,286,135,False,3.8950355974523228,2.8298687132048195,0.8108108043670654
9jpl,7786,7873.5,7786,7961,0.23404254019260406,0.4444444477558136,0.8085106611251831,1.0,0.0,0.0,295,147,False,3.891314399382143,2.807655732008055,0.8085106611251831
9jq8,119,130.5,119,142,0.3030303120613098,0.7894737124443054,0.9090909361839294,1.0,0.0,0.0,221,109,False,2.075546961392531,1.056833712422219,0.9090909361839294
9jrr,5540,5583.5,5627,5540,0.16981132328510284,0.10000000149011612,0.7735849022865295,1.0,0.056603774428367615,0.10000000149011612,308,150,False,3.74350976472843,2.655464135200589,0.7169811278581619
9jsp,1381,2256.5,3132,1381,0.0,0.0,0.6052631735801697,0.8571428656578064,0.0,0.0,673,208,False,3.1401936785786315,1.9811620110972505,0.6052631735801697
9jtw,2794,2794.0,2794,2794,0.031446538865566254,0.0,0.7421383857727051,1.0,0.056603774428367615,0.06451612710952759,792,396,True,3.446226401778163,2.147378808815407,0.6855346113443375
9jxd,5729,5729.0,5729,5729,0.056603774428367615,0.0,0.8867924809455872,1.0,0.7169811129570007,1.0,754,377,True,3.7580788222496126,2.469908147146716,0.16981136798858643
9jxp,5382,5382.0,5382,5382,0.01886792480945587,0.0,0.8867924809455872,1.0,0.6792452931404114,1.0,770,385,True,3.7309436934277356,2.4382133286734855,0.20754718780517578
9jxw,79,80.0,81,79,0.060150377452373505,0.1538461595773697,0.7067669034004211,0.8846153616905212,0.0,0.0,817,406,False,1.8976270912904414,0.5933640745018443,0.7067669034004211
9jzo,2727,2727.0,2727,2727,0.0,0.0,0.0,0.0,0.0,0.0,346,173,True,3.43568513794163,2.316662086377232,0.0
9k0a,801,809.0,801,817,0.023255813866853714,0.029411764815449715,0.3255814015865326,0.029411764815449715,0.2848837077617645,0.6176470518112183,573,286,False,2.9036325160842376,1.6754494995197162,0.040697693824768066
9k0b,795,795.0,795,795,0.015544041059911251,0.02631578966975212,0.3212435245513916,0.02631578966975212,0.14507772028446198,0.21052631735801697,576,288,True,2.9003671286564705,1.6706708847768548,0.17616580426692963
9k2f,4909,4977.5,4909,5046,0.04137931019067764,0.13793103396892548,0.05517241358757019,0.03448275849223137,0.006896551698446274,0.0,456,225,False,3.6909930320998696,2.5149017730441883,0.04827586188912392
9k3e,12,233.0,454,12,0.04838709533214569,0.0,0.9354838728904724,1.0,0.06451612710952759,0.0,224,108,False,1.0791812460476249,0.062469368304149946,0.8709677457809448
9k4q,2,2.0,2,2,0.03703703731298447,0.0,0.40740740299224854,0.800000011920929,0.40740740299224854,0.6000000238418579,178,88,False,0.3010299956639812,-0.6712113404111032,0.0
9k6w,3033,3033.0,3033,3033,0.0,0.0,0.0,0.0,0.0,0.0,414,207,True,3.4818724103106633,2.3238872375822046,0.0
9k7k,4987,5005.0,5023,4987,0.0535714328289032,0.09090909361839294,0.1964285671710968,0.27272728085517883,0.0,0.0,491,244,False,3.697839368218363,2.504144455048998,0.1964285671710968
9k7u,2,335.0,668,2,0.0,0.0,0.08955223858356476,0.0,0.0746268630027771,0.0,190,54,False,0.3010299956639812,-0.565166884247503,0.014925375580787659
9k8c,2,2.0,2,2,0.0,0.0,0.0,0.0,0.0,0.0,180,90,True,0.3010299956639812,-0.6760912590556812,0.0
9k8h,2,2.0,2,2,0.0,0.0,0.0,0.0,0.0,0.0,182,91,True,0.3010299956639812,-0.6784907004965656,0.0
9k8k,2,2.0,2,2,0.0,0.0,0.0,0.0,0.0,0.0,110,55,True,0.3010299956639812,-0.5691513490831407,0.0
9k9p,26,1727.5,3429,26,0.050847455859184265,0.09090909361839294,0.8644067645072937,1.0,0.32203391194343567,0.0,132,46,False,1.414973347970818,0.583594432130031,0.542372852563858
9kfd,5866,5993.5,5866,6121,0.05882352963089943,0.0,0.6617646813392639,0.8888888955116272,0.0,0.0,823,407,False,3.7683420586445333,2.463544854031923,0.6617646813392639
9kka,6869,6878.5,6888,6869,0.3089887797832489,0.4571428596973419,0.9101123809814453,1.0,0.0,0.0,726,363,False,3.836893516376434,2.5569402038583773,0.9101123809814453
9kkb,2367,2519.0,2671,2367,0.011111111380159855,0.0,0.7222222089767456,1.0,0.0,0.0,530,157,False,3.374198257929083,2.276248431724466,0.7222222089767456
9kkt,5040,5065.5,5040,5091,0.010152284055948257,0.0,0.05076142027974129,0.07692307978868484,0.025380710139870644,0.10256410390138626,759,377,False,3.7024305364455254,2.4142598613426287,0.025380710139870644
9kkv,5058,5071.0,5084,5058,0.009999999776482582,0.0,0.08500000089406967,0.17499999701976776,0.02500000037252903,0.07500000298023224,761,378,False,3.703978825008386,2.4152329250897733,0.06000000052154064
9km6,5332,5332.0,5332,5332,0.0,0.0,0.5625,0.9599999785423279,0.0390625,0.0,516,258,True,3.726890140741822,2.5210802877602063,0.5234375
9knp,9422,9479.5,9422,9537,0.0,0.0,0.841269850730896,1.0,0.0,0.0,751,375,False,3.9741430999022147,2.6871274660383553,0.841269850730896
9kns,1136,1136.5,1136,1137,0.13513514399528503,0.2142857313156128,0.8108108043670654,1.0,0.837837815284729,1.0,143,71,False,3.055378331375,2.1297491570154623,-0.027027010917663574
9koj,999,999.0,999,999,0.008130080997943878,0.0,0.08130080997943878,0.0,0.09756097197532654,0.125,556,278,True,2.9995654882259823,1.7775430902669442,-0.016260161995887756
9kpr,1462,1475.5,1489,1462,0.08152174204587936,0.1666666716337204,0.70652174949646,1.0,0.22826087474822998,0.3888888955116272,567,282,False,3.1649473726218416,1.939822818462161,0.47826087474823
9kq4,192,192.5,193,192,0.0760233923792839,0.0882352963089943,0.7719298005104065,1.0,0.005847953259944916,0.0,571,284,False,2.2833012287035497,1.0566420586800307,0.7660818472504616
9kqf,2885,2885.0,2885,2885,0.012903225608170033,0.0,0.9161290526390076,1.0,0.0,0.0,754,377,True,3.46014581749175,2.171975142388854,0.9161290526390076
9kqi,2885,2885.0,2885,2885,0.012903225608170033,0.0,0.9096774458885193,1.0,0.0,0.0,754,377,True,3.46014581749175,2.171975142388854,0.9096774458885193
9kqj,2885,2885.0,2885,2885,0.013245033100247383,0.0,0.9139072895050049,1.0,0.0,0.0,754,377,True,3.46014581749175,2.171975142388854,0.9139072895050049
9kql,623,624.5,623,626,0.15573769807815552,0.2916666865348816,0.9262295365333557,1.0,0.8606557250022888,1.0,201,100,False,2.7944880466591697,1.7944880466591697,0.0655738115310669
9kqv,77,77.0,77,77,0.0,0.0,0.9431818127632141,1.0,0.10227272659540176,0.11764705926179886,732,366,True,1.8864907251724818,0.6047501824752766,0.8409090861678123
9kqw,269,271.0,269,273,0.0,0.0,0.859375,1.0,0.34375,0.6666666865348816,630,313,False,2.429752280002408,1.181980111229184,0.515625
9ku9,84,86.0,84,88,0.0,0.0,0.8888888955116272,1.0,0.04444444552063942,0.1111111119389534,738,368,False,1.9242792860618816,0.6413553767251229,0.8444444499909878
9kup,1763,1774.5,1763,1786,0.18918919563293457,0.2857142984867096,0.9054054021835327,1.0,0.0,0.0,260,128,False,3.246252312299322,2.1926473274753877,0.9054054021835327
9kw9,2049,2114.5,2049,2180,0.1344086080789566,0.3243243396282196,0.8870967626571655,1.0,0.16129031777381897,0.6486486196517944,709,354,False,3.311541958401195,2.037040327388301,0.7258064448833466
9kwa,1906,1978.5,1906,2051,0.13218390941619873,0.3529411852359772,0.8275862336158752,1.0,0.18390804529190063,0.5,721,360,False,3.2801228963023075,2.001971645918664,0.6436781883239746
9kwf,9832,9832.0,9832,9832,0.0,0.0,0.0,0.0,0.01315789483487606,0.0,648,324,True,3.9926418698783976,2.7373693647750916,-0.01315789483487606
9kyl,4862,4927.5,4993,4862,0.0,0.0,0.0,0.0,0.0,0.0,280,138,False,3.6868149545073168,2.6168754113066988,0.0
9kyt,4584,4837.5,5091,4584,0.0,0.0,0.0,0.0,0.0,0.0,369,184,False,3.6612446089593336,2.528835697454565,0.0
9kyv,555,575.0,595,555,0.0,0.0,0.75,1.0,0.5,0.5,253,124,False,2.7442929831226763,1.6975821405415588,0.25
9kz5,5004,5063.0,5122,5004,0.0,0.0,0.0,0.0,0.0,0.0,362,180,False,3.6993173010213822,2.5716810484697294,0.0
9kza,4858,4889.0,4858,4920,0.0,0.0,0.0,0.0,0.0,0.0,366,183,False,3.6864575104691117,2.555231965603897,0.0
9l08,4394,4394.0,4394,4394,0.0,0.0,0.0,0.0,0.0,0.0,582,291,True,3.6428600525844916,2.4109135580915377,0.0
9l23,314,1628.0,2942,314,0.0,0.0,0.3196721374988556,0.9166666865348816,0.008196720853447914,0.0,716,42,False,2.496929648073215,1.6853050028742647,0.3114754166454077
9l56,9655,9736.0,9817,9655,0.012987012974917889,0.0,0.701298713684082,1.0,0.0,0.0,619,307,False,3.9847522781154137,2.74118309037682,0.701298713684082
9l5y,764,807.5,764,851,0.0,0.0,0.1071428582072258,0.0,0.0,0.0,921,460,False,2.8830933585756897,1.551714442734903,0.1071428582072258
9l75,5230,5268.0,5230,5306,0.0,0.0,0.0,0.0,0.0,0.0,542,261,False,3.718501688867274,2.5101814351981337,0.0
9l9w,2285,2511.0,2737,2285,0.006172839552164078,0.0,0.8580247163772583,1.0,0.0,0.0,893,419,False,3.358886204405869,2.047779192922721,0.8580247163772583
9l9x,2285,2511.0,2737,2285,0.0061349691823124886,0.0,0.8711656332015991,1.0,0.0,0.0,893,419,False,3.358886204405869,2.047779192922721,0.8711656332015991
9lc9,15465,15506.0,15465,15547,0.0,0.0,0.0,0.0,0.0,0.0,931,465,False,4.189349924339198,2.855623447894221,0.0
9leq,171,390.0,171,609,0.006329114083200693,0.0,0.8607594966888428,1.0,0.09493670612573624,0.22580644488334656,782,149,False,2.2329961103921536,1.1464029761860168,0.7658227905631065
9lg0,17824,17927.5,17824,18031,0.10769230872392654,0.0,0.8615384697914124,1.0,0.015384615398943424,0.0,335,167,False,4.251005173493635,3.139646937919843,0.8461538543924689
9lgw,33,50.5,68,33,0.0,0.0,0.0,0.0,0.0,0.0,603,190,False,1.5185139398778875,0.379137139401473,0.0
9lik,85,86.5,85,88,0.0,0.0,0.0,0.0,0.0,0.0,819,392,False,1.9294189257142929,0.632775892204064,0.0
9lim,83,86.0,89,83,0.0,0.0,0.0,0.0,0.0,0.0,757,373,False,1.919078092376074,0.6332236764717301,0.0
9lj9,16784,16784.0,16784,16784,0.221374049782753,0.26923078298568726,0.8931297659873962,1.0,0.8015267252922058,1.0,724,362,True,4.224895470849483,2.9455411855828997,0.09160304069519043
9ll4,1885,1885.0,1885,1885,0.021739130839705467,0.0,0.0,0.0,0.0,0.0,212,106,True,3.2753113545418118,2.2626584219094266,0.0
9llq,4989,5032.5,5076,4989,0.442307710647583,0.774193525314331,0.9230769276618958,1.0,0.0,0.0,353,176,False,3.6980135039391815,2.5752571700321067,0.9230769276618958
9lmm,2626,2686.5,2747,2626,0.6363636255264282,1.0,0.9090909361839294,1.0,0.04545454680919647,0.07692307978868484,189,93,False,3.4192947217534604,2.435053247476493,0.863636389374733
9lmn,3432,3433.0,3434,3432,0.12935322523117065,0.30000001192092896,0.89552241563797,1.0,0.05472636967897415,0.02500000037252903,723,361,False,3.535547279176668,2.256793678223839,0.8407960459589958
9lnb,3154,3154.0,3154,3154,0.0,0.0,0.0,0.0,0.06666667014360428,0.0,808,404,True,3.498861688992884,2.1956710064375815,-0.06666667014360428
9lnh,17737,17771.0,17805,17737,0.06451612710952759,0.0,0.8548387289047241,1.0,0.04838709533214569,0.0833333358168602,340,169,False,4.248880166024286,3.134936813717449,0.8064516335725784
9lpe,9277,9310.0,9343,9277,0.4166666865348816,0.25,0.8333333134651184,1.0,0.8333333134651184,0.75,150,72,False,3.9674075565974727,3.0387413083818386,0.0
9lri,7749,7868.0,7749,7987,0.012195121496915817,0.0,0.0,0.0,0.0,0.0,305,147,False,3.8892456608929797,2.8055869935188915,0.0
9lsd,5640,5641.0,5640,5642,0.25,0.3461538553237915,0.9090909361839294,1.0,0.03030303120613098,0.0,214,107,False,3.751279103983342,2.7365872151407373,0.8787879049777985
9lw1,1566,1566.0,1566,1566,0.016949152573943138,0.0,0.16949152946472168,0.17391304671764374,0.0,0.0,516,258,True,3.1947917577219247,1.9889819047403094,0.16949152946472168
9lyd,11397,11397.0,11397,11397,0.0,0.0,0.0,0.0,0.0,0.0,746,373,True,4.056790548274383,2.7709361323700388,0.0
9m06,681,681.0,681,681,0.06603773683309555,0.2380952388048172,0.9528301954269409,1.0,0.03773584961891174,0.0,286,143,True,2.833147111912785,1.7554790931802542,0.9150943458080292
9m1q,9181,9181.0,9181,9181,0.09836065024137497,0.1666666716337204,0.08196721225976944,0.4166666567325592,0.6721311211585999,0.9166666865348816,312,156,True,3.962889987391791,2.8663276882145605,-0.5901639088988304
9m3b,1298,1458.5,1619,1298,0.0,0.0,0.8571428656578064,1.0,0.0714285746216774,0.09090909361839294,460,128,False,3.1132746924643504,2.059669707640416,0.785714291036129
9m3l,200,200.0,200,200,0.0,0.0,0.1204819306731224,0.375,0.012048192322254181,0.0,315,157,False,2.3010299956639813,1.2030801694593642,0.10843373835086823
9m71,97,97.0,97,97,0.0833333358168602,0.5,0.0,0.0,0.0,0.0,226,113,True,1.9867717342662448,0.960232512524535,0.0
9m7t,117,117.0,117,117,0.02054794505238533,0.0,0.8287671208381653,1.0,0.0,0.0,230,115,True,2.0681858617461617,1.0378369415693558,0.8287671208381653
9m8p,6432,6432.0,6432,6432,0.0,0.0,0.0416666679084301,0.0,0.0,0.0,508,254,True,3.808346035740395,2.6059291774304256,0.0416666679084301
9m9z,1880,1911.5,1880,1943,0.02521008625626564,0.043478261679410934,0.8907563090324402,1.0,0.4285714328289032,1.0,568,280,False,3.2741578492636796,2.0505788335925703,0.462184876203537
9ma1,1943,1979.0,2015,1943,0.01807228848338127,0.0,0.0,0.0,0.0301204826682806,0.09090909361839294,560,272,False,3.2884728005997825,2.071188348582683,-0.0301204826682806
9mcd,2859,2869.0,2859,2879,0.45614033937454224,1.0,0.8070175647735596,1.0,0.0,0.0,223,111,False,3.456214155357989,2.43355266596466,0.8070175647735596
9mhi,732,732.0,732,732,0.0,0.0,0.5897436141967773,1.0,0.0,0.0,482,241,True,2.864511081058392,1.6735025597709576,0.5897436141967773
9mhj,700,703.0,706,700,0.0,0.0,0.594936728477478,1.0,0.0,0.0,491,245,False,2.845098040014257,1.6505149978319906,0.594936728477478
9mhk,719,719.0,719,719,0.0,0.0,0.5874999761581421,1.0,0.0,0.0,490,245,True,2.8567288903828825,1.6621458482006164,0.5874999761581421
9mhl,855,872.5,890,855,0.0,0.0,0.914893627166748,1.0,0.0,0.0,455,227,False,2.931966114728173,1.7539531861316113,0.914893627166748
9mhm,829,845.5,829,862,0.0,0.0,0.8958333134651184,1.0,0.0,0.0,461,230,False,2.9185545305502734,1.737690612541477,0.8958333134651184
9mhn,869,879.5,869,890,0.0,0.0,0.8723404407501221,1.0,0.0,0.0,458,228,False,2.9390197764486663,1.7600523529484395,0.8723404407501221
9mho,855,872.5,890,855,0.0,0.0,0.8936170339584351,1.0,0.0,0.0,455,227,False,2.931966114728173,1.7539531861316113,0.8936170339584351
9mpy,6066,6073.5,6081,6066,0.11724138259887695,0.37931033968925476,0.4137931168079376,0.931034505367279,0.3448275923728943,1.0,804,401,False,3.7829024059746446,2.4813302196645535,0.06896552443504333
9mqb,999,1969.0,2939,999,0.0,0.0,0.36666667461395264,1.0,0.019999999552965164,0.06666667014360428,768,70,False,2.9995654882259823,2.077016468218854,0.3466666750609875
9mqc,1314,2126.5,2939,1314,0.0,0.0,0.3758865296840668,1.0,0.03546099364757538,0.0,751,53,False,3.118595365223762,2.2564574304233673,0.3404255360364914
9mqe,1317,2128.0,2939,1317,0.0,0.0,0.3863636255264282,1.0,0.0,0.0,751,53,False,3.119585774961784,2.2574478401613893,0.3863636255264282
9mrw,437,437.0,437,437,0.0,0.0,0.0,0.0,0.0,0.0,694,347,True,2.640481436970422,1.370316699574985,0.0
9mty,2456,2460.0,2456,2464,0.0,0.0,0.03125,0.1666666716337204,0.0,0.0,586,292,False,3.3902283624691303,2.157536936744921,0.03125
9mw1,7768,7855.5,7943,7768,0.0,0.0,0.13333334028720856,0.3333333432674408,0.13333334028720856,0.3333333432674408,278,139,False,3.8903092168999485,2.818801816772901,0.0
9mw2,7921,8325.5,8730,7921,0.0,0.0,0.8709677457809448,1.0,0.7419354915618896,1.0,268,131,False,3.8987800132898256,2.8401443654619434,0.12903225421905518
9mw3,7775,7859.0,7775,7943,0.0,0.0,0.90625,1.0,0.75,1.0,279,139,False,3.890700397698875,2.8191929975718275,0.15625
9n0x,3019,3019.0,3019,3019,0.0,0.0,0.5448275804519653,0.0,0.0,0.0,760,380,True,3.479863113023098,2.189971314714693,0.5448275804519653
9n2g,6646,6655.5,6646,6665,0.0,0.0,0.14084507524967194,0.0714285746216774,0.028169013559818268,0.0,143,71,False,3.822560336942692,2.8969311625831544,0.11267606168985367
9n2n,6545,6575.0,6605,6545,0.04651162773370743,0.125,0.0,0.0,0.0,0.0,132,64,False,3.8159096508867747,2.912819663894831,0.0
9n9c,1335,1335.0,1335,1335,0.0,0.0,0.40963855385780334,0.6875,0.0,0.0,692,346,True,3.125481265700594,1.8559432163042058,0.40963855385780334
9n9m,1335,1345.5,1356,1335,0.0,0.0,0.15094339847564697,0.190476194024086,0.0,0.0,711,346,False,3.125481265700594,1.8559432163042058,0.15094339847564697
9n9o,1335,1345.5,1356,1335,0.0,0.0,0.1683168262243271,0.20000000298023224,0.0,0.0,711,346,False,3.125481265700594,1.8559432163042058,0.1683168262243271
9ndu,3268,3289.0,3268,3310,0.0,0.0,0.0,0.0,0.0,0.0,470,234,False,3.514282047860378,2.3296741191553063,0.0
9nf8,4342,6814.5,4342,9287,0.0,0.0,0.0,0.0,0.0,0.0,843,315,False,3.637689819118401,2.388534542223601,0.0
9nli,2650,2674.5,2650,2699,0.03478260710835457,0.08695652335882187,0.852173924446106,1.0,0.0,0.0,399,199,False,3.423245873936808,2.2738193357319547,0.852173924446106
9nlt,2,47.0,2,92,0.08496732264757156,0.06666667014360428,0.013071895577013493,0.0,0.006535947788506746,0.03333333507180214,159,53,False,0.3010299956639812,-0.5611079391364133,0.006535947788506746
9nnq,4989,4996.5,5004,4989,0.0,0.0,0.5193798542022705,1.0,0.05426356568932533,0.03999999910593033,873,436,False,3.6980135039391815,2.378270259304889,0.4651162885129452
9nnr,5154,5212.0,5154,5270,0.0,0.0,0.5634920597076416,1.0,0.0555555559694767,0.03999999910593033,867,431,False,3.712144414214886,2.39490577913452,0.5079365037381649
9nq5,6477,6858.0,6477,7239,0.11857707798480988,0.1599999964237213,0.8418972492218018,1.0,0.0,0.0,934,465,False,3.811373897053893,2.4776474206089163,0.8418972492218018
9nrq,2448,2497.5,2448,2547,0.061403509229421616,0.1818181872367859,0.859649121761322,1.0,0.0,0.0,393,196,False,3.3888114134735234,2.2426833777952857,0.859649121761322
9nu4,3,7051.5,14100,3,0.0,0.0,0.0,0.0,0.0,0.0,631,29,False,0.47712125471966244,-0.2540777442298156,0.0
9nu5,3,6773.0,13543,3,0.0,0.0,0.0,0.0,0.11764705926179886,0.1764705926179886,532,29,False,0.47712125471966244,-0.2540777442298156,-0.11764705926179886
9nu8,2,6722.0,13442,2,0.010526316240429878,0.0,0.0,0.0,0.031578946858644485,0.0,550,40,False,0.3010299956639812,-0.5,-0.031578946858644485
9nyu,475,475.0,475,475,0.004115226212888956,0.02083333395421505,0.5802469253540039,1.0,0.045267488807439804,0.02083333395421505,626,313,True,2.6766936096248664,1.4289214408516424,0.5349794365465641
9nzo,269,3320.5,6372,269,0.0,0.0,0.0,0.0,0.0,0.0,694,249,False,2.429752280002408,1.2316526064545399,0.0
9nzp,284,284.5,284,285,0.06410256773233414,0.20000001788139343,0.5128205418586731,0.6666666865348816,0.12820513546466827,0.13333334028720856,389,194,False,2.4533183400470375,1.3094174750819247,0.3846154063940048
9nzq,1782,5755.5,9729,1782,0.0,0.0,0.4864864945411682,0.5714285969734192,0.0,0.0,750,327,False,3.250907699700856,1.993633823370713,0.4864864945411682
9nzr,6722,7901.5,9081,6722,0.0,0.0,0.5757575631141663,0.9473684430122375,0.0,0.0,889,441,False,3.8274985081334587,2.505279213399539,0.5757575631141663
9nzs,2274,6236.0,10198,2274,0.0,0.0,0.4375,0.6666666865348816,0.0,0.0,728,316,False,3.356790460351716,2.106946919042514,0.4375
9nzt,248,4988.5,9729,248,0.0,0.0,0.557692289352417,0.699999988079071,0.0,0.0,598,175,False,2.3944516808262164,1.272932656483069,0.557692289352417
9nzy,859,867.5,859,876,0.15315315127372742,0.1818181872367859,0.9459459185600281,1.0,0.30630630254745483,0.3181818127632141,464,228,False,2.9339931638312424,1.7550257403310154,0.6396396160125732
9oa6,1686,7730.5,13775,1686,0.005747126415371895,0.0,0.02298850566148758,0.0,0.04022988677024841,0.029411764815449715,369,120,False,3.2268575702887237,2.187266947264911,-0.017241381108760834
9oa7,5407,5549.5,5407,5692,0.0,0.0,0.5080645084381104,1.0,0.024193547666072845,0.0,863,431,False,3.7329563695756245,2.4157177344952587,0.4838709607720375
9oa9,5648,5769.0,5890,5648,0.027272727340459824,0.09090909361839294,0.013636363670229912,0.04545454680919647,0.03181818127632141,0.022727273404598236,550,270,False,3.7518946880437474,2.5362128059642535,-0.0181818176060915
9opx,2210,2647.0,3084,2210,0.23076924681663513,0.6000000238418579,0.26923078298568726,0.20000000298023224,0.07692307978868484,0.20000000298023224,553,275,False,3.3443922736851106,2.124725926769979,0.1923077031970024
9oq0,2210,2647.0,3084,2210,0.22727273404598236,0.75,0.5454545617103577,0.5,0.04545454680919647,0.25,553,275,False,3.3443922736851106,2.124725926769979,0.5000000149011612
9ozv,1183,1200.5,1183,1218,0.056338027119636536,0.0714285746216774,0.7746478915214539,1.0,0.0,0.0,359,178,False,3.0729847446279304,1.9477747434734833,0.7746478915214539
9p3f,1587,2542.0,1587,3497,0.0,0.0,0.8888888955116272,1.0,0.0,0.0,706,308,False,3.2005769267548483,1.9563015685046259,0.8888888955116272
9p6h,1553,10779.0,1553,20005,0.0,0.0,0.8208954930305481,1.0,0.0,0.0,701,254,False,3.1911714557285586,1.9887545974185894,0.8208954930305481
9p9n,2079,2120.0,2161,2079,0.0,0.0,0.9545454382896423,1.0,0.0,0.0,578,289,False,3.317854489331469,2.087405567953195,0.9545454382896423
9p9o,2079,2120.0,2079,2161,0.0,0.0,0.9701492786407471,1.0,0.0,0.0,577,288,False,3.317854489331469,2.088158245451854,0.9701492786407471
9p9p,2120,2152.0,2120,2184,0.0,0.0,0.9545454382896423,1.0,0.0,0.0,579,289,False,3.326335860928751,2.0958869395504776,0.9545454382896423
9pas,2120,2184.5,2120,2249,0.0,0.0,0.9701492786407471,1.0,0.0,0.0,579,289,False,3.326335860928751,2.0958869395504776,0.9701492786407471
9pau,2120,2174.5,2229,2120,0.0,0.0,0.9701492786407471,1.0,0.0,0.0,578,288,False,3.326335860928751,2.096639617049136,0.9701492786407471
9pax,2035,2078.5,2035,2122,0.0,0.0,0.9701492786407471,1.0,0.0,0.0,578,289,False,3.3085644135612386,2.078115492182965,0.9701492786407471
9pay,2106,2208.5,2311,2106,0.0,0.0,0.9701492786407471,1.0,0.0,0.0,574,286,False,3.3234583668494677,2.0952753502849464,0.9701492786407471
9pbn,2087,2112.5,2138,2087,0.0,0.0,0.9545454382896423,1.0,0.0,0.0,579,289,False,3.3195224490654542,2.08907352768718,0.9545454382896423
9pcm,2079,2120.0,2079,2161,0.0,0.0,0.970588207244873,1.0,0.0,0.0,577,288,False,3.317854489331469,2.088158245451854,0.970588207244873
9pcn,2074,2074.0,2074,2074,0.0,0.0,0.9701492786407471,1.0,0.0,0.0,580,290,True,3.316808752053022,2.085609753103544,0.9701492786407471
9phg,7762,7762.0,7762,7762,0.021739130839705467,0.1111111119389534,0.695652186870575,1.0,0.0,0.0,678,339,True,3.8899736384039962,2.624873789302455,0.695652186870575
9pl2,315,330.0,315,345,0.4583333432674408,0.8571429252624512,0.8888888955116272,1.0,0.1388888955116272,0.1428571492433548,238,117,False,2.4983105537896004,1.4642176229165196,0.75
9ply,1823,1858.0,1893,1823,0.0,0.0,0.0,0.0,0.0,0.0,591,294,False,3.2607866686549762,2.0266130034488974,0.0
9q1f,3865,3876.5,3888,3865,0.0,0.0,0.2295081913471222,0.125,0.04098360612988472,0.0,734,362,False,3.5871494982543437,2.307795212987761,0.18852458521723747
9q1h,2,307.5,2,613,0.032258063554763794,0.0833333358168602,0.7580645084381104,1.0,0.6935483813285828,1.0,229,64,False,0.3010299956639812,-0.6020599913279624,0.06451612710952759
9q3h,294,313.5,294,333,0.024390242993831635,0.0,0.0,0.0,0.0,0.0,247,123,False,2.4683473304121573,1.4233947746924582,0.0
9q9v,73,112.0,73,151,0.0,0.0,0.795918345451355,1.0,0.1428571492433548,0.2222222238779068,274,123,False,1.863322860120456,0.8183703044007569,0.6530611962080002
9qa7,7427,7508.5,7590,7427,0.0,0.0,0.8064516186714172,0.8333333134651184,0.0,0.0,195,95,False,3.8708134239155974,2.8819516212711735,0.8064516186714172
9qaa,74,113.0,74,152,0.0,0.0,0.717391312122345,1.0,0.41304346919059753,0.6666666865348816,284,125,False,1.8692317197309762,0.8207767132269479,0.30434784293174744
9qbx,698,698.0,698,698,0.0,0.0,0.0,0.0,0.1354166716337204,0.4736842215061188,508,254,True,2.843855422623161,1.6414385643131921,-0.1354166716337204
9qdr,6648,6985.5,7323,6648,0.570588231086731,0.8529411554336548,0.8764705657958984,1.0,0.8352941274642944,1.0,291,140,False,3.8226910107760546,2.7496269929369355,0.041176438331604004
9qh2,8644,8644.0,8644,8644,0.04901960864663124,0.0,0.06862745434045792,0.0,0.0,0.0,472,236,True,3.936714758211204,2.7502587567261503,0.06862745434045792
9qih,12578,12667.0,12578,12756,0.030487803742289543,0.09375,0.5121951103210449,1.0,0.04268292710185051,0.0,589,293,False,4.099611590392529,2.866177780215474,0.4695121832191944
9qjg,9109,9647.5,10186,9109,0.04411764815449715,0.07692307978868484,0.029411764815449715,0.07692307978868484,0.20588235557079315,0.23076923191547394,310,154,False,3.959470702075107,2.8657103416568757,-0.17647059075534344
9qko,10789,10789.0,10789,10789,0.0,0.0,0.8163265585899353,1.0,0.06122449040412903,0.0,604,302,True,4.032981193097368,2.7929777216187928,0.7551020681858063
9ql9,7272,7357.0,7272,7442,0.014705882407724857,0.07692307978868484,0.14705882966518402,0.1538461595773697,0.014705882407724857,0.07692307978868484,302,148,False,3.861653870213911,2.7765230125164324,0.13235294725745916
9qp8,204,204.0,204,204,0.0,0.0,0.30000001192092896,0.3333333432674408,0.31111112236976624,0.2222222238779068,272,136,True,2.3096301674258988,1.24286071324079,-0.01111111044883728
9qtr,77,1172.5,2268,77,0.0,0.0,0.15000000596046448,0.25,0.0,0.0,215,53,False,1.8864907251724818,1.0243527903720873,0.15000000596046448
9qwr,690,705.0,720,690,0.0,0.0,0.0,0.0,0.0,0.0,331,159,False,2.838849090737255,1.7381505285770296,0.0
9qyg,4779,4832.0,4885,4779,0.027397260069847107,0.0714285746216774,0.054794520139694214,0.0,0.054794520139694214,0.0714285746216774,362,176,False,3.6793370305207937,2.556580696613719,0.0
9qz0,1667,1671.0,1667,1675,0.04545454680919647,0.0,0.0,0.0,0.0,0.0,787,393,False,3.2219355998280053,1.924739324640292,0.0
9qz1,1667,1671.0,1667,1675,0.04444444552063942,0.0,0.0,0.0,0.0,0.0,787,393,False,3.2219355998280053,1.924739324640292,0.0
9r11,4202,4297.5,4202,4393,0.02083333395421505,0.0,0.0,0.0,0.0625,0.2222222238779068,330,165,False,3.623456048069934,2.5147140759629805,-0.0625
9r2g,6193,9913.5,13634,6193,0.015075376257300377,0.0,0.7185929417610168,0.9743589758872986,0.0,0.0,707,330,False,3.791901080009571,2.5326441100706276,0.7185929417610168
9r2z,424,433.5,424,443,0.0,0.0,0.2931034564971924,0.4545454680919647,0.12068965286016464,0.1818181872367859,157,78,False,2.6273658565927325,1.6813185552474923,0.17241380363702774
9r3e,805,805.0,805,805,0.0,0.0,0.260869562625885,0.5,0.0,0.0,596,298,True,2.9057958803678687,1.6686877483297409,0.260869562625885
9r43,12456,12456.0,12456,12456,0.0,0.0,0.0,0.0,0.0,0.0,882,441,True,4.095378599560064,2.7731593048261445,0.0
9r8s,146,149.5,153,146,0.0,0.0,0.5,0.6363636255264282,0.0,0.0,473,235,False,2.164352855784437,0.978818924648569,0.5
9rkp,54,54.0,54,54,0.018518518656492233,0.0,0.8888888955116272,1.0,0.02777777798473835,0.0,211,105,False,1.7323937598229686,0.7217991102879995,0.8611111175268888
9rpl,257,257.0,257,257,0.0,0.0,0.8333333134651184,1.0,0.0,0.0,523,261,False,2.4099331233312946,1.2016128696621542,0.8333333134651184
9rt4,233,1451.0,2669,233,0.03921568766236305,0.0,0.019607843831181526,0.0,0.03921568766236305,0.20000000298023224,387,104,False,2.367355921026019,1.3588392513766288,-0.019607843831181526
9rxw,146,150.0,154,146,0.23076923191547394,0.1428571492433548,0.3333333432674408,0.0,0.05128205195069313,0.0,181,90,False,2.164352855784437,1.1872316010647745,0.28205129131674767
9rxx,182,185.0,182,188,0.20000000298023224,0.3333333432674408,0.7777777910232544,1.0,0.0,0.0,182,91,False,2.2600713879850747,1.280550691824528,0.7777777910232544
9s7k,13432,13432.0,13432,13432,0.0,0.0,0.3695652186870575,0.3333333432674408,0.0,0.0,678,339,True,4.128140683129993,2.8630408340284514,0.3695652186870575
9s9i,437,510.0,583,437,0.0,0.0,0.0,0.0,0.0,0.0,384,189,False,2.640481436970422,1.5022505348837998,0.0
9sa1,11637,11637.0,11637,11637,0.6222222447395325,1.0,0.8111110925674438,1.0,0.18888889253139496,0.6111111044883728,156,78,True,4.065841034319719,3.1197937329744785,0.6222222000360489
9sfa,1792,1810.0,1792,1828,0.15037594735622406,0.5769230723381042,0.8571428656578064,1.0,0.0,0.0,667,328,False,3.2533380053261065,1.995401083470267,0.8571428656578064
9sma,1002,1003.5,1005,1002,0.0,0.0,0.0,0.0,0.0,0.0,252,124,False,3.000867721531227,1.9541568789501094,0.0
9smz,6480,6480.0,6480,6480,0.529411792755127,0.8648648858070374,0.8288770318031311,1.0,0.7914438247680664,1.0,288,144,True,3.8115750058705933,2.7323937598229686,0.0374332070350647
9sng,3701,3871.0,3701,4041,0.01515151560306549,0.0,0.8030303120613098,1.0,0.01515151560306549,0.0,275,135,False,3.5683190850951116,2.503152200847609,0.7878787964582443
9sni,4612,4641.5,4671,4612,0.0066225165501236916,0.03333333507180214,0.0,0.0,0.0,0.0,255,125,False,3.6638892986226614,2.6154342921186333,0.0
9snv,1238,2571.5,1238,3905,0.0,0.0,0.9399999976158142,1.0,0.0,0.0,272,128,False,3.0927206446840994,2.039115659860165,0.9399999976158142
9srj,286,288.0,290,286,0.3214285969734192,0.9090909361839294,0.9107142686843872,1.0,0.0535714291036129,0.0,302,150,False,2.456366033129043,1.3683204036012024,0.8571428395807743
9sxc,101,180.0,101,259,0.0234375,0.0,0.0703125,0.0,0.1015625,0.11999999731779099,682,246,False,2.0043213737826426,0.808853820230953,-0.03125
9sya,434,435.0,434,436,0.0,0.0,0.0,0.0,0.0,0.0,647,323,False,2.637489729512511,1.3828884683469593,0.0
9t3l,6353,6863.0,6353,7373,0.0,0.0,0.8648648858070374,1.0,0.18918919563293457,0.2857142984867096,214,88,False,3.8029788553352617,2.8307375192601776,0.6756756901741028
9t4z,11421,11677.5,11421,11934,0.18269231915473938,0.3499999940395355,0.8461538553237915,1.0,0.0,0.0,445,219,False,4.057704131534029,2.8874820741139704,0.8461538553237915
9ten,531,561.5,592,531,0.010309278033673763,0.0,0.0,0.0,0.0,0.0,606,217,False,2.725094521081469,1.5568646541572044,0.0
9ter,354,442.5,354,531,0.0,0.0,0.7317073345184326,0.9166666865348816,0.0,0.0,594,217,False,2.5490032620257876,1.380773395101523,0.7317073345184326
9u3w,7484,7590.5,7484,7697,0.0,0.0,0.0,0.0,0.0,0.0,634,315,False,3.8741337788279724,2.624978501933172,0.0
9u49,46,46.0,46,46,0.0803571492433548,0.1818181872367859,0.7142857313156128,0.8636363744735718,0.125,0.13636364042758942,798,399,True,1.662757831681574,0.3622713838382,0.5892857313156128
9u78,2,2.0,2,2,0.0,0.0,0.0,0.0,0.0,0.0,236,118,True,0.3010299956639812,-0.7349110079890815,0.0
9u7b,7754,8149.0,7754,8544,0.276699036359787,0.5853658318519592,0.24757280945777893,0.8536585569381714,0.46116504073143005,0.8292682766914368,282,136,False,3.889525796671191,2.822756342486082,-0.21359223127365112
9u82,2852,2852.0,2852,2852,0.0,0.0,0.9661017060279846,1.0,0.0,0.0,896,448,True,3.4551495211798278,2.129510514180756,0.9661017060279846
9u84,2852,2852.0,2852,2852,0.0,0.0,0.9210526347160339,1.0,0.0,0.0,896,448,True,3.4551495211798278,2.129510514180756,0.9210526347160339
9u8e,2852,2852.0,2852,2852,0.0,0.0,0.939130425453186,1.0,0.0,0.0,896,448,True,3.4551495211798278,2.129510514180756,0.939130425453186
9u8h,2852,2852.0,2852,2852,0.0,0.0,0.939130425453186,1.0,0.0,0.0,896,448,True,3.4551495211798278,2.129510514180756,0.939130425453186
9uat,861,9630.5,18400,861,0.0,0.0,0.0,0.0,0.0,0.0,752,221,False,2.935003151453655,1.7628070146110995,0.0
9uc5,2,2.0,2,2,0.0,0.0,0.17307692766189575,0.10000000149011612,0.17307692766189575,0.10000000149011612,188,92,False,0.3010299956639812,-0.6808639180087964,0.0
9ucm,4098,4098.0,4098,4098,0.0,0.0,0.8148148059844971,1.0,0.0,0.0,930,465,True,3.612571954065176,2.2788454776201994,0.8148148059844971
9udb,12058,12073.0,12058,12088,0.0,0.0,0.0,0.0,0.0,0.0,941,470,False,4.081275279529334,2.745226350561475,0.0
9udd,12645,12645.0,12645,12645,0.0,0.0,0.0,0.0,0.0,0.0,944,472,True,4.101918833680424,2.7649478343633795,0.0
9ude,12645,12645.0,12645,12645,0.0,0.0,0.0,0.0,0.0,0.0,944,472,True,4.101918833680424,2.7649478343633795,0.0
9udv,4072,4135.5,4072,4199,0.0,0.0,0.7804877758026123,0.875,0.0,0.0,918,454,False,3.6098077693287025,2.28127984290015,0.7804877758026123
9udw,4144,4144.0,4144,4144,0.0,0.0,0.8125,1.0,0.0,0.0,904,452,True,3.6174197467371765,2.2898505293314857,0.8125
9udx,4098,4098.0,4098,4098,0.0,0.0,0.800000011920929,1.0,0.0,0.0,930,465,True,3.612571954065176,2.2788454776201994,0.800000011920929
9uet,6174,6174.0,6174,6174,0.0,0.0,0.8181818127632141,1.0,0.0,0.0,736,368,True,3.7905666251460763,2.5076427158093177,0.8181818127632141
9uf7,6717,6717.0,6717,6717,0.0,0.0,0.0,0.0,0.0,0.0,900,450,True,3.8271753482986925,2.500569091411021,0.0
9ukv,3,6887.0,13771,3,0.0,0.0,0.0,0.0,0.0,0.0,548,38,False,0.47712125471966244,-0.3127705435887426,0.0
9us9,2583,2719.5,2856,2583,0.0,0.0,0.0,0.0,0.0,0.0,302,143,False,3.412124406173317,2.3344563874407864,0.0
9utm,493,493.5,493,494,0.0,0.0,0.0,0.0,0.0,0.0,302,150,False,2.69284691927723,1.6048012897493895,0.0
9uu7,12896,13354.0,13812,12896,0.08176100254058838,0.22580644488334656,0.044025156646966934,0.0,0.050314463675022125,0.06451612710952759,462,230,False,4.110455024461015,2.929591106452219,-0.006289307028055191
9uuv,111,118.5,126,111,0.1666666716337204,0.4166666865348816,0.4000000059604645,0.5833333134651184,0.1666666716337204,0.3333333432674408,283,141,False,2.0453229787866576,0.9707134224589675,0.23333333432674408
9uvr,6443,6483.0,6523,6443,0.0,0.0,0.0,0.0,0.0,0.0,820,409,False,3.8090881313463463,2.5032264773426753,0.0
9uwj,7844,7844.0,7844,7844,0.07017543911933899,0.09090909361839294,0.0,0.0,0.0,0.0,530,265,True,3.8945375849957466,2.6829146480273423,0.0
9uwl,7539,7539.0,7539,7539,0.0535714328289032,0.09090909361839294,0.0,0.0,0.0,0.0,530,265,True,3.8773137433122384,2.6656908063438345,0.0
9uwz,48,48.0,48,48,0.4197530746459961,0.6875,0.6913580298423767,1.0,0.012345679104328156,0.0,264,132,True,1.6812412373755872,0.6209542717726623,0.6790123507380486
9v8i,339,1065.5,339,1792,0.0,0.0,0.8545454740524292,1.0,0.0,0.0,215,107,False,2.530199698203082,1.5155078093604772,0.8545454740524292
9vbg,4627,4627.0,4627,4627,0.0,0.0,0.9142857193946838,1.0,0.11428571492433548,0.2142857164144516,838,419,True,3.665299499499897,2.3541924880167495,0.8000000044703484
9vbh,4149,4149.0,4149,4149,0.0,0.0,0.8717948794364929,1.0,0.10256410390138626,0.13333334028720856,840,420,True,3.617943434828973,2.306318789630023,0.7692307755351067
9vbi,4149,4149.0,4149,4149,0.0,0.0,0.8611111044883728,1.0,0.1388888955116272,0.2142857164144516,840,420,True,3.617943434828973,2.306318789630023,0.7222222089767456
9ve3,1238,1258.5,1238,1279,0.02083333395421505,0.05263157933950424,0.625,1.0,0.4791666567325592,1.0,132,65,False,3.0927206446840994,2.1862639663626715,0.1458333432674408
9ve4,1228,1251.0,1228,1274,0.032967034727334976,0.0,0.7142857313156128,1.0,0.593406617641449,0.8888888955116272,122,57,False,3.089198366805149,2.2112609389689033,0.12087911367416382
9ve5,1249,1263.0,1249,1277,0.032258063554763794,0.0,0.6666666865348816,1.0,0.6451612710952759,1.0,130,63,False,3.0965624383741357,2.1968921636473446,0.021505415439605713
9ve6,1248,1263.5,1248,1279,0.029999999329447746,0.0,0.6000000238418579,1.0,0.5199999809265137,0.949999988079071,131,63,False,3.0962145853464054,2.1965443106196143,0.08000004291534424
9ve7,1257,1266.5,1257,1276,0.03921568766236305,0.0,0.6176470518112183,0.949999988079071,0.5098039507865906,1.0,129,63,False,3.0993352776859577,2.1996650029591667,0.10784310102462769
9ve8,1206,1240.5,1206,1275,0.02298850566148758,0.05882352963089943,0.6321839094161987,0.9411764740943909,0.5977011322975159,1.0,121,58,False,3.0813473078041325,2.199633311022664,0.03448277711868286
9vea,1208,1241.0,1208,1274,0.04210526496171951,0.05263157933950424,0.7473683953285217,1.0,0.621052622795105,1.0,119,56,False,3.082066934285113,2.2079729207820127,0.12631577253341675
9veh,1261,1268.0,1261,1275,0.020408162847161293,0.0,0.6224489808082581,0.9473684430122375,0.5510203838348389,1.0,128,62,False,3.1007150865730817,2.2045192418239545,0.07142859697341919
9vj4,754,3815.5,6877,754,0.0,0.0,0.7247706651687622,1.0,0.00917431153357029,0.0,445,165,False,2.877371345869774,1.768629373762821,0.7155963536351919
9vkn,7972,7987.5,8003,7972,0.25,0.4444444477558136,0.8333333134651184,1.0,0.0,0.0,290,144,False,3.90156729002845,2.822386043980825,0.8333333134651184
9voa,7434,7434.0,7434,7434,0.3186813294887543,0.5,0.8791208863258362,1.0,0.10989011079072952,0.0555555559694767,374,187,True,3.871222556759707,2.7353017534914574,0.7692307755351067
9vz0,43,307.5,43,572,0.14444445073604584,0.2777777910232544,0.8999999761581421,1.0,0.8999999761581421,1.0,287,69,False,1.6334684555795866,0.7140439102109589,0.0
9vzx,1137,1181.5,1226,1137,0.0,0.0,0.694915235042572,1.0,0.0,0.0,483,238,False,3.0557604646877348,1.8674719861594788,0.694915235042572
9w02,1023,1124.5,1023,1226,0.0,0.0,0.7068965435028076,1.0,0.0,0.0,482,237,False,3.00987563371216,1.8225014607071082,0.7068965435028076
9w03,1168,1688.0,1168,2208,0.0,0.0,0.5957446694374084,0.8888888955116272,0.0,0.0,476,230,False,3.0674428427763805,1.8865789247675842,0.5957446694374084
9w04,1020,1048.5,1020,1077,0.021276595070958138,0.0,0.6276595592498779,1.0,0.0,0.0,611,302,False,3.0086001717619175,1.7685967002833423,0.6276595592498779
9w1n,3166,3166.0,3166,3166,0.0,0.0,0.0,0.0,0.0,0.0,814,407,True,3.5005109105263372,2.195713705913727,0.0
9w1o,3166,3166.0,3166,3166,0.0,0.0,0.0,0.0,0.0,0.0,814,407,True,3.5005109105263372,2.195713705913727,0.0
9w26,1077,1105.5,1134,1077,0.012820512987673283,0.0,0.7051281929016113,1.0,0.0,0.0,546,237,False,3.0322157032979815,1.8448415302929297,0.7051281929016113
9w8g,6028,6028.0,6028,6028,0.0,0.0,0.930232584476471,1.0,0.0,0.0,316,158,True,3.780173243642594,2.680844700165383,0.930232584476471
9wno,231,1897.0,3563,231,0.0,0.0,0.772357702255249,1.0,0.08943089097738266,0.1666666716337204,814,407,False,2.3636119798921444,1.0588147752795343,0.6829268112778664
9wq2,205,205.0,205,205,0.0,0.0,0.0,0.0,0.0,0.0,736,368,True,2.311753861055754,1.0288299517189956,0.0
9wt2,2937,2937.0,2937,2937,0.0,0.0,0.0,0.0,0.0555555559694767,0.0,828,414,True,3.4679039465228003,2.159403775962351,-0.0555555559694767
9wvh,1428,1612.0,1796,1428,0.03333333507180214,0.10000000894069672,0.03333333507180214,0.0,0.14000000059604645,0.06666667014360428,159,78,False,3.1547282074401557,2.2086809060949153,-0.10666666552424431
9wzk,13916,13916.0,13916,13916,0.03703703731298447,0.20000000298023224,0.0,0.0,0.0,0.0,508,254,True,4.143514420075551,2.941097561765582,0.0
9wzl,16287,16341.0,16395,16287,0.03030303120613098,0.1666666716337204,0.1515151560306549,0.3333333432674408,0.0,0.0,511,255,False,4.211841096375342,3.008571006158365,0.1515151560306549
9x8x,2937,2937.0,2937,2937,0.0,0.0,0.0,0.0,0.0,0.0,828,414,True,3.4679039465228003,2.159403775962351,0.0
9x97,2937,2937.0,2937,2937,0.0,0.0,0.0,0.0,0.0,0.0,828,414,True,3.4679039465228003,2.159403775962351,0.0
9xb1,7840,7840.0,7840,7840,0.09836065024137497,0.1666666716337204,0.0,0.0,0.0,0.0,512,256,True,3.8943160626844384,2.690196080028514,0.0
9xca,3089,3089.0,3089,3089,0.0357142873108387,0.0,0.0,0.0,0.0714285746216774,0.20000000298023224,814,407,True,3.4898179083014504,2.1850207036888407,-0.0714285746216774
9xgm,4167,4186.0,4205,4167,0.0,0.0,0.0,0.0,0.125,0.0,155,77,False,3.619823500457278,2.676578137871037,-0.125
9xzp,9913,10043.0,10173,9913,0.19178082048892975,0.23255813121795654,0.3059360682964325,0.8837209343910217,0.34703195095062256,0.8837209343910217,155,77,False,3.9962051061783246,3.0529597435920834,-0.041095882654190063
9y4q,1811,1840.5,1870,1811,0.0,0.0,0.0,0.0,0.0,0.0,594,294,False,3.2579184503140586,2.0237447851079797,0.0
9y7d,6540,13259.5,6540,19979,0.0,0.0,0.8500000238418579,1.0,0.0,0.0,405,26,False,3.815577748324267,3.1080910743388586,0.8500000238418579
9ydy,1647,2044.5,1647,2442,0.8787878751754761,1.0,0.9242424368858337,1.0,0.9242424368858337,1.0,100,48,False,3.2166935991697545,2.3760729804819607,0.0
9yh9,10533,10730.5,10533,10928,0.015625,0.0833333358168602,0.09375,0.0,0.0,0.0,343,170,False,4.022552084185014,2.9073276234958767,0.09375
9yru,13277,13520.0,13277,13763,0.0,0.0,0.8571428656578064,1.0,0.0,0.0,840,407,False,4.123099955255574,2.8183027506429643,0.8571428656578064
9yrw,13419,13469.0,13519,13419,0.0,0.0,0.8367347121238708,1.0,0.0,0.0,859,429,False,4.127720152892319,2.8114915067999573,0.8367347121238708
9yrx,14058,14058.0,14058,14058,0.0,0.0,0.8736842274665833,1.0,0.0,0.0,856,428,True,4.147923538980606,2.8322016544740203,0.8736842274665833
9yrz,13516,13517.5,13519,13516,0.0,0.0,0.8383838534355164,1.0,0.0,0.0,858,429,False,4.1308481831028585,2.8146195370104965,0.8383838534355164
9ys0,13419,13469.0,13519,13419,0.0,0.0,0.8367347121238708,1.0,0.0,0.0,859,429,False,4.127720152892319,2.8114915067999573,0.8367347121238708
9ys1,13419,13738.5,14058,13419,0.0,0.0,0.8695651888847351,1.0,0.0,0.0,858,428,False,4.127720152892319,2.811998268385733,0.8695651888847351
9ys2,13419,13469.0,13519,13419,0.0,0.0,0.8617021441459656,1.0,0.0,0.0,859,429,False,4.127720152892319,2.8114915067999573,0.8617021441459656
9yt0,13419,13469.0,13519,13419,0.0,0.0,0.8645833134651184,1.0,0.0,0.0,859,429,False,4.127720152892319,2.8114915067999573,0.8645833134651184
9yt2,13419,13469.0,13519,13419,0.0,0.0,0.8627451062202454,1.0,0.0,0.0,859,429,False,4.127720152892319,2.8114915067999573,0.8627451062202454
9yt3,13419,13469.0,13519,13419,0.0,0.0,0.8666666746139526,1.0,0.0,0.0,859,429,False,4.127720152892319,2.8114915067999573,0.8666666746139526
9yt5,13419,13469.0,13519,13419,0.0,0.0,0.8557692170143127,1.0,0.0,0.0,859,429,False,4.127720152892319,2.8114915067999573,0.8557692170143127
9yud,11698,11757.5,11817,11698,0.3499999940395355,0.5,0.949999988079071,1.0,0.0,0.0,709,354,False,4.068111617027303,2.7936099860144097,0.949999988079071
9yxy,979,1008.0,979,1037,0.0,0.0,0.9166666865348816,1.0,0.0,0.0,526,258,False,2.9907826918031377,1.7849728388215227,0.9166666865348816
9z4d,14058,14058.0,14058,14058,0.0,0.0,0.8712871074676514,1.0,0.0,0.0,856,428,True,4.147923538980606,2.8322016544740203,0.8712871074676514
9zfn,807,825.5,807,844,0.04040404036641121,0.0,0.3737373650074005,0.42105263471603394,0.0,0.0,351,175,False,2.90687353472207,1.7853545103789232,0.3737373650074005
9zmy,1240,1260.0,1240,1280,0.0,0.0,0.0,0.0,0.0,0.0,227,113,False,3.093421685162235,2.066882463420525,0.0
9znn,3494,3541.0,3588,3494,0.03448275849223137,0.043478261679410934,0.767241358757019,1.0,0.0,0.0,771,384,False,3.543322900646912,2.2511572884631468,0.767241358757019
