entry_id,n_seqs_min,n_seqs_mean,n_seqs_a,n_seqs_b,pak_mint,pak_mint_5,pak_boltz_msa,pak_boltz_msa_5,pak_boltz_nomsa,pak_boltz_nomsa_5,L_total,L_min,is_homo,log_depth_min,log_depth_norm,boltz_msa_gain,mint_auc,mint_pak,mint_pak2,mint_pak5,n_true_inter,boltz_msa_pak,boltz_nomsa_pak,msa_gain,L_a,L_max,L_asym,interface_density,log_density
10jx,6816,7642.0,6816,8468,0.3394495248794555,0.6190476417541504,0.6605504751205444,1.0,0.0091743115335702,0.0476190485060215,282,139,False,3.833529581758643,2.762022181631596,0.6513761635869741,0.5179142518361239,0.3027522935779816,0.4259259259259259,0.7619047619047619,109,0.6605504751205444,0.0091743115335702,0.6513761635869743,143,143,0.027972027972027972,0.00548372490818534,-2.260924339778533
10jy,8468,8468.0,8468,8468,0.3333333432674408,0.5714285969734192,0.7222222089767456,1.0,0.0092592593282461,0.0476190485060215,286,143,True,3.9277808493473754,2.8501128306148438,0.7129629496484995,0.5237608383279322,0.287037037037037,0.4629629629629629,0.7619047619047619,108,0.7222222089767456,0.0092592593282461,0.7129629496484995,143,143,0.0,0.0052814318548584285,-2.277248319443174
10tq,4299,4299.0,4299,4299,0.0,0.0,0.0,0.0,0.0,0.0,856,428,True,3.633367445117007,2.317645560610421,0.0,0.0,0.0,0.0,0.0,62,0.0,0.0,0.0,428,428,0.0,0.0003384575072058695,-3.47049584852809
10ua,4299,4299.0,4299,4299,0.0,0.0,0.0,0.0,0.0,0.0,856,428,True,3.633367445117007,2.317645560610421,0.0,0.0,0.0,0.0,0.0,64,0.0,0.0,0.0,428,428,0.0,0.0003493754913092847,-3.456707564042457
21ie,1257,1266.5,1257,1276,0.0,0.0,0.6222222447395325,0.9444444179534912,0.5333333611488342,1.0,125,60,False,3.0993352776859577,2.210259652494136,0.0888888835906982,0.0659131939698865,0.0666666666666666,0.0444444444444444,0.1111111111111111,90,0.6222222447395325,0.5333333611488342,0.08888888359069824,65,65,0.07692307692307693,0.023076923076923078,-1.6368220975871743
21ig,463,466.0,463,469,0.1074380129575729,0.3333333432674408,0.6528925895690918,1.0,0.0082644624635577,0.0,664,330,False,2.6655809910179533,1.4063240210790091,0.6446281271055341,0.22857794492181,0.140495867768595,0.15,0.25,121,0.6528925895690918,0.0082644624635577,0.6446281271055341,334,334,0.011976047904191617,0.0010978043912175648,-2.959475036373002
21ih,387,393.0,399,387,0.1147540956735611,0.3333333432674408,0.8360655903816223,1.0,0.0,0.0,717,358,False,2.5877109650189114,1.310769451696974,0.8360655903816223,0.2204378638050278,0.1639344262295081,0.1639344262295081,0.25,122,0.8360655903816223,0.0,0.8360655903816223,359,359,0.002785515320334262,0.0009492538242479887,-3.022617644547445
21ii,395,395.0,395,395,0.1147540956735611,0.3333333432674408,0.8770492076873779,1.0,0.0,0.0,717,358,False,2.59659709562646,1.319655582304523,0.8770492076873779,0.2212484603135897,0.1639344262295081,0.180327868852459,0.25,122,0.8770492076873779,0.0,0.8770492076873779,359,359,0.002785515320334262,0.0009492538242479887,-3.022617644547445
21ik,1213,1244.0,1213,1275,0.0222222227603197,0.0,0.6777777671813965,0.8888888955116272,0.1111111119389534,0.2777777910232544,115,52,False,3.083860800866573,2.2258591290491734,0.5666666552424431,0.001163840498785,0.0111111111111111,0.0,0.0,90,0.6777777671813965,0.1111111119389534,0.5666666552424431,63,63,0.1746031746031746,0.027472527472527472,-1.561101383649056
21ip,1249,1262.5,1249,1276,0.0396039597690105,0.0,0.6534653306007385,0.949999988079071,0.5742574334144592,1.0,129,63,False,3.096562438374136,2.1968921636473446,0.0792078971862793,0.0624969924712763,0.0396039603960396,0.06,0.1,101,0.6534653306007385,0.5742574334144592,0.0792078971862793,66,66,0.045454545454545456,0.02429052429052429,-1.6145631112128078
21kl,1132,1133.0,1134,1132,0.0,0.0,0.6304348111152649,1.0,0.0,0.0,468,231,False,3.0538464268522527,1.8720404369061805,0.6304348111152649,0.0,0.0,0.0,0.0,46,0.6304348111152649,0.0,0.6304348111152649,237,237,0.02531645569620253,0.0008402286883299542,-3.075602494220674
28vj,2,3522.5,2,7043,0.0674157291650772,0.0588235296308994,0.123595505952835,0.3529411852359772,0.3033707737922668,0.5882353186607361,413,55,False,0.3010299956639812,-0.5691513490831407,-0.1797752678394317,0.0764407842888437,0.0561797752808988,0.0681818181818181,0.1176470588235294,89,0.123595505952835,0.3033707737922668,-0.1797752678394318,358,358,0.8463687150837989,0.00452006094464195,-2.3448557094932054
7pvh,2105,2157.5,2210,2105,0.0,0.0,0.7368420958518982,0.8181818127632141,0.0,0.0,378,186,False,3.323252100171687,2.188495628062729,0.7368420958518982,0.0015959519953491,0.0175438596491228,0.0,0.0,57,0.7368420958518982,0.0,0.7368420958518982,192,192,0.03125,0.0015961021505376345,-2.7969393172489747
7pwe,4252,4297.0,4252,4342,0.0252100862562656,0.0,0.6974790096282959,1.0,0.1176470592617988,0.3478260934352875,383,191,False,3.6285932558512592,2.488076572227395,0.579831950366497,0.0135833652450373,0.0252100840336134,0.0169491525423728,0.0,119,0.6974790096282959,0.1176470592617988,0.579831950366497,192,192,0.005208333333333333,0.003244982547993019,-2.4887876345587463
7px1,8,8.0,8,8,0.078947365283966,0.2000000178813934,0.078947365283966,0.2000000029802322,0.1184210553765297,0.1333333402872085,168,84,True,0.9030899869919436,-0.0590496560389972,-0.0394736900925636,0.1398766033672765,0.0657894736842105,0.131578947368421,0.2,76,0.078947365283966,0.1184210553765297,-0.0394736900925637,84,84,0.0,0.010770975056689343,-1.9677449798429718
7pza,12315,12367.0,12419,12315,0.7419354915618896,1.0,0.8951612710952759,1.0,0.0,0.0,451,225,False,4.090434416175122,2.9143431571194407,0.8951612710952759,0.941316931919058,0.7419354838709677,0.967741935483871,1.0,124,0.8951612710952759,0.0,0.8951612710952759,226,226,0.004424778761061947,0.0024385447394296954,-2.6128692720965283
7pzb,12315,12330.5,12346,12315,0.7704917788505554,1.0,0.868852436542511,1.0,0.0,0.0,453,226,False,4.090434416175122,2.913380196601421,0.868852436542511,0.9446072339314,0.7540983606557377,0.9672131147540984,1.0,122,0.868852436542511,0.0,0.868852436542511,227,227,0.004405286343612335,0.002378074928852676,-2.6237744656657753
7q94,7722,7763.0,7722,7804,0.0,0.0,0.5600000023841858,0.800000011920929,0.0,0.0,531,264,False,3.8877297972880314,2.6769278338531146,0.5600000023841858,0.4607979782201615,0.36,0.4166666666666667,0.6,25,0.5600000023841858,0.0,0.5600000023841858,267,267,0.011235955056179775,0.0003546702984905232,-3.4501751795623687
7qb9,264,264.0,264,264,0.0653594806790351,0.2333333492279052,0.8300653696060181,1.0,0.0653594806790351,0.0666666701436042,598,299,True,2.4216039268698317,1.1837683327076165,0.7647058889269829,0.2560465474057819,0.1241830065359477,0.1973684210526315,0.3,153,0.8300653696060181,0.0653594806790351,0.764705888926983,299,299,0.0,0.0017113902529054485,-2.7666509458312607
7qcn,8785,8785.0,8785,8785,0.0,0.0,0.2213114798069,0.0,0.2295081913471222,0.5,814,407,True,3.9437417658313136,2.638944561218704,-0.0081967115402221,0.0,0.0,0.0,0.0,122,0.2213114798069,0.2295081913471222,-0.008196711540222196,407,407,0.0,0.0007364970509933655,-3.132828987775692
7qej,435,438.5,442,435,0.0847457647323608,0.0,0.8389830589294434,1.0,0.0,0.0,407,203,False,2.638489256954637,1.484741237998031,0.8389830589294434,0.1444718832007312,0.0847457627118644,0.1694915254237288,0.217391304347826,118,0.8389830589294434,0.0,0.8389830589294434,204,204,0.004901960784313725,0.0028494156283202935,-2.5452441980329863
7qek,447,454.0,461,447,0.1071428656578064,0.0,0.8571428656578064,1.0,0.0089285718277096,0.0,406,202,False,2.6503075231319366,1.4976318384086245,0.8482142938300967,0.1071923079332552,0.0714285714285714,0.1428571428571428,0.1363636363636363,112,0.8571428656578064,0.0089285718277096,0.8482142938300968,204,204,0.00980392156862745,0.0027179188507086,-2.5657635142023407
7qeo,4779,4829.5,4880,4779,0.0172413792461156,0.0909090936183929,0.7413793206214905,0.9090909361839294,0.0172413792461156,0.0909090936183929,368,182,False,3.6793370305207937,2.5493013365282566,0.7241379413753748,0.0,0.0,0.0,0.0,58,0.7413793206214905,0.0172413792461156,0.7241379413753749,186,186,0.021505376344086023,0.0017133404230178424,-2.766156338640054
7qes,4659,4761.0,4659,4863,0.0158730167895555,0.0,0.0317460335791111,0.0,0.0,0.0,366,182,False,3.668292710448221,2.538257016455684,0.0317460335791111,0.0,0.0,0.0,0.0,63,0.0317460335791111,0.0,0.0317460335791111,184,184,0.010869565217391304,0.0018812709030100335,-2.7255486615410294
7qeu,4880,4904.5,4929,4880,0.0175438597798347,0.0,0.0175438597798347,0.0,0.0,0.0,359,173,False,3.6884198220027113,2.569396770438313,0.0175438597798347,0.0,0.0,0.0,0.0,57,0.0175438597798347,0.0,0.0175438597798347,186,186,0.06989247311827956,0.0017713966063770278,-2.7516841916742205
7qev,4874,4926.5,4979,4874,0.0416666679084301,0.0714285746216774,0.6666666865348816,1.0,0.0,0.0,383,190,False,3.6878855248487055,2.548508724372291,0.6666666865348816,0.0020613509130064,0.0138888888888888,0.0,0.0,72,0.6666666865348816,0.0,0.6666666865348816,193,193,0.015544041450777202,0.001963457867466594,-2.706978413529334
7qii,83,210.5,338,83,0.0240963846445083,0.0,0.6867470145225525,1.0,0.1445783078670501,0.1875,179,73,False,1.919078092376074,0.987416662315846,0.5421687066555023,0.021182717320134,0.036144578313253,0.048780487804878,0.0,83,0.6867470145225525,0.1445783078670501,0.5421687066555024,106,106,0.3113207547169811,0.01072628586197984,-1.9695506330091521
7qp9,2453,2453.0,2453,2453,0.0495867729187011,0.0833333358168602,0.9173553586006165,1.0,0.0247933883219957,0.0,654,327,True,3.3896975482063856,2.132423671876243,0.8925619702786207,0.1211831891062486,0.0991735537190082,0.1166666666666666,0.125,121,0.9173553586006165,0.0247933883219957,0.8925619702786207,327,327,0.0,0.001131591990947264,-2.946310135004122
7qpa,2453,2453.0,2453,2453,0.0603448264300823,0.1304347813129425,0.9396551847457886,1.0,0.0258620698004961,0.0,654,327,True,3.3896975482063856,2.132423671876243,0.9137931149452924,0.1230425771521097,0.1034482758620689,0.1206896551724138,0.1304347826086956,116,0.9396551847457886,0.0258620698004961,0.9137931149452925,327,327,0.0,0.001084831991321344,-2.964637516093654
7qpc,2453,2453.0,2453,2453,0.0603448264300823,0.1304347813129425,0.9137930870056152,1.0,0.0258620698004961,0.0,654,327,True,3.3896975482063856,2.132423671876243,0.8879310172051191,0.1286820487766749,0.1206896551724138,0.1206896551724138,0.1304347826086956,116,0.9137930870056152,0.0258620698004961,0.8879310172051191,327,327,0.0,0.001084831991321344,-2.964637516093654
7qrh,3317,3320.5,3324,3317,0.0,0.0,0.0,0.0,0.0196078438311815,0.1000000014901161,420,209,False,3.5207454715194824,2.3606723284639552,-0.0196078438311815,0.0,0.0,0.0,0.0,51,0.0,0.0196078438311815,-0.0196078438311815,211,211,0.009478672985781991,0.0011564888092700516,-2.93685856531081
7qsp,7151,7458.0,7151,7765,0.0,0.0,0.0,0.0,0.0,0.0,248,123,False,3.8543667780408697,2.8094142223211707,0.0,0.0,0.0,0.0,0.0,13,0.0,0.0,0.0,125,125,0.016,0.0008455284552845528,-3.072871772140618
7qui,4051,4086.0,4051,4121,0.0,0.0,0.0,0.0,0.0,0.0,266,131,False,3.607562243183588,2.548926595355706,0.0,0.0,0.0,0.0,0.0,24,0.0,0.0,0.0,135,135,0.02962962962962963,0.0013570822731128074,-2.867393822439164
7qvb,166,185.5,166,205,0.0129310339689254,0.0217391308397054,0.7844827771186829,1.0,0.0215517245233058,0.0,442,214,False,2.220108088040055,1.0549012013654595,0.762931052595377,0.0187112436848644,0.0258620689655172,0.0172413793103448,0.0217391304347826,232,0.7844827771186829,0.0215517245233058,0.7629310525953771,228,228,0.06140350877192982,0.004754877848827677,-2.322860635458745
7sfn,492,647.5,492,803,0.0,0.0,0.7833333611488342,1.0,0.0,0.0,301,148,False,2.691965102767361,1.6068342450698816,0.7833333611488342,0.0402438303406499,0.05,0.0666666666666666,0.0,60,0.7833333611488342,0.0,0.7833333611488342,153,153,0.032679738562091505,0.002649708532061473,-2.5768018958289125
7skp,4,4.0,4,4,0.1060606092214584,0.1538461595773697,0.9090909361839294,1.0,0.8939393758773804,1.0,146,70,False,0.6020599913279624,-0.320489028679166,0.015151560306549,0.1014208031153354,0.0757575757575757,0.1212121212121212,0.1538461538461538,66,0.9090909361839294,0.8939393758773804,0.015151560306549072,76,76,0.07894736842105263,0.012406015037593985,-1.9063676967531795
7sks,160,162.0,164,160,0.0,0.0,0.8872180581092834,1.0,0.0,0.0,553,271,False,2.204119982655925,0.987635337218722,0.8872180581092834,0.0,0.0,0.0,0.0,133,0.8872180581092834,0.0,0.8872180581092834,282,282,0.03900709219858156,0.0017403365523016932,-2.759366758226681
7skt,165,170.0,175,165,0.0,0.0,0.8581560254096985,1.0,0.0,0.0,559,276,False,2.2174839442139063,0.9970294031812974,0.8581560254096985,0.0,0.0,0.0,0.0,141,0.8581560254096985,0.0,0.8581560254096985,283,283,0.024734982332155476,0.0018051928099554462,-2.7434764049341283
7sku,153,155.0,153,157,0.0,0.0,0.2950191497802734,0.5769230723381042,0.0076628350652754,0.0,600,299,False,2.184691430817599,0.946855836655384,0.287356314714998,0.0,0.0,0.0,0.0,261,0.2950191497802734,0.0076628350652754,0.287356314714998,301,301,0.006644518272425249,0.002900032222580251,-2.537597176579992
7slp,8525,9087.0,9649,8525,0.0,0.0,0.7777777910232544,1.0,0.0,0.0,560,239,False,3.930694387664536,2.7414954371904665,0.7777777910232544,0.0,0.0,0.0,0.0,72,0.7777777910232544,0.0,0.7777777910232544,321,321,0.2554517133956386,0.0009384898134751496,-3.0275704369217413
7slq,8525,9176.5,9828,8525,0.0,0.0,0.8115941882133484,1.0,0.0,0.0,558,237,False,3.930694387664536,2.7433202146594837,0.8115941882133484,0.0,0.0,0.0,0.0,69,0.8115941882133484,0.0,0.8115941882133484,321,321,0.2616822429906542,0.0009069758271225206,-3.0424042876777206
7spn,12095,12159.5,12095,12224,0.0,0.0,0.9113923907279968,1.0,0.0,0.0,911,455,False,4.082605872697899,2.753600174369342,0.9113923907279968,0.0,0.0,0.0,0.0,79,0.9113923907279968,0.0,0.9113923907279968,456,456,0.0021929824561403508,0.00038075959128590706,-3.419349148031106
7sse,1788,1854.0,1920,1788,0.0,0.0,0.0,0.0,0.0,0.0,591,293,False,3.2523675144598987,2.018933704282844,0.0,0.0,0.0,0.0,0.0,54,0.0,0.0,0.0,298,298,0.016778523489932886,0.000618457521130632,-3.208690124607396
7sz2,2950,3068.0,2950,3186,0.0,0.0,0.0,0.0,0.0077519379556179,0.0,355,175,False,3.469822015978163,2.348302991635016,-0.0077519379556179,0.0,0.0,0.0,0.0,129,0.0,0.0077519379556179,-0.0077519379556179,180,180,0.027777777777777776,0.004095238095238095,-2.3877208434903516
7sz3,2950,2952.5,2950,2955,0.0,0.0,0.0,0.0,0.0155038759112358,0.0,354,175,False,3.469822015978163,2.348302991635016,-0.0155038759112358,0.0,0.0,0.0,0.0,129,0.0,0.0155038759112358,-0.0155038759112358,179,179,0.0223463687150838,0.004118116520351157,-2.385301369366939
7t4k,1426,1605.5,1426,1785,0.0126582281664013,0.0666666701436042,0.0,0.0,0.0,0.0,780,378,False,3.154119525515847,1.865373625597234,0.0,0.0316832820119685,0.0126582278481012,0.0256410256410256,0.0666666666666666,79,0.0,0.0,0.0,402,402,0.05970149253731343,0.0005198873358077339,-3.284090761631254
7t4l,1372,1569.0,1372,1766,0.011235955171287,0.0588235296308994,0.0,0.0,0.0,0.0,753,376,False,3.137354111370733,1.8497601889069024,0.0,0.0294546010307573,0.0112359550561797,0.0227272727272727,0.0588235294117647,89,0.0,0.0,0.0,377,377,0.002652519893899204,0.0006278571025452904,-3.202139188488541
7t4n,1702,1745.5,1702,1789,0.0087719298899173,0.0454545468091964,0.0,0.0,0.0,0.0,803,399,False,3.230959555748569,1.930473107905195,0.0,0.0239029519576412,0.0087719298245614,0.0175438596491228,0.0454545454545454,114,0.0,0.0,0.0,404,404,0.012376237623762377,0.0007072135785007072,-3.1504494094608804
7t71,148,151.0,154,148,0.0,0.0,0.0,0.0,0.0,0.0,695,347,False,2.170261715394957,0.9000969779995205,0.0,0.0,0.0,0.0,0.0,63,0.0,0.0,0.0,348,348,0.0028735632183908046,0.0005217132067971777,-3.282568169283873
7t8i,15736,16245.0,15736,16754,0.5952380895614624,1.0,0.8333333134651184,1.0,0.0,0.0,127,63,False,4.1968943469112805,3.297224072184489,0.8333333134651184,0.8032718781495217,0.6190476190476191,0.8095238095238095,0.875,42,0.8333333134651184,0.0,0.8333333134651184,64,64,0.015625,0.010416666666666666,-1.9822712330395684
7t8k,4198,4228.0,4198,4258,0.0497925356030464,0.020833333954215,0.7012448310852051,1.0,0.0,0.0,563,277,False,3.623042434246382,2.4018025497141573,0.7012448310852051,0.0090424238735601,0.0124481327800829,0.0166666666666666,0.0,241,0.7012448310852051,0.0,0.7012448310852051,286,286,0.03146853146853147,0.0030420842695210925,-2.5168287596186234
7t8l,4128,4277.0,4128,4426,0.0213675219565629,0.0217391308397054,0.4529914557933807,1.0,0.0042735044844448,0.0,542,266,False,3.615739688619155,2.403298870303621,0.4487179513089359,0.0090817350013377,0.0128205128205128,0.0085470085470085,0.0,234,0.4529914557933807,0.0042735044844448,0.4487179513089359,276,276,0.036231884057971016,0.003187316116377901,-2.496574861286142
7t8o,380,454.0,528,380,0.1693548262119293,0.4583333432674408,0.5080645084381104,0.9583333134651184,0.1209677383303642,0.0416666679084301,440,219,False,2.57978359661681,1.409561539196751,0.3870967701077461,0.3679543947656198,0.1935483870967742,0.3387096774193548,0.4583333333333333,124,0.5080645084381104,0.1209677383303642,0.3870967701077461,221,221,0.00904977375565611,0.0025620364057108618,-2.591414703362994
7t91,8957,10744.0,12531,8957,0.140625,0.0833333358168602,0.765625,1.0,0.40625,0.0833333358168602,129,62,False,3.952162574214463,3.055966729465336,0.359375,0.0820818341899332,0.140625,0.03125,0.0833333333333333,64,0.765625,0.40625,0.359375,67,67,0.07462686567164178,0.015406836783822821,-1.812286518215193
7tak,2021,2021.0,2021,2021,0.0,0.0,0.328947365283966,0.422222226858139,0.0,0.0,901,450,False,3.305566313515304,1.978960056627632,0.328947365283966,0.0,0.0,0.0,0.0,228,0.328947365283966,0.0,0.328947365283966,451,451,0.0022172949002217295,0.001123429416112343,-2.9494542086528504
7tdq,60,60.0,60,60,0.0246913582086563,0.0,0.8271604776382446,1.0,0.0740740746259689,0.0,166,83,True,1.7781512503836436,0.8186122041956067,0.7530864030122757,0.0,0.0,0.0,0.0,81,0.8271604776382446,0.0740740746259689,0.7530864030122757,83,83,0.0,0.01175787487298592,-1.929671165873498
7til,1005,1122.5,1240,1005,0.0,0.0,0.3764705955982208,1.0,0.0,0.0,739,365,False,3.002166061756508,1.7210196295282705,0.3764705955982208,0.0,0.0,0.0,0.0,85,0.3764705955982208,0.0,0.3764705955982208,374,374,0.02406417112299465,0.0006226650062266501,-3.205745540942662
7tuk,585,585.0,585,585,0.0108695654198527,0.0,0.0108695654198527,0.0,0.0760869532823562,0.1111111119389534,284,142,True,2.7671558660821804,1.691011693890652,-0.0652173878625035,0.0,0.0,0.0,0.0,92,0.0108695654198527,0.0760869532823562,-0.0652173878625035,142,142,0.0,0.004562586788335648,-2.340788861420558
7tul,552,552.0,552,552,0.0344827584922313,0.0909090936183929,0.0344827584922313,0.0,0.0,0.0,278,138,False,2.741939077729199,1.6719995345285807,0.0344827584922313,0.035403404325613,0.0172413793103448,0.0344827586206896,0.0909090909090909,58,0.0344827584922313,0.0,0.0344827584922313,140,140,0.014285714285714285,0.003002070393374741,-2.5225791285165373
7tvm,4298,4298.0,4298,4298,0.0,0.0,0.8983050584793091,1.0,0.0,0.0,446,223,True,3.6332664111554247,2.4591139796313444,0.8983050584793091,0.0,0.0,0.0,0.0,59,0.8983050584793091,0.0,0.8983050584793091,223,223,0.0,0.0011864304530555612,-2.925757714454177
7txe,8544,8544.0,8544,8544,0.0,0.0,0.3191489279270172,0.2340425550937652,0.0,0.0,262,131,True,3.931661239684481,2.873025591856599,0.3191489279270172,0.0,0.0,0.0,0.0,235,0.3191489279270172,0.0,0.3191489279270172,131,131,0.0,0.01369384068527475,-1.8634747290397922
7txm,13783,13908.5,13783,14034,0.259740263223648,0.7333333492279053,0.8701298832893372,1.0,0.1948051899671554,0.0,203,100,False,4.139343756152375,3.139343756152375,0.6753246933221817,0.5679026529082386,0.2987012987012987,0.5,0.9333333333333332,77,0.8701298832893372,0.1948051899671554,0.6753246933221817,103,103,0.02912621359223301,0.007475728155339806,-2.12634649953269
7txn,13723,13734.5,13723,13746,0.2405063360929489,0.8000000715255737,0.8607594966888428,1.0,0.2025316506624221,0.0666666701436042,209,104,False,4.137449063340335,3.128932393690945,0.6582278460264206,0.545292913065038,0.2911392405063291,0.4871794871794871,0.7333333333333333,79,0.8607594966888428,0.2025316506624221,0.6582278460264207,105,105,0.009523809523809525,0.007234432234432235,-2.140595547078277
7txo,12526,12683.5,12841,12526,0.2602739632129669,0.8571429252624512,0.8630136847496033,1.0,0.2465753406286239,0.5,201,100,False,4.097812407365289,3.097812407365289,0.6164383441209793,0.5663600051025036,0.3013698630136986,0.4722222222222222,0.8571428571428571,73,0.8630136847496033,0.2465753406286239,0.6164383441209793,101,101,0.009900990099009901,0.007227722772277228,-2.1409985136621867
7tze,836,867.5,836,899,0.0,0.0,0.1111111119389534,0.4000000059604645,0.0740740746259689,0.0,416,203,False,2.9222062774390163,1.76845825848241,0.0370370373129844,0.0,0.0,0.0,0.0,27,0.1111111119389534,0.0740740746259689,0.037037037312984494,213,213,0.046948356807511735,0.0006244362728092694,-3.2045118771929633
7tzl,7915,7960.5,7915,8006,0.0,0.0,0.0,0.0,0.0,0.0,542,271,False,3.898450919198375,2.681966273761172,0.0,0.0,0.0,0.0,0.0,38,0.0,0.0,0.0,271,271,0.0,0.0005174221483912257,-3.286154985132001
7tzv,3160,3174.0,3188,3160,0.0399999991059303,0.0285714287310838,0.8514285683631897,1.0,0.0,0.0,385,192,False,3.499687082618404,2.3580364682666293,0.8514285683631897,0.0645706929668345,0.0514285714285714,0.0804597701149425,0.0857142857142857,175,0.8514285683631897,0.0,0.8514285683631897,193,193,0.0051813471502590676,0.0047225820379965455,-2.325820489025029
7u02,3160,3174.0,3188,3160,0.0479041934013366,0.0303030312061309,0.85628741979599,1.0,0.0,0.0,385,192,False,3.499687082618404,2.3580364682666293,0.85628741979599,0.0651495283544587,0.0538922155688622,0.072289156626506,0.0606060606060606,167,0.85628741979599,0.0,0.85628741979599,193,193,0.0051813471502590676,0.004506692573402418,-2.3461420665637402
7u2s,7430,7510.5,7591,7430,0.0860215052962303,0.0555555559694767,0.8494623899459839,1.0,0.107526883482933,0.3333333432674408,494,246,False,3.870988813760575,2.675521260208886,0.7419355064630508,0.1466149302325033,0.1397849462365591,0.1304347826086956,0.2222222222222222,93,0.8494623899459839,0.107526883482933,0.7419355064630508,248,248,0.008064516129032258,0.001524390243902439,-2.8169038393756605
7uaw,1565,1565.0,1565,1565,0.0909090861678123,0.1818181872367859,0.8909090757369995,1.0,0.1090909093618393,0.25,250,125,True,3.194514341882467,2.146059335378439,0.7818181663751602,0.0372957566786403,0.0363636363636363,0.0363636363636363,0.0454545454545454,220,0.8909090757369995,0.1090909093618393,0.7818181663751602,125,125,0.0,0.01408,-1.8513973451939065
7ubj,1342,1362.5,1342,1383,0.0,0.0,0.0,0.0,0.0,0.0,290,144,False,3.1277525158329733,2.0485712697853486,0.0,0.0,0.0,0.0,0.0,34,0.0,0.0,0.0,146,146,0.0136986301369863,0.0016171993911719938,-2.7912364308374316
7ubk,1342,1375.5,1342,1409,0.0309278331696987,0.0,0.0206185560673475,0.0,0.0309278350323438,0.0526315793395042,293,146,False,3.1277525158329733,2.0455760879407547,-0.0103092789649963,0.0027737126668684,0.0103092783505154,0.0,0.0,97,0.0206185560673475,0.0309278350323438,-0.0103092789649963,147,147,0.006802721088435374,0.004519616065604324,-2.3448984562663684
7udi,145,258.5,145,372,0.0,0.0,0.4266666769981384,1.0,0.0266666673123836,0.0666666701436042,424,204,False,2.161368002234975,1.0065529185220254,0.4000000096857548,0.0490960598826779,0.0266666666666666,0.0357142857142857,0.0666666666666666,225,0.4266666769981384,0.0266666673123836,0.40000000968575483,220,220,0.07272727272727272,0.005013368983957219,-2.2998703301367427
7uj2,573,574.0,575,573,0.0994764417409896,0.2105263173580169,0.9005235433578491,1.0,0.3036649227142334,0.7894737124443054,315,157,False,2.75815462196739,1.660204795762773,0.5968586206436157,0.1904791341255341,0.094240837696335,0.1578947368421052,0.2105263157894736,191,0.9005235433578491,0.3036649227142334,0.5968586206436157,158,158,0.006329113924050633,0.007699750060469242,-2.113523372115929
7uj3,54,96.5,54,139,0.0201729107648134,0.0289855077862739,0.639769434928894,1.0,0.3573487102985382,0.8405796885490417,439,75,False,1.7323937598229686,0.7948631281271185,0.2824207246303558,0.0342804269289458,0.0201729106628242,0.0173410404624277,0.0289855072463768,347,0.639769434928894,0.3573487102985382,0.28242072463035583,364,364,0.7939560439560439,0.012710622710622711,-1.8958331722498822
7uj4,1432,1440.0,1432,1448,0.0,0.0,0.0,0.0,0.0,0.0,889,442,False,3.1559430179718366,1.8332318832972907,0.0,0.0,0.0,0.0,0.0,24,0.0,0.0,0.0,447,447,0.011185682326621925,0.00012147347323028334,-3.9155185507694226
7ul6,5987,5987.0,5987,5987,0.0199999995529651,0.0,0.0399999991059303,0.0,0.0,0.0,878,439,True,3.777209258145685,2.455976998024624,0.0399999991059303,0.0,0.0,0.0,0.0,100,0.0399999991059303,0.0,0.0399999991059303,439,439,0.0,0.0005188848127604153,-3.2849290404842426
7ula,1072,1233.0,1072,1394,0.0,0.0,0.0,0.0,0.0041152262128889,0.0,746,316,False,3.030194785356751,1.7803512440475493,-0.0041152262128889,0.0,0.0,0.0,0.0,243,0.0,0.0041152262128889,-0.0041152262128889,430,430,0.2651162790697674,0.0017883426552840742,-2.747549264599678
7uln,283,283.0,283,283,0.0,0.0,0.5095541477203369,0.9677419066429138,0.0,0.0,472,236,True,2.45178643552429,1.265330434039237,0.5095541477203369,0.0,0.0,0.0,0.0,157,0.5095541477203369,0.0,0.5095541477203369,236,236,0.0,0.002818873886814134,-2.5499243535309795
7unh,25,25.0,25,25,0.0,0.0,0.8842105269432068,1.0,0.8421052694320679,1.0,491,245,False,1.3979400086720375,0.2033569664897713,0.0421052575111389,0.0,0.0,0.0,0.0,95,0.8842105269432068,0.8421052694320679,0.042105257511138916,246,246,0.0040650406504065045,0.0015762402521984403,-2.802377586179064
7unj,24,24.0,24,24,0.0350877195596694,0.0,0.8947368264198303,1.0,0.8947368264198303,1.0,435,217,False,1.380211241711606,0.2119813747873412,0.0,0.0355958943944678,0.087719298245614,0.0357142857142857,0.0,57,0.8947368264198303,0.8947368264198303,0.0,218,218,0.0045871559633027525,0.0012049211516509534,-2.9190413717806427
7uql,2676,2678.5,2676,2681,0.1818181872367859,0.5384615659713745,0.939393937587738,1.0,0.8787878751754761,1.0,280,136,False,3.4274861090957853,2.360716654910677,0.0606060624122619,0.1308656900299195,0.1212121212121212,0.1515151515151515,0.0769230769230769,66,0.939393937587738,0.8787878751754761,0.06060606241226196,144,144,0.05555555555555555,0.0033700980392156864,-2.4723574649235984
7urg,4175,4175.0,4175,4175,0.0,0.0,0.8297872543334961,1.0,0.0,0.0,802,401,True,3.620656479819621,2.3190842935095297,0.8297872543334961,0.0,0.0,0.0,0.0,47,0.8297872543334961,0.0,0.8297872543334961,401,401,0.0,0.0002922867395103264,-3.5341908873046473
7urv,446,8465.5,446,16485,0.0,0.0,0.5106382966041565,1.0,0.4680851101875305,1.0,445,218,False,2.649334858712142,1.4801066119098394,0.0425531864166259,0.0,0.0,0.0,0.0,47,0.5106382966041565,0.4680851101875305,0.04255318641662598,227,227,0.039647577092511016,0.0009497635694944024,-3.02238449286201
7ut0,8660,8709.0,8758,8660,0.0,0.0,0.0,0.0,0.0,0.0,566,282,False,3.937517892017347,2.712393337857666,0.0,0.0,0.0,0.0,0.0,23,0.0,0.0,0.0,284,284,0.007042253521126761,0.00028718409749275796,-3.541839612348806
7ux6,2408,2423.0,2438,2408,0.3108974397182464,0.5483870506286621,0.9198718070983888,1.0,0.2692307829856872,0.9516128897666932,706,351,False,3.381656482585787,2.109002924352875,0.6506410241127014,0.5592483235673967,0.3621794871794871,0.5064102564102564,0.6612903225806451,312,0.9198718070983888,0.2692307829856872,0.6506410241127016,355,355,0.011267605633802818,0.0025039123630672924,-2.601380875502475
7ux7,2335,2371.0,2335,2407,0.3056379854679107,0.5074626803398132,0.9109792113304138,1.0,0.2195845693349838,0.6567164063453674,739,361,False,3.368286884902131,2.089533283949302,0.69139464199543,0.5435434186821178,0.3353115727002967,0.4821428571428571,0.6567164179104478,337,0.9109792113304138,0.2195845693349838,0.69139464199543,378,378,0.04497354497354497,0.002469624353280863,-2.6073691008715447
7ux8,2335,2371.0,2335,2407,0.3111782371997833,0.5151515007019043,0.91238671541214,1.0,0.2296072542667389,0.6515151262283325,739,361,False,3.368286884902131,2.089533283949302,0.682779461145401,0.5470149225086576,0.3353474320241691,0.4787878787878787,0.6515151515151515,331,0.91238671541214,0.2296072542667389,0.6827794611454011,378,378,0.04497354497354497,0.0024256547802254174,-2.6151710079671644
7uxs,2174,2175.0,2176,2174,0.0113636367022991,0.0588235296308994,0.1477272659540176,0.2352941185235977,0.0454545468091964,0.0588235296308994,390,194,False,3.337259539750276,2.1933586747851628,0.1022727191448211,0.0,0.0,0.0,0.0,88,0.1477272659540176,0.0454545468091964,0.10227271914482121,196,196,0.01020408163265306,0.0023143277929728594,-2.6355751291365332
7vlj,7878,9169.5,10461,7878,0.6374269127845764,0.9411764740943908,0.9181286692619324,1.0,0.1754385977983474,0.294117659330368,364,34,False,3.896415976473123,3.1306765179519958,0.7426900714635849,0.8714861397944733,0.6608187134502924,0.9294117647058824,1.0,171,0.9181286692619324,0.1754385977983474,0.742690071463585,330,330,0.896969696969697,0.015240641711229946,-1.8169967465279888
7vm0,9236,9446.5,9657,9236,0.0,0.0,0.0,0.0,0.0,0.0,792,386,False,3.9654839242451385,2.6721902719092614,0.0,0.0,0.0,0.0,0.0,35,0.0,0.0,0.0,406,406,0.04926108374384237,0.00022333392889047705,-3.6510452938986733
7voj,2766,2766.0,2766,2766,0.0182926822453737,0.0,0.8841463327407837,1.0,0.0121951214969158,0.03125,800,400,True,3.441852175773292,2.1408221801093106,0.8719512112438679,0.0936973742594205,0.073170731707317,0.0853658536585365,0.1875,164,0.8841463327407837,0.0121951214969158,0.8719512112438679,400,400,0.0,0.001025,-2.989276134608227
7vp6,2746,2757.5,2769,2746,0.7207207679748535,1.0,0.900900900363922,1.0,0.8648648858070374,1.0,91,45,False,3.4387005329007363,2.6120942760130643,0.0360360145568847,0.9236289992903736,0.7657657657657657,0.9636363636363636,1.0,111,0.900900900363922,0.8648648858070374,0.036036014556884655,46,46,0.021739130434782608,0.0536231884057971,-1.2706473666702602
7vpf,4538,4538.0,4538,4538,0.0298507455736398,0.0769230797886848,0.89552241563797,1.0,0.1492537260055542,0.0769230797886848,546,273,True,3.656864491548917,2.438783168028539,0.7462686896324158,0.0,0.0,0.0,0.0,67,0.89552241563797,0.1492537260055542,0.7462686896324158,273,273,0.0,0.0008989789209569429,-3.0462504913806856
7vq3,2806,2806.0,2806,2806,0.0380434803664684,0.0,0.85326087474823,1.0,0.0108695654198527,0.0,800,400,True,3.448087666692341,2.14705767102836,0.8423913093283772,0.1083334776804586,0.0597826086956521,0.0652173913043478,0.1666666666666666,184,0.85326087474823,0.0108695654198527,0.8423913093283772,400,400,0.0,0.00115,-2.939302159646388
7vq4,2806,2806.0,2806,2806,0.0399999991059303,0.0,0.845714271068573,1.0,0.011428571306169,0.0285714287310838,800,400,True,3.448087666692341,2.14705767102836,0.834285699762404,0.1107614096185528,0.0628571428571428,0.0689655172413793,0.1714285714285714,175,0.845714271068573,0.011428571306169,0.834285699762404,400,400,0.0,0.00109375,-2.96108193396963
7vq5,2806,2806.0,2806,2806,0.037234041839838,0.0,0.8457446694374084,1.0,0.010638297535479,0.0270270276814699,800,400,True,3.448087666692341,2.14705767102836,0.8351063719019294,0.1139122175794631,0.0691489361702127,0.0744680851063829,0.1621621621621621,188,0.8457446694374084,0.010638297535479,0.8351063719019295,400,400,0.0,0.001175,-2.929962133392245
7vq7,3057,3057.0,3057,3057,0.0062111802399158,0.0,0.8695651888847351,1.0,0.0124223604798316,0.03125,778,389,True,3.485295438726089,2.190320638063235,0.8571428284049034,0.0753477332935072,0.0683229813664596,0.075,0.09375,161,0.8695651888847351,0.0124223604798316,0.8571428284049035,389,389,0.0,0.0010639633626529034,-2.973073326619566
7vqk,6652,6652.0,6652,6652,0.5091742873191833,0.8837209343910217,0.8761467933654785,1.0,0.0733944922685623,0.1395348906517028,386,193,True,3.8229522405474814,2.680173586043595,0.8027523010969162,0.7387832312467768,0.5321100917431193,0.7614678899082569,0.813953488372093,218,0.8761467933654785,0.0733944922685623,0.8027523010969162,193,193,0.0,0.005852506107546511,-2.2326581244109427
7vse,16355,16355.0,16355,16355,0.0,0.0,0.1351351290941238,0.0,0.1081081107258796,0.0,310,155,True,4.2136505484610005,3.1184846993758546,0.0270270183682441,0.0,0.0,0.0,0.0,37,0.1351351290941238,0.1081081107258796,0.027027018368244213,155,155,0.0,0.0015400624349635795,-2.812461672273588
7vsi,1004,7193.0,13382,1004,0.0,0.0,0.8571428656578064,1.0,0.0,0.0,616,30,False,3.0017337128090005,2.263173085449169,0.8571428656578064,0.0,0.0,0.0,0.0,28,0.8571428656578064,0.0,0.8571428656578064,586,586,0.9488054607508533,0.0015927189988623437,-2.797860839395534
7vub,1370,1496.0,1370,1622,0.0126582281664013,0.0666666701436042,0.949367105960846,1.0,0.0632911399006843,0.0,298,148,False,3.1367205671564067,2.051589709458928,0.8860759660601616,0.0798508721613588,0.0253164556962025,0.0512820512820512,0.0666666666666666,79,0.949367105960846,0.0632911399006843,0.8860759660601616,150,150,0.013333333333333334,0.0035585585585585586,-2.448725883160197
7vw0,13753,13862.0,13971,13753,0.2307692319154739,0.3571428656578064,0.8601398468017578,1.0,0.7552447319030762,1.0,181,87,False,4.138397442990546,3.168637816681237,0.1048951148986816,0.3510054201579287,0.2097902097902098,0.3380281690140845,0.5,143,0.8601398468017578,0.7552447319030762,0.10489511489868164,94,94,0.07446808510638298,0.017485937882122767,-1.7573110687532554
7vw1,14146,14157.5,14146,14169,0.2520325183868408,0.4166666865348816,0.8780487775802612,1.0,0.8211382031440735,1.0,177,85,False,4.150633653746429,3.185924190889282,0.0569105744361877,0.3324713275029942,0.2357723577235772,0.2950819672131147,0.375,123,0.8780487775802612,0.8211382031440735,0.056910574436187744,92,92,0.07608695652173914,0.015728900255754477,-1.80330164162045
7vw2,14146,14146.0,14146,14146,0.2564102709293365,0.3043478429317474,0.8547008633613586,1.0,0.7863247990608215,1.0,170,85,True,4.150633653746429,3.185924190889282,0.0683760643005371,0.3341817523836224,0.2307692307692307,0.2586206896551724,0.391304347826087,117,0.8547008633613586,0.7863247990608215,0.06837606430053711,85,85,0.0,0.01619377162629758,-1.7906519896824238
7vwb,1283,1283.0,1283,1283,0.0126582281664013,0.0666666701436042,0.9113923907279968,1.0,0.0,0.0,300,150,True,3.1082266563749283,2.020181026847088,0.9113923907279968,0.0725493590012201,0.0253164556962025,0.0512820512820512,0.0666666666666666,79,0.9113923907279968,0.0,0.9113923907279968,150,150,0.0,0.003511111111111111,-2.454555426820921
7vwk,1913,2011.5,2110,1913,0.0,0.0,0.9076923131942748,1.0,0.0,0.0,500,240,False,3.281714970027296,2.0916093491714927,0.9076923131942748,0.0,0.0,0.0,0.0,65,0.9076923131942748,0.0,0.9076923131942748,260,260,0.07692307692307693,0.0010416666666666667,-2.9822712330395684
7vwt,977,1007.0,1037,977,0.0,0.0,0.0,0.0,0.0,0.0,643,317,False,2.989894563718773,1.7393649326098972,0.0,0.0,0.0,0.0,0.0,94,0.0,0.0,0.0,326,326,0.027607361963190184,0.0009096011302277873,-3.041149008685992
7vxr,80,194.5,309,80,0.0322580635547637,0.0833333358168602,0.8548387289047241,1.0,0.5483871102333069,0.875,187,86,False,1.9030899869919435,0.9358407613701596,0.3064516186714172,0.0062333296163916,0.0161290322580645,0.0,0.0,124,0.8548387289047241,0.5483871102333069,0.30645161867141724,101,101,0.1485148514851485,0.01427584618927009,-1.8453981398639752
7vxt,80,188.0,296,80,0.0317460335791111,0.0399999991059303,0.841269850730896,1.0,0.4444444477558136,0.5600000023841858,182,84,False,1.9030899869919435,0.9409503439610029,0.3968254029750824,0.0110425628511343,0.0158730158730158,0.0158730158730158,0.0,126,0.841269850730896,0.4444444477558136,0.3968254029750824,98,98,0.14285714285714285,0.015306122448979591,-1.8151348166368135
7vzo,9033,9033.0,9033,9033,0.0,0.0,0.0,0.0,0.0,0.0,382,191,True,3.9558320102324216,2.815315326608558,0.0,0.0,0.0,0.0,0.0,43,0.0,0.0,0.0,191,191,0.0,0.001178695759436419,-2.9285982789158687
7w0w,8064,8212.5,8064,8361,0.0,0.0,0.7200000286102295,1.0,0.0,0.0,285,131,False,3.90655051910145,2.847914871273568,0.7200000286102295,0.0,0.0,0.0,0.0,25,0.7200000286102295,0.0,0.7200000286102295,154,154,0.14935064935064934,0.001239218796470705,-2.9068520078201896
7w2o,7775,7775.0,7775,7775,0.5789473652839661,0.9333333969116212,0.75,1.0,0.0921052619814872,0.0666666701436042,400,200,True,3.890700397698875,2.7401853998668844,0.6578947380185127,0.7402823017722204,0.5,0.7105263157894737,0.8666666666666667,76,0.75,0.0921052619814872,0.6578947380185128,200,200,0.0,0.0019,-2.721246399047171
7w2q,8334,8523.0,8334,8712,0.2133333384990692,0.2666666805744171,0.2399999946355819,0.4666666686534881,0.1066666692495346,0.2000000029802322,399,198,False,3.9208534961212593,2.7725209009904934,0.1333333253860473,0.3023274162603781,0.1733333333333333,0.2702702702702703,0.4,75,0.2399999946355819,0.1066666692495346,0.13333332538604728,201,201,0.014925373134328358,0.0018845168098899443,-2.72479998429032
7w5q,10990,11211.0,11432,10990,0.0,0.0,0.0,0.0,0.0,0.0,231,114,False,4.040997692423491,3.012545266755254,0.0,0.0,0.0,0.0,0.0,57,0.0,0.0,0.0,117,117,0.02564102564102564,0.004273504273504274,-2.369215857410143
7w81,383,387.5,383,392,0.0,0.0,0.0,0.0,0.0,0.0,361,180,False,2.583198773968623,1.4555625214169696,0.0,0.0,0.0,0.0,0.0,19,0.0,0.0,0.0,181,181,0.0055248618784530384,0.0005831798649478208,-3.2341974790196617
7wej,1407,1413.0,1407,1419,0.0314685329794883,0.0701754391193389,0.7272727489471436,1.0,0.0874125882983207,0.1578947305679321,519,257,False,3.148294097434745,1.9433275357690984,0.6398601606488228,0.1075584659097379,0.0664335664335664,0.0909090909090909,0.1052631578947368,286,0.7272727489471436,0.0874125882983207,0.6398601606488229,262,262,0.019083969465648856,0.004247482698191107,-2.371868381521997
7wet,17805,17840.0,17805,17875,0.0645161271095275,0.0,0.8548387289047241,1.0,0.0483870953321456,0.0833333358168602,343,171,False,4.250541978010273,3.1340439228141954,0.8064516335725784,0.2150831243230042,0.1612903225806451,0.1935483870967742,0.3333333333333333,62,0.8548387289047241,0.0483870953321456,0.8064516335725785,172,172,0.005813953488372093,0.002107983136134911,-2.676132867801449
7weu,17452,17918.5,17452,18385,0.0967741906642913,0.0,0.8870967626571655,1.0,0.0,0.0,333,166,False,4.241845204314783,3.131791160294755,0.8870967626571655,0.2235918536551472,0.1290322580645161,0.1935483870967742,0.3333333333333333,62,0.8870967626571655,0.0,0.8870967626571655,167,167,0.005988023952095809,0.002236490873674338,-2.6504328696893844
7wf9,1434,1496.0,1558,1434,0.0529100522398948,0.1081081107258796,0.0476190485060215,0.0540540553629398,0.0211640205234289,0.0,245,122,False,3.1565491513317814,2.113369235994407,0.0264550279825925,0.0647444813586057,0.0476190476190476,0.0744680851063829,0.054054054054054,189,0.0476190485060215,0.0211640205234289,0.0264550279825926,123,123,0.008130081300813009,0.012594962015193922,-1.899803137940902
7wgu,6999,7097.0,6999,7195,0.0,0.0,0.0,0.0,0.0,0.0,697,348,False,3.845035993513415,2.5742463715401245,0.0,0.0,0.0,0.0,0.0,39,0.0,0.0,0.0,349,349,0.0028653295128939827,0.0003211145143760498,-3.4933400638792618
7wj6,2880,3060.0,2880,3240,0.0666666701436042,0.0416666679084301,0.2416666597127914,0.4583333432674408,0.0,0.0,485,241,False,3.459392487759231,2.268383966471797,0.2416666597127914,0.0421268029193901,0.0333333333333333,0.05,0.0833333333333333,120,0.2416666597127914,0.0,0.2416666597127914,244,244,0.012295081967213115,0.002040677504931637,-2.690225622865973
7wj7,3189,3200.5,3189,3212,0.0672268941998481,0.0,0.0,0.0,0.0,0.0,488,242,False,3.50365451924296,2.311746836252744,0.0,0.0417320982268999,0.042016806722689,0.0508474576271186,0.0434782608695652,119,0.0,0.0,0.0,246,246,0.016260162601626018,0.001998924947927165,-2.69920351169128
7wju,251,5318.0,10385,251,0.0,0.0,0.7254902124404907,1.0,0.0,0.0,607,200,False,2.399673721481038,1.2491587236490476,0.7254902124404907,0.0,0.0,0.0,0.0,51,0.7254902124404907,0.0,0.7254902124404907,407,407,0.5085995085995086,0.0006265356265356266,-3.203054228791265
7wko,9,86.5,9,164,0.0,0.0,0.3397435843944549,1.0,0.0384615398943424,0.0967741906642913,398,174,False,0.9542425094393248,-0.166032114701975,0.3012820445001125,0.0,0.0,0.0,0.0,156,0.3397435843944549,0.0384615398943424,0.3012820445001125,224,224,0.22321428571428573,0.0040024630541871924,-2.397672668262301
7wmv,1020,7114.5,13209,1020,0.0,0.0,0.8333333134651184,1.0,0.0,0.0,636,34,False,3.008600171761917,2.24286071324079,0.8333333134651184,0.0,0.0,0.0,0.0,30,0.8333333134651184,0.0,0.8333333134651184,602,602,0.9435215946843853,0.001465702560093805,-2.833954153580417
7wn5,13550,13550.0,13550,13550,0.0,0.0,0.8292682766914368,1.0,0.5121951103210449,1.0,236,118,True,4.131939295210424,3.095998291557362,0.3170731663703918,0.0648053894349276,0.048780487804878,0.1,0.0,41,0.8292682766914368,0.5121951103210449,0.31707316637039185,118,118,0.0,0.0029445561620224073,-2.530980157892515
7wn7,134,134.0,134,134,0.0,0.0,0.9180327653884888,1.0,0.0,0.0,493,246,False,2.127104798364808,0.931637244813118,0.9180327653884888,0.0,0.0,0.0,0.0,61,0.9180327653884888,0.0,0.9180327653884888,247,247,0.004048582995951417,0.0010039169217603108,-2.998302225352278
7wrm,1407,1423.5,1407,1440,0.1797752827405929,0.1764705926179886,0.9213483333587646,1.0,0.011235955171287,0.0,285,142,False,3.148294097434745,2.0721499252432176,0.9101123781874776,0.3648716607560652,0.2584269662921348,0.3636363636363636,0.4705882352941176,89,0.9213483333587646,0.011235955171287,0.9101123781874777,143,143,0.006993006993006993,0.0043829410026593124,-2.358234375203206
7wrs,7449,11711.0,15973,7449,0.0,0.0,0.8777777552604675,1.0,0.0111111113801598,0.0,798,280,False,3.8720979742742263,2.648518958603117,0.8666666438803077,0.0,0.0,0.0,0.0,90,0.8777777552604675,0.0111111113801598,0.8666666438803077,518,518,0.4594594594594595,0.0006205184776613348,-3.2072452816481274
7wsx,7886,7921.5,7957,7886,0.0,0.0,0.8527131676673889,1.0,0.0232558138668537,0.0,806,403,False,3.896856772737205,2.594204249666649,0.8294573538005352,0.0,0.0,0.0,0.0,129,0.8527131676673889,0.0232558138668537,0.8294573538005352,403,403,0.0,0.0007942909567819517,-3.10002038198297
7wup,3099,3444.5,3099,3790,0.2251082211732864,0.1956521719694137,0.7575757503509521,0.95652174949646,0.2857142984867096,0.95652174949646,766,381,False,3.491221576239283,2.2007590884014734,0.4718614518642425,0.165037416703399,0.1861471861471861,0.1565217391304348,0.1521739130434782,231,0.7575757503509521,0.2857142984867096,0.47186145186424255,385,385,0.01038961038961039,0.0015748031496062992,-2.8027737252919755
7wuy,2372,2372.0,2372,2372,0.2062256783246994,0.450980395078659,0.8638132214546204,1.0,0.1284046620130539,0.1960784345865249,786,393,True,3.375114684692225,2.077918409504512,0.7354085594415665,0.3812526651233759,0.2645914396887159,0.3046875,0.5098039215686274,257,0.8638132214546204,0.1284046620130539,0.7354085594415665,393,393,0.0,0.0016639796955629366,-2.778851977419559
7wvs,2372,2383.5,2395,2372,0.2117647230625152,0.4901961088180542,0.8627451062202454,1.0,0.0862745121121406,0.0,785,392,False,3.375114684692225,2.0784716511819963,0.7764705941081047,0.3831847016251734,0.2666666666666666,0.2992125984251969,0.4901960784313725,255,0.8627451062202454,0.0862745121121406,0.7764705941081047,393,393,0.002544529262086514,0.0016552422495715844,-2.7811384369619288
7ww0,2372,2372.0,2372,2372,0.2103174775838852,0.4399999976158142,0.8650793433189392,1.0,0.2698412835597992,0.4199999868869781,786,393,True,3.375114684692225,2.077918409504512,0.59523805975914,0.3805900893203626,0.2619047619047619,0.2936507936507936,0.52,252,0.8650793433189392,0.2698412835597992,0.59523805975914,393,393,0.0,0.001631606549734864,-2.7873845599693094
7wwo,375,376.0,377,375,0.0198019798845052,0.0,0.7920792102813721,1.0,0.2376237660646438,0.3000000119209289,318,158,False,2.574031267727719,1.4747027242505075,0.5544554442167282,0.0284123397957149,0.0198019801980198,0.04,0.0,101,0.7920792102813721,0.2376237660646438,0.5544554442167282,160,160,0.0125,0.003995253164556962,-2.398455695827705
7wzd,7215,7255.0,7295,7215,0.0898876413702964,0.0,0.8651685118675232,1.0,0.0,0.0,684,342,False,3.858236335429513,2.5912232824014456,0.8651685118675232,0.0285110367968303,0.0786516853932584,0.0,0.0,89,0.8651685118675232,0.0,0.8651685118675232,342,342,0.0,0.000760917889265073,-3.1186622054673574
7wze,5057,5573.5,6090,5057,0.0374331548810005,0.0810810849070549,0.0802139043807983,0.0810810774564743,0.0,0.0,309,154,False,3.7038929536325447,2.610132593214313,0.0802139043807983,0.0195442966712489,0.0267379679144385,0.021505376344086,0.0,187,0.0802139043807983,0.0,0.0802139043807983,155,155,0.0064516129032258064,0.00783410138248848,-2.1060108124702555
7x1x,7790,7790.0,7790,7790,0.0537634417414665,0.0,0.8602150678634644,1.0,0.0,0.0,676,338,True,3.891537457672564,2.627079107533737,0.8602150678634644,0.038743398759152,0.075268817204301,0.0434782608695652,0.0,93,0.8602150678634644,0.0,0.8602150678634644,338,338,0.0,0.0008140471272014286,-3.089350452001374
7x2p,1580,1594.5,1609,1580,0.0344827584922313,0.0,0.0,0.0,0.0,0.0,428,213,False,3.198657086954422,2.0344672852350536,0.0,0.0848846137098985,0.0344827586206896,0.0714285714285714,0.2,29,0.0,0.0,0.0,215,215,0.009302325581395349,0.0006332569057757397,-3.198420065455387
7x2y,7379,7487.5,7596,7379,0.0869565233588218,0.0,0.91304349899292,1.0,0.0,0.0,684,342,False,3.867997510344951,2.600984457316884,0.91304349899292,0.0260961445071479,0.0760869565217391,0.0,0.0,92,0.91304349899292,0.0,0.91304349899292,342,342,0.0,0.0007865668068807497,-3.1042643847667146
7x45,203,205.0,203,207,0.0511363670229911,0.0857142880558967,0.8920454382896423,1.0,0.0909090936183929,0.0285714287310838,244,122,False,2.307496037913213,1.2643161225758388,0.8011363446712494,0.1196616597542409,0.125,0.1363636363636363,0.0857142857142857,176,0.8920454382896423,0.0909090936183929,0.8011363446712494,122,122,0.0,0.011824778285407149,-1.9272069935353466
7x4t,2558,2586.5,2615,2558,0.0,0.0,0.0,0.0,0.0,0.0,590,292,False,3.407900540142635,2.175209114418426,0.0,0.0,0.0,0.0,0.0,31,0.0,0.0,0.0,298,298,0.020134228187919462,0.00035625632067665716,-3.448237421690401
7x53,10922,10922.0,10922,10922,0.016666667535901,0.0,0.0,0.0,0.0,0.0,812,406,True,4.038302172199525,2.734039155410928,0.0,0.0398841750004912,0.05,0.0333333333333333,0.0,60,0.0,0.0,0.0,406,406,0.0,0.0003639981557426776,-3.4389008167707447
7x80,81,83.0,81,85,0.0687500014901161,0.09375,0.543749988079071,1.0,0.0750000029802322,0.21875,290,142,False,1.9084850188786495,0.8323408466871215,0.4687499850988388,0.0318033763537064,0.05,0.05,0.0,160,0.543749988079071,0.0750000029802322,0.46874998509883886,148,148,0.04054054054054054,0.007613247049866768,-2.118430077122089
7x81,83,83.5,83,84,0.0625,0.1071428656578064,0.5625,1.0,0.0902777761220932,0.2142857164144516,286,141,False,1.919078092376074,0.844468536048384,0.4722222238779068,0.0282393092325338,0.0416666666666666,0.0277777777777777,0.0,144,0.5625,0.0902777761220932,0.4722222238779068,145,145,0.027586206896551724,0.007043286867204695,-2.152224622795105
7xca,5,5.0,5,5,0.0105263162404298,0.0,0.0210526324808597,0.0,0.0,0.0,420,209,False,0.6989700043360189,-0.4611031387195082,0.0210526324808597,0.0535384100024582,0.0210526315789473,0.0425531914893617,0.1052631578947368,95,0.0210526324808597,0.0,0.0210526324808597,211,211,0.009478672985781991,0.002154243860404998,-2.666705136119899
7xdu,5141,5150.5,5160,5141,0.1636363565921783,0.2727272808551788,0.9212121367454528,1.0,0.0787878781557083,0.0606060624122619,694,346,False,3.711047603867034,2.4415095544706458,0.8424242585897446,0.2642987636681833,0.1393939393939394,0.2195121951219512,0.3636363636363636,165,0.9212121367454528,0.0787878781557083,0.8424242585897445,348,348,0.005747126436781609,0.0013703408411401235,-2.863171398525451
7xf2,22,22.0,22,22,0.0126050431281328,0.0212765950709581,0.3655462265014648,0.8936170339584351,0.0210084039717912,0.0,840,400,False,1.3424226808222062,0.041392685158225,0.3445378225296736,0.01654412909595,0.0126050420168067,0.0168067226890756,0.0425531914893617,238,0.3655462265014648,0.0210084039717912,0.3445378225296736,440,440,0.09090909090909091,0.0013522727272727274,-2.8689357107576376
7xfs,9160,9160.0,9160,9160,0.0,0.0,0.6000000238418579,1.0,0.0,0.0,192,96,True,3.9618954736678496,2.9707598571480665,0.6000000238418579,0.0300132707464946,0.0571428571428571,0.0,0.0,35,0.6000000238418579,0.0,0.6000000238418579,96,96,0.0,0.0037977430555555555,-2.420474421728861
7xgt,4170,4181.0,4170,4192,0.0243902429938316,0.0,0.8658536672592163,1.0,0.0,0.0,543,268,False,3.6201360549737576,2.406068657959363,0.8658536672592163,0.0807638506498631,0.073170731707317,0.073170731707317,0.125,82,0.8658536672592163,0.0,0.8658536672592163,275,275,0.025454545454545455,0.0011126187245590231,-2.9536536354753347
7xi6,272,272.0,272,272,0.4426229298114776,0.9166666865348816,0.8606557250022888,1.0,0.6557376980781555,1.0,112,56,True,2.4345689040341987,1.5604748905310986,0.2049180269241333,0.7795041270449785,0.5901639344262295,0.7213114754098361,0.9166666666666666,122,0.8606557250022888,0.6557376980781555,0.2049180269241333,56,56,0.0,0.0389030612244898,-1.4100162233376525
7xky,8978,10072.5,11167,8978,0.0275229346007108,0.0,0.8440366983413696,1.0,0.1284403651952743,0.190476194024086,464,186,False,3.953179601065634,2.818423128956676,0.7155963331460953,0.009941919539638,0.0275229357798165,0.0185185185185185,0.0,109,0.8440366983413696,0.1284403651952743,0.7155963331460953,278,278,0.33093525179856115,0.0021079910265336117,-2.676131242195369
7xl7,256,263.5,256,271,0.1458333432674408,0.3333333432674408,0.9583333134651184,1.0,0.8333333134651184,1.0,107,49,False,2.4082399653118496,1.5631419252975929,0.125,0.1851515698458001,0.125,0.1666666666666666,0.3333333333333333,48,0.9583333134651184,0.8333333134651184,0.125,58,58,0.15517241379310345,0.01688951442646024,-1.7723828362158638
7xmw,245,245.5,246,245,0.0212765950709581,0.1111111119389534,0.8191489577293396,1.0,0.1382978707551956,0.0555555559694767,142,70,False,2.3891660843645326,1.466617064357404,0.680851086974144,0.0,0.0,0.0,0.0,94,0.8191489577293396,0.1382978707551956,0.680851086974144,72,72,0.027777777777777776,0.01865079365079365,-1.7293026828458267
7xq5,418,2969.0,5520,418,0.75,1.0,0.9722222089767456,1.0,0.6388888955116272,1.0,148,73,False,2.621176281775035,1.6895148517148073,0.3333333134651184,0.9729601205426294,0.8333333333333334,1.0,1.0,72,0.9722222089767456,0.6388888955116272,0.3333333134651184,75,75,0.02666666666666667,0.01315068493150685,-1.8810516270808875
7xrb,1211,1211.0,1211,1211,0.0,0.0,0.0,0.0,0.0,0.0,440,220,True,3.0831441431430524,1.911932802731949,0.0,0.0,0.0,0.0,0.0,24,0.0,0.0,0.0,220,220,0.0,0.0004958677685950413,-3.3046341199328064
7xro,7673,7837.0,8001,7673,0.1923076957464218,0.4000000059604645,0.9134615659713744,1.0,0.0,0.0,410,203,False,3.884965198200733,2.731217179244126,0.9134615659713744,0.4262546770478511,0.2692307692307692,0.4230769230769231,0.5,104,0.9134615659713744,0.0,0.9134615659713744,207,207,0.01932367149758454,0.002474952999690631,-2.60643304407135
7xt2,7804,7893.5,7804,7983,0.0,0.0,0.0571428574621677,0.0,0.0,0.0,776,388,False,3.89231726072248,2.597901397925377,0.0571428574621677,0.0,0.0,0.0,0.0,280,0.0571428574621677,0.0,0.0571428574621677,388,388,0.0,0.0018599213518971198,-2.730505419846195
7xux,4904,4933.5,4963,4904,0.0,0.0,0.9024389982223512,1.0,0.0,0.0,726,361,False,3.690550461510359,2.411796860557529,0.9024389982223512,0.0,0.0,0.0,0.0,41,0.9024389982223512,0.0,0.9024389982223512,365,365,0.010958904109589041,0.0003111600197320988,-3.507016209642397
7xw7,3576,9610.5,15645,3576,0.0,0.0,0.0,0.0,0.0,0.0,794,227,False,3.55339751012388,2.3753845815273187,0.0,0.0,0.0,0.0,0.0,51,0.0,0.0,0.0,567,567,0.599647266313933,0.0003962426869915857,-3.402038739988093
7xwe,4089,4089.0,4089,4089,0.0799999982118606,0.0,0.4000000059604645,0.4000000059604645,0.0,0.0,152,76,True,3.611617110554336,2.6712103144139405,0.4000000059604645,0.0100843641481806,0.02,0.0,0.0,50,0.4000000059604645,0.0,0.4000000059604645,76,76,0.0,0.00865650969529086,-2.062657180225564
7xwg,4093,4093.0,4093,4093,0.0,0.0,0.2539682686328888,0.25,0.0158730167895555,0.0,144,72,True,3.6120417446452695,2.6833754964296355,0.2380952518433332,0.0,0.0,0.0,0.0,63,0.2539682686328888,0.0158730167895555,0.2380952518433333,72,72,0.0,0.012152777777777778,-1.9153244434089551
7xyy,7467,7467.0,7467,7467,0.0261437911540269,0.0,0.6143791079521179,0.8666666746139526,0.0130718955770134,0.0,764,382,True,3.873146151328256,2.582114469872401,0.6013072123751044,0.0044667807974124,0.0065359477124183,0.0,0.0,153,0.6143791079521179,0.0130718955770134,0.6013072123751045,382,382,0.0,0.0010484909953126286,-2.9794352950058185
7xz0,7533,7533.0,7533,7533,0.0780141800642013,0.0357142873108387,0.8333333134651184,1.0,0.0,0.0,772,386,True,3.8769679674325848,2.583674315096708,0.8333333134651184,0.0361997410265562,0.0319148936170212,0.0354609929078014,0.0535714285714285,282,0.8333333134651184,0.0,0.8333333134651184,386,386,0.0,0.0018926682595505919,-2.722925501024149
7xz1,7528,7528.0,7528,7528,0.0599999986588954,0.050000000745058,0.6899999976158142,1.0,0.0,0.0,764,382,True,3.8766796104192007,2.585647928963346,0.6899999976158142,0.024570732101855,0.025,0.04,0.0,200,0.6899999976158142,0.0,0.6899999976158142,382,382,0.0,0.0013705764644609522,-2.863096730159436
7y0y,9238,10192.0,9238,11146,0.4642857313156128,0.875,0.738095223903656,1.0,0.1071428582072258,0.3125,370,183,False,3.965577957910528,2.834352413045313,0.6309523656964302,0.5377143003838663,0.3809523809523809,0.5,0.6875,84,0.738095223903656,0.1071428582072258,0.6309523656964302,187,187,0.0213903743315508,0.0024546331200140264,-2.6100134102050467
7y0z,8091,8134.5,8178,8091,0.5925925970077515,0.9375,0.8395061492919922,1.0,0.0370370373129844,0.0,385,189,False,3.9080022011725535,2.769771299085932,0.8024691119790077,0.7004243564825295,0.5061728395061729,0.675,0.75,81,0.8395061492919922,0.0370370373129844,0.8024691119790078,196,196,0.03571428571428571,0.002186588921282799,-2.6602328566510707
7y3w,1220,1220.0,1220,1220,0.0,0.0,0.2307692319154739,0.2857142984867096,0.0,0.0,856,428,True,3.0863598306747484,1.7706379461681625,0.2307692319154739,0.0,0.0,0.0,0.0,39,0.2307692319154739,0.0,0.2307692319154739,428,428,0.0,0.00021290069001659535,-3.671822930999845
7y3y,1331,1331.0,1331,1331,0.0,0.0,0.3658536672592163,0.5,0.0,0.0,880,440,True,3.124178055474675,1.8024517172315813,0.3658536672592163,0.0,0.0,0.0,0.0,41,0.3658536672592163,0.0,0.3658536672592163,440,440,0.0,0.00021177685950413223,-3.6741214962526394
7y40,684,686.5,684,689,0.095238097012043,0.0,0.7142857313156128,1.0,0.0,0.0,427,213,False,2.835056101720116,1.670866300000747,0.7142857313156128,0.0,0.0,0.0,0.0,21,0.7142857313156128,0.0,0.7142857313156128,214,214,0.004672897196261682,0.0004607081742793208,-3.336574082054009
7y4s,5485,5485.0,5485,5485,0.0171673819422721,0.0434782616794109,0.90128755569458,1.0,0.0,0.0,686,343,True,3.73917663191073,2.4715295718893446,0.90128755569458,0.0,0.0,0.0,0.0,233,0.90128755569458,0.0,0.90128755569458,343,343,0.0,0.0019804673222891824,-2.7032323190595218
7y5y,1906,1906.0,1906,1906,0.0784313753247261,0.0,0.0,0.0,0.0588235296308994,0.1000000014901161,304,152,True,3.2801228963023075,2.189201102329921,-0.0588235296308994,0.0,0.0,0.0,0.0,51,0.0,0.0588235296308994,-0.0588235296308994,152,152,0.0,0.002207409972299169,-2.6561169997916085
7y79,346,350.5,355,346,0.0243902429938316,0.0,0.0,0.0,0.0,0.0,383,188,False,2.5390760987927767,1.4019971741609367,0.0,0.0,0.0,0.0,0.0,41,0.0,0.0,0.0,195,195,0.035897435897435895,0.0011183851609383524,-2.9514086039064624
7y8s,4284,4477.0,4284,4670,0.0,0.0,0.0,0.0,0.0,0.0,563,275,False,3.631849462159818,2.4121831152446864,0.0,0.0,0.0,0.0,0.0,93,0.0,0.0,0.0,288,288,0.04513888888888889,0.0011742424242424242,-2.930242233035558
7y8u,43,299.5,43,556,0.0,0.0,0.4202898442745209,0.6153846383094788,0.0144927538931369,0.0,718,347,False,1.6334684555795866,0.3633037181841497,0.4057970903813839,0.0089415191236332,0.0144927536231884,0.0,0.0,69,0.4202898442745209,0.0144927538931369,0.40579709038138395,371,371,0.0646900269541779,0.0005359764481073817,-3.2708542936686644
7y8v,39,196.5,39,354,0.0746268630027771,0.0769230797886848,0.0,0.0,0.0,0.0,717,343,False,1.591064607026499,0.3234175470051139,0.0,0.0742085966327554,0.0746268656716417,0.0909090909090909,0.0769230769230769,67,0.0,0.0,0.0,374,374,0.08288770053475936,0.0005222868368126471,-3.282090919542424
7y8x,41,298.5,41,556,0.0285714287310838,0.0,0.1571428626775741,0.0,0.0142857143655419,0.0714285746216774,717,347,False,1.6127838567197357,0.3426191193242986,0.1428571483120322,0.0,0.0,0.0,0.0,70,0.1571428626775741,0.0142857143655419,0.1428571483120322,370,370,0.062162162162162166,0.0005452138016979515,-3.263433158843612
7y9g,186,202.5,186,219,0.0158730167895555,0.0,0.8888888955116272,1.0,0.0,0.0,655,311,False,2.2695129442179165,1.0231327497044975,0.8888888955116272,0.0569863700148158,0.0634920634920634,0.064516129032258,0.0833333333333333,63,0.8888888955116272,0.0,0.8888888955116272,344,344,0.09593023255813954,0.000588873102520003,-3.2299782821447858
7y9h,181,181.0,181,181,0.0161290317773818,0.0,0.9032257795333862,1.0,0.0,0.0,678,333,False,2.257678574869185,0.9964564581160246,0.9032257795333862,0.0664343401766101,0.0483870967741935,0.064516129032258,0.0833333333333333,62,0.9032257795333862,0.0,0.9032257795333862,345,345,0.034782608695652174,0.0005396701048874962,-3.2678716390813403
7yao,662,668.0,662,674,0.0799999982118606,0.0,0.6800000071525574,1.0,0.0,0.0,429,213,False,2.8208579894397,1.656668187720331,0.6800000071525574,0.0,0.0,0.0,0.0,25,0.6800000071525574,0.0,0.6800000071525574,216,216,0.013888888888888888,0.0005433837593462006,-3.264893345917631
7yeo,12670,12691.0,12712,12670,0.0095238098874688,0.0,0.0,0.0,0.0,0.0,763,381,False,4.1027766148834415,2.812314127045632,0.0,0.0,0.0,0.0,0.0,105,0.0,0.0,0.0,382,382,0.002617801047120419,0.0007214412334583831,-3.14179903951739
7yfj,1768,1781.5,1768,1795,0.675000011920929,1.0,0.5,0.5,0.3000000119209289,0.25,189,92,False,3.2474822606770544,2.2655883470042766,0.199999988079071,0.7358078277270179,0.55,0.7,0.875,40,0.5,0.3000000119209289,0.1999999880790711,97,97,0.05154639175257732,0.0044822949350067235,-2.348499570283838
7yfu,651,651.0,651,651,0.7941176295280457,1.0,0.911764681339264,1.0,0.911764681339264,1.0,88,44,True,2.813580988568192,1.9918546503250985,0.0,0.8115716937611851,0.6470588235294118,0.7647058823529411,1.0,34,0.911764681339264,0.911764681339264,0.0,44,44,0.0,0.01756198347107438,-1.7554264359301197
7ygh,171,172.5,174,171,0.0684931501746177,0.0714285746216774,0.7260273694992065,1.0,0.6575342416763306,1.0,362,178,False,2.2329961103921536,1.1077861092377068,0.0684931278228759,0.4828583232852889,0.1917808219178082,0.3888888888888889,0.8571428571428571,73,0.7260273694992065,0.6575342416763306,0.06849312782287598,184,184,0.03260869565217391,0.0022288715192965314,-2.6519149651979745
7ygl,161,162.0,161,163,0.0657894760370254,0.0666666701436042,0.7236841917037964,1.0,0.6052631735801697,1.0,362,178,False,2.206825876031849,1.0816158748774027,0.1184210181236267,0.462974807416817,0.1710526315789473,0.3421052631578947,0.8,76,0.7236841917037964,0.6052631735801697,0.11842101812362671,184,184,0.03260869565217391,0.002320468978993649,-2.634424233037639
7yh2,107,107.0,107,107,0.1857142895460128,0.2857142984867096,0.8857142925262451,1.0,0.1000000014901161,0.0714285746216774,312,156,True,2.0293837776852097,0.9328214785079788,0.785714291036129,0.2216469955507448,0.1571428571428571,0.2,0.2857142857142857,70,0.8857142925262451,0.1000000014901161,0.785714291036129,156,156,0.0,0.002876397107166338,-2.5411511566946663
7yhl,163,165.5,163,168,0.046875,0.0833333358168602,0.515625,0.9166666865348816,0.484375,0.6666666865348816,339,165,False,2.2121876044039577,1.1034456322970048,0.03125,0.1652009820784223,0.09375,0.125,0.3333333333333333,64,0.515625,0.484375,0.03125,174,174,0.05172413793103448,0.002229188436084988,-2.6518532185126187
7yii,7230,7237.0,7244,7230,0.0229885056614875,0.0,0.8850574493408203,1.0,0.0,0.0,546,273,False,3.859138297294531,2.6410569737741527,0.8850574493408203,0.0,0.0,0.0,0.0,87,0.8850574493408203,0.0,0.8850574493408203,273,273,0.0,0.001167330837660508,-2.9328060414628934
7yka,2769,2821.0,2769,2873,0.0,0.0,0.0512820519506931,0.0,0.1025641039013862,0.0,240,118,False,3.4423229557455746,2.406381952092512,-0.0512820519506931,0.0042242259794057,0.0256410256410256,0.0,0.0,39,0.0512820519506931,0.1025641039013862,-0.0512820519506931,122,122,0.03278688524590164,0.0027090858571825506,-2.5671772309543743
7ylq,6935,7053.5,7172,6935,0.0,0.0,0.7802197933197021,1.0,0.0,0.0,951,471,False,3.841046465409304,2.504536011844856,0.7802197933197021,0.0040142165948544,0.0109890109890109,0.0,0.0,91,0.7802197933197021,0.0,0.7802197933197021,480,480,0.01875,0.0004025123849964614,-3.39522075218339
7yls,6305,10120.5,6305,13936,0.0099009899422526,0.0,0.8712871074676514,1.0,0.0,0.0,593,158,False,3.799685090909101,2.700356547431889,0.8712871074676514,0.0012457328316953,0.0099009900990099,0.0,0.0,101,0.8712871074676514,0.0,0.8712871074676514,435,435,0.6367816091954023,0.0014695184053542848,-2.8328249701264174
7yn2,14,14.0,14,14,0.0159574467688798,0.0,0.2872340381145477,0.6756756901741028,0.0159574467688798,0.0,695,346,False,1.146128035678238,-0.1234100137181502,0.2712765913456678,0.0,0.0,0.0,0.0,188,0.2872340381145477,0.0159574467688798,0.2712765913456679,349,349,0.008595988538681949,0.0015568842440001987,-2.807743676488277
7yni,977,6585.0,12193,977,0.0,0.0,0.8620689511299133,1.0,0.0,0.0,594,28,False,2.989894563718773,2.2663155480476638,0.8620689511299133,0.0,0.0,0.0,0.0,29,0.8620689511299133,0.0,0.8620689511299133,566,566,0.950530035335689,0.0018298838970217063,-2.7375764646315344
7ynj,1000,6897.5,12795,1000,0.0,0.0,0.8387096524238586,1.0,0.0,0.0,592,28,False,3.0,2.2764209843288903,0.8387096524238586,0.0,0.0,0.0,0.0,31,0.8387096524238586,0.0,0.8387096524238586,564,564,0.950354609929078,0.001963019250253293,-2.707075441491289
7ynk,898,7033.0,13168,898,0.0,0.0,0.8965517282485962,1.0,0.0,0.0,578,25,False,2.9532763366673045,2.2543063323312857,0.8965517282485962,0.0,0.0,0.0,0.0,29,0.8965517282485962,0.0,0.8965517282485962,553,553,0.9547920433996383,0.0020976491862567813,-2.6782671420777797
7yp5,6836,6836.0,6836,6836,0.0695652142167091,0.0,0.904347836971283,1.0,0.0,0.0,838,419,True,3.834802054048699,2.5236950425655515,0.904347836971283,0.063572619404977,0.0608695652173913,0.087719298245614,0.0,115,0.904347836971283,0.0,0.904347836971283,419,419,0.0,0.0006550429765152853,-3.183730205578979
7ypd,3343,3730.5,4118,3343,0.0457516349852085,0.0333333350718021,0.0522875823080539,0.0,0.0130718955770134,0.0,480,237,False,3.5241363765925686,2.336762203587517,0.0392156867310404,0.0337044038382873,0.0326797385620915,0.0394736842105263,0.0333333333333333,153,0.0522875823080539,0.0130718955770134,0.0392156867310405,243,243,0.024691358024691357,0.0026566651039224877,-2.5756631887908172
7yr9,15234,15234.0,15234,15234,0.0,0.0,0.0,0.0,0.0,0.0,292,146,True,4.182813951257366,3.100637523365147,0.0,0.0,0.0,0.0,0.0,23,0.0,0.0,0.0,146,146,0.0,0.0010790016888722086,-2.9669778755512812
7yra,15234,15234.0,15234,15234,0.0,0.0,0.0,0.0,0.0,0.0,292,146,True,4.182813951257366,3.100637523365147,0.0,0.0,0.0,0.0,0.0,18,0.0,0.0,0.0,146,146,0.0,0.000844436104334772,-3.0734332064655683
7ysk,14368,14430.0,14492,14368,0.1709401756525039,0.4347826242446899,0.9059829115867616,1.0,0.0085470089688897,0.0434782616794109,673,332,False,4.1573963193232295,2.896827277471211,0.8974359026178718,0.2791967197023457,0.2478632478632478,0.2241379310344827,0.3478260869565217,117,0.9059829115867616,0.0085470089688897,0.8974359026178719,341,341,0.026392961876832845,0.0010334593505988763,-2.9857066009503725
7ysl,14455,14455.5,14456,14455,0.1851851940155029,0.4285714328289032,0.92592591047287,1.0,0.0092592593282461,0.0,674,332,False,4.160018096006676,2.8994490541546583,0.9166666511446238,0.2828207711698513,0.2314814814814814,0.2222222222222222,0.3809523809523809,108,0.92592591047287,0.0092592593282461,0.9166666511446239,342,342,0.029239766081871343,0.0009511731135066582,-3.0217404342732217
7ytt,48,51.0,48,54,0.0119047621265053,0.0,0.8928571343421936,1.0,0.1547619104385376,0.375,138,67,False,1.6812412373755872,0.768203836025174,0.738095223903656,0.0037822521310742,0.0119047619047619,0.0,0.0,84,0.8928571343421936,0.1547619104385376,0.738095223903656,71,71,0.056338028169014086,0.01765818793357158,-1.75305386535802
7ytu,48,50.5,48,53,0.0238095242530107,0.0,0.8214285969734192,1.0,0.130952388048172,0.375,128,63,False,1.6812412373755872,0.7815709626487963,0.6904762089252472,0.0,0.0,0.0,0.0,84,0.8214285969734192,0.130952388048172,0.6904762089252472,65,65,0.03076923076923077,0.020512820512820513,-1.6879746200345556
7yuj,8331,8406.5,8331,8482,0.0,0.0,0.0289855077862739,0.0,0.0289855077862739,0.1538461595773697,299,149,False,3.92069713446992,2.834104000263783,0.0,0.0,0.0,0.0,0.0,69,0.0289855077862739,0.0289855077862739,0.0,150,150,0.006666666666666667,0.003087248322147651,-2.5104284367307
7yun,726,756.0,786,726,0.0,0.0,0.0,0.0,0.0,0.0,183,91,False,2.8609366207000937,1.881415924539547,0.0,0.0,0.0,0.0,0.0,7,0.0,0.0,0.0,92,92,0.010869565217391304,0.0008361204013377926,-3.077731179652392
7z27,2103,2113.0,2103,2123,0.0212765950709581,0.1111111119389534,0.1489361673593521,0.3333333432674408,0.0212765950709581,0.0,334,162,False,3.322839272686321,2.218081765415006,0.1276595722883939,0.0365980148696519,0.0212765957446808,0.0434782608695652,0.1111111111111111,47,0.1489361673593521,0.0212765950709581,0.127659572288394,172,172,0.05813953488372093,0.0016867642836635084,-2.7729456035144624
7z55,175,177.5,180,175,0.0380952395498752,0.0,0.4095238149166107,0.8095238208770752,0.0,0.0,371,185,False,2.2430380486862944,1.1094521844847876,0.4095238149166107,0.2148574635560269,0.0761904761904762,0.1538461538461538,0.2857142857142857,105,0.4095238149166107,0.0,0.4095238149166107,186,186,0.005376344086021506,0.003051438535309503,-2.515495373550992
7z56,215,228.5,242,215,0.0500000044703483,0.0833333358168602,0.5666666626930237,1.0,0.0,0.0,361,178,False,2.3324384599156054,1.2072284587611584,0.5666666626930237,0.5116896843475007,0.2166666666666666,0.4333333333333333,0.75,60,0.5666666626930237,0.0,0.5666666626930237,183,183,0.0273224043715847,0.001841959845275373,-2.73471984165568
7z5i,11336,11336.0,11336,11336,0.8999999761581421,1.0,0.9399999976158142,1.0,0.3799999952316284,0.699999988079071,112,56,True,4.054459837239404,3.180365823736304,0.5600000023841858,0.9888160153113202,0.92,1.0,1.0,50,0.9399999976158142,0.3799999952316284,0.5600000023841858,56,56,0.0,0.01594387755102041,-1.797406049676382
7z5k,11336,11344.0,11336,11352,0.8999999761581421,1.0,0.9800000190734864,1.0,0.2199999988079071,0.1000000014901161,112,56,False,4.054459837239404,3.180365823736304,0.7600000202655792,0.9931812511693195,0.94,1.0,1.0,50,0.9800000190734864,0.2199999988079071,0.7600000202655793,56,56,0.0,0.01594387755102041,-1.797406049676382
7z6n,9649,9680.5,9649,9712,0.0,0.0,0.0,0.0,0.0,0.0,536,261,False,3.9844823064022634,2.776162052733122,0.0,0.0,0.0,0.0,0.0,34,0.0,0.0,0.0,275,275,0.05090909090909091,0.0004737025426680599,-3.3244942841262883
7zcg,5970,6570.5,5970,7171,0.0307692307978868,0.0384615398943424,0.0,0.0,0.1153846159577369,0.0384615398943424,306,147,False,3.775974331129369,2.692315663755281,-0.1153846159577369,0.0718493666853263,0.0384615384615384,0.0615384615384615,0.1538461538461538,130,0.0,0.1153846159577369,-0.1153846159577369,159,159,0.07547169811320754,0.00556197321695974,-2.254771106761791
7zch,5970,6570.5,5970,7171,0.0289855077862739,0.0370370373129844,0.0,0.0,0.0869565233588218,0.0,306,147,False,3.775974331129369,2.692315663755281,-0.0869565233588218,0.0644136894744735,0.0289855072463768,0.0579710144927536,0.1481481481481481,138,0.0,0.0869565233588218,-0.0869565233588218,159,159,0.07547169811320754,0.00590424849184957,-2.2288353726673913
7zcv,5695,5768.5,5842,5695,0.0751173719763755,0.1190476194024086,0.7652581930160522,1.0,0.0140845067799091,0.0,568,283,False,3.7554937284151193,2.529600510652974,0.7511736862361431,0.1714651539391252,0.1173708920187793,0.1792452830188679,0.238095238095238,213,0.7652581930160522,0.0140845067799091,0.7511736862361431,285,285,0.007017543859649123,0.0026408778129068254,-2.578251692094063
7zg6,8025,8105.0,8025,8185,0.8403362035751343,1.0,0.9495798349380492,1.0,0.0756302550435066,0.1739130467176437,104,51,False,3.90444504107691,3.050659953027941,0.8739495798945427,0.9698398724759626,0.8487394957983193,0.9830508474576272,1.0,119,0.9495798349380492,0.0756302550435066,0.8739495798945426,53,53,0.03773584905660377,0.0440251572327044,-1.3562990843061946
7zgt,3656,3744.0,3832,3656,0.1500000059604644,0.1666666716337204,0.8500000238418579,1.0,0.4166666567325592,0.5,502,249,False,3.5630061870617937,2.3649065135139256,0.4333333671092987,0.2389092043885939,0.2,0.2,0.25,60,0.8500000238418579,0.4166666567325592,0.4333333671092987,253,253,0.015810276679841896,0.0009524263060145721,-3.0211686178879105
7zj1,7544,7717.0,7890,7544,0.0980392172932624,0.4000000059604645,0.0196078438311815,0.0,0.0,0.0,166,82,False,3.877601679729272,2.920694753537413,0.0196078438311815,0.0414494892009102,0.0784313725490196,0.0,0.0,51,0.0196078438311815,0.0,0.0196078438311815,84,84,0.023809523809523808,0.007404181184668989,-2.130522962347662
7zkg,3749,3811.0,3749,3873,0.1475409716367721,0.1666666716337204,0.934426248073578,1.0,0.0327868834137916,0.0,504,250,False,3.5739154404215507,2.374945436085532,0.9016393646597862,0.2036701834282606,0.1967213114754098,0.1333333333333333,0.25,61,0.934426248073578,0.0327868834137916,0.9016393646597864,254,254,0.015748031496062992,0.0009606299212598426,-3.0174438902812084
7zlq,7890,7890.0,7890,7890,0.0784313753247261,0.4000000059604645,0.1372549086809158,0.0,0.1568627506494522,0.4000000059604645,164,82,True,3.89707700320942,2.940170077017562,-0.0196078419685363,0.0388826644216933,0.0980392156862745,0.0,0.0,51,0.1372549086809158,0.1568627506494522,-0.019607841968536405,82,82,0.0,0.007584770969660916,-2.120057528669497
7zoo,4099,4204.5,4099,4310,0.0,0.0,0.0,0.0,0.0,0.0,247,123,False,3.6126779183165016,2.5677253625968026,0.0,0.0,0.0,0.0,0.0,34,0.0,0.0,0.0,124,124,0.008064516129032258,0.0022292158405455022,-2.651847879559378
7zop,3875,3971.0,4067,3875,0.0,0.0,0.0,0.0,0.0,0.0,252,124,False,3.588271706842329,2.5415608642612115,0.0,0.0,0.0,0.0,0.0,34,0.0,0.0,0.0,128,128,0.03125,0.0021421370967741934,-2.669152737767848
7zr2,323,440.0,557,323,0.0384615398943424,0.0645161271095275,0.935897409915924,1.0,0.0384615398943424,0.0,267,40,False,2.509202522331103,1.7081725266671215,0.8974358700215816,0.0561690351065702,0.0705128205128205,0.0641025641025641,0.032258064516129,156,0.935897409915924,0.0384615398943424,0.8974358700215815,227,227,0.8237885462555066,0.017180616740088105,-1.7649612501666234
8a0w,11259,11259.0,11259,11259,0.3333333432674408,0.5,0.8888888955116272,1.0,0.5714285969734192,0.9166666865348816,136,68,True,4.0514998191327445,3.1352453627796266,0.317460298538208,0.5900989494485563,0.4285714285714285,0.5806451612903226,0.6666666666666666,63,0.8888888955116272,0.5714285969734192,0.317460298538208,68,68,0.0,0.013624567474048443,-1.8656772759588909
8a1f,4211,4322.0,4433,4211,0.0,0.0,0.3979591727256775,0.5263158082962036,0.0,0.0,705,352,False,3.624385241420265,2.3511139096811995,0.3979591727256775,0.0,0.0,0.0,0.0,98,0.3979591727256775,0.0,0.3979591727256775,353,353,0.0028328611898017,0.0007886943085243369,-3.103091293173459
8a2f,153,216.0,153,279,0.0,0.0,0.0158730167895555,0.0,0.0634920671582222,0.0,251,122,False,2.184691430817599,1.141511515480225,-0.0476190503686666,0.0,0.0,0.0,0.0,63,0.0158730167895555,0.0634920671582222,-0.0476190503686667,129,129,0.05426356589147287,0.004003049942813572,-2.3976089915204155
8a2g,158,158.0,158,158,0.0092592593282461,0.0,0.0,0.0,0.0092592593282461,0.0476190485060215,289,143,False,2.198657086954422,1.1209890682218917,-0.0092592593282461,0.0,0.0,0.0,0.0,108,0.0,0.0092592593282461,-0.0092592593282461,146,146,0.02054794520547945,0.005172909282498323,-2.286265137762549
8a2n,1301,1304.0,1307,1301,0.0,0.0,0.0614035092294216,0.0,0.0087719298899173,0.0,580,290,False,3.1142772965615864,1.883078297612108,0.0526315793395042,0.0,0.0,0.0,0.0,114,0.0614035092294216,0.0087719298899173,0.0526315793395043,290,290,0.0,0.0013555291319857312,-2.8678911444614394
8a3o,1347,1595.5,1347,1844,0.1650485396385193,0.3000000119209289,0.9029126167297364,1.0,0.0,0.0,636,301,False,3.129367595722986,1.890084347926064,0.9029126167297364,0.378186196874895,0.233009708737864,0.3529411764705882,0.55,103,0.9029126167297364,0.0,0.9029126167297364,335,335,0.10149253731343283,0.00102147071949224,-2.9907740779255163
8a60,7,4724.5,9442,7,0.0089285718277096,0.0,0.1875,0.0909090936183929,0.0714285746216774,0.1363636404275894,739,62,False,0.8450980400142568,-0.0510978047348701,0.1160714253783226,0.0128400064187867,0.0178571428571428,0.0178571428571428,0.0,112,0.1875,0.0714285746216774,0.1160714253783226,677,677,0.9084194977843427,0.002668318482870348,-2.5737623355132166
8a82,29,404.5,780,29,0.0,0.0,0.9404761791229248,1.0,0.0,0.0,468,115,False,1.462397997898956,0.4320490777221503,0.9404761791229248,0.0,0.0,0.0,0.0,84,0.9404761791229248,0.0,0.9404761791229248,353,353,0.6742209631728046,0.0020692203473334156,-2.6841932596795526
8a9n,7083,7091.5,7100,7083,0.6666666269302368,0.9166666865348816,0.9071038365364076,1.0,0.0928961783647537,0.0833333358168602,299,149,False,3.8502172417983895,2.7636241075922525,0.8142076581716537,0.8109114234691963,0.6338797814207651,0.8131868131868132,0.9444444444444444,183,0.9071038365364076,0.0928961783647537,0.8142076581716539,150,150,0.006666666666666667,0.008187919463087247,-2.0868264377375256
8a9o,7345,7381.0,7417,7345,0.6890243887901306,0.875,0.8841463327407837,0.9375,0.1219512224197387,0.125,296,148,False,3.865991800126275,2.7808609424287964,0.7621951103210449,0.8425165787237152,0.676829268292683,0.8902439024390244,0.90625,164,0.8841463327407837,0.1219512224197387,0.762195110321045,148,148,0.0,0.007487216946676406,-2.125679582742217
8aa9,6089,6105.0,6121,6089,0.0327868834137916,0.0,0.0,0.0,0.0,0.0,356,178,False,3.7845459740545215,2.659335972900076,0.0,0.0297547306301973,0.0655737704918032,0.0,0.0,61,0.0,0.0,0.0,178,178,0.0,0.0019252619618735007,-2.715510169607021
8ada,5224,5402.0,5224,5580,0.0625,0.3333333432674408,0.8125,1.0,0.0,0.0,132,63,False,3.7180031682670176,2.8183328935402265,0.8125,0.2549652484712508,0.1458333333333333,0.2916666666666667,0.3333333333333333,48,0.8125,0.0,0.8125,69,69,0.08695652173913043,0.011042097998619738,-1.9569484028152497
8aep,5180,5180.0,5180,5180,0.0384615398943424,0.0,0.1634615361690521,0.25,0.0,0.0,792,396,True,3.714329759745233,2.4154821667824766,0.1634615361690521,0.0,0.0,0.0,0.0,104,0.1634615361690521,0.0,0.1634615361690521,396,396,0.0,0.0006631976328946026,-3.178357032552244
8ag3,71,71.0,71,71,0.0,0.0,0.1153846159577369,0.0,0.0,0.0,322,161,True,1.8512583487190752,0.7478454107031505,0.1153846159577369,0.0067954497589225,0.0384615384615384,0.0,0.0,52,0.1153846159577369,0.0,0.1153846159577369,161,161,0.0,0.002006095443848617,-2.6976484084289
8ahr,10560,10560.0,10560,10560,0.078740157186985,0.1599999964237213,0.5354330539703369,1.0,0.0236220471560955,0.0,542,271,True,4.023663918197793,2.80717927276059,0.5118110068142414,0.163033844400107,0.1259842519685039,0.1428571428571428,0.16,127,0.5354330539703369,0.0236220471560955,0.5118110068142414,271,271,0.0,0.0017292792854127802,-2.7621348607928544
8ai1,1618,1630.0,1642,1618,0.0,0.0,0.8714285492897034,0.9285714030265808,0.0,0.0,637,317,False,3.208978517276253,1.9584488861673777,0.8714285492897034,0.0,0.0,0.0,0.0,70,0.8714285492897034,0.0,0.8714285492897034,320,320,0.009375,0.0006900630914826499,-3.1611112005234006
8ai3,1475,1566.0,1657,1475,0.0,0.0,0.8615384697914124,1.0,0.0,0.0,640,317,False,3.1687920203141817,1.918262389205306,0.8615384697914124,0.0,0.0,0.0,0.0,65,0.8615384697914124,0.0,0.8615384697914124,323,323,0.018575851393188854,0.0006348214198513541,-3.197348427905999
8ai6,1495,1497.5,1495,1500,0.0,0.0,0.8888888955116272,1.0,0.0,0.0,643,321,False,3.1746411926604483,1.9213886764580124,0.8888888955116272,0.0,0.0,0.0,0.0,72,0.8888888955116272,0.0,0.8888888955116272,322,322,0.003105590062111801,0.0006965809485110582,-3.1570284076694346
8aie,10648,10709.5,10771,10648,0.2205882370471954,0.5185185074806213,0.8529411554336548,1.0,0.0294117648154497,0.0740740746259689,551,275,False,4.027268042466619,2.8076016955514875,0.8235293906182051,0.4001148154859349,0.2867647058823529,0.3088235294117647,0.4814814814814814,136,0.8529411554336548,0.0294117648154497,0.8235293906182051,276,276,0.0036231884057971015,0.0017918313570487484,-2.7467028675252627
8ako,576,610.5,576,645,0.0,0.0,0.8205128312110901,1.0,0.0,0.0,507,246,False,2.760422483423212,1.5649549298715224,0.8205128312110901,0.0,0.0,0.0,0.0,39,0.8205128312110901,0.0,0.8205128312110901,261,261,0.05747126436781609,0.0006074198673021213,-3.216511007415161
8alo,299,361.5,424,299,0.0326086953282356,0.0555555559694767,0.9021739363670348,1.0,0.0,0.0,236,88,False,2.4756711883244296,1.5034298522493454,0.9021739363670348,0.0511560411111978,0.0434782608695652,0.0652173913043478,0.0555555555555555,92,0.9021739363670348,0.0,0.9021739363670348,148,148,0.40540540540540543,0.007063882063882064,-2.1509565601995706
8and,1434,1450.5,1467,1434,0.2666666507720947,0.6060606241226196,0.8363636136054993,0.939393937587738,0.0,0.0,181,90,False,3.1565491513317814,2.1794278966121188,0.8363636136054993,0.3680906572000343,0.2363636363636363,0.3170731707317073,0.4848484848484848,165,0.8363636136054993,0.0,0.8363636136054993,91,91,0.01098901098901099,0.020146520146520148,-1.6957999575465121
8ant,12,12.0,12,12,0.0780141800642013,0.1428571492433548,0.2978723347187042,0.8571428656578064,0.1347517669200897,0.3214285671710968,159,79,False,1.0791812460476249,0.1303677004024041,0.1631205677986145,0.1538013004270641,0.0921985815602836,0.1142857142857142,0.2142857142857142,141,0.2978723347187042,0.1347517669200897,0.16312056779861453,80,80,0.0125,0.022310126582278482,-1.651497965627005
8anu,12,12.0,12,12,0.0495049506425857,0.050000000745058,0.0396039597690105,0.0,0.0297029707580804,0.0,134,66,False,1.0791812460476249,0.1694092782766905,0.00990098901093,0.0315495009578402,0.0396039603960396,0.04,0.05,101,0.0396039597690105,0.0297029707580804,0.009900989010930103,68,68,0.029411764705882353,0.02250445632798574,-1.6477314744654623
8arf,1410,1411.5,1413,1410,0.1782945692539215,0.199999988079071,0.2015503942966461,0.2800000011920929,0.2015503942966461,0.2800000011920929,193,96,False,3.14921911265538,2.158083496135596,0.0,0.2182413906419969,0.1860465116279069,0.265625,0.2,129,0.2015503942966461,0.2015503942966461,0.0,97,97,0.010309278350515464,0.013853092783505154,-1.8584532570065644
8ayj,10771,10771.0,10771,10771,0.2290076315402984,0.5,0.923664093017578,1.0,0.0152671756222844,0.0,552,276,True,4.032256025890453,2.8118014848578445,0.9083969173952936,0.3966919396400714,0.2824427480916031,0.3076923076923077,0.5,131,0.923664093017578,0.0152671756222844,0.9083969173952936,276,276,0.0,0.0017197017433312328,-2.764546868474671
8ayk,10648,10709.5,10771,10648,0.2230769246816635,0.5,0.8999999761581421,1.0,0.0307692307978868,0.0,551,275,False,4.027268042466619,2.8076016955514875,0.8692307453602552,0.4050962998720852,0.3,0.3230769230769231,0.5,130,0.8999999761581421,0.0307692307978868,0.8692307453602552,276,276,0.0036231884057971015,0.0017127799736495388,-2.7662984235886436
8b3s,668,7897.5,668,15127,0.0,0.0,0.0,0.0,0.0,0.0,387,147,False,2.824776462475546,1.7411177951014576,0.0,0.0,0.0,0.0,0.0,72,0.0,0.0,0.0,240,240,0.3875,0.0020408163265306124,-2.690196080028514
8b5s,2626,2646.5,2626,2667,0.0,0.0,0.0,0.0,0.0,0.0,725,362,False,3.4192947217534604,2.139940436486878,0.0,0.0,0.0,0.0,0.0,23,0.0,0.0,0.0,363,363,0.0027548209366391185,0.00017503005951022022,-3.756887359551685
8b63,2628,2629.5,2628,2631,0.0,0.0,0.0,0.0,0.0,0.0,729,364,False,3.419625360887743,2.1390746690632154,0.0,0.0,0.0,0.0,0.0,27,0.0,0.0,0.0,365,365,0.0027397260273972603,0.00020322143609814844,-3.692030483946543
8b73,4449,4449.0,4449,4449,0.0,0.0,0.8823529481887817,1.0,0.1568627506494522,0.1000000014901161,810,405,True,3.648262405748045,2.3445348941407103,0.7254901975393295,0.0,0.0,0.0,0.0,51,0.8823529481887817,0.1568627506494522,0.7254901975393295,405,405,0.0,0.00031092821216278005,-3.5073398703314007
8b7f,1952,1952.0,1952,1952,0.0,0.0,0.8787878751754761,1.0,0.0,0.0,736,368,True,3.290479813330673,2.0075559039939144,0.8787878751754761,0.0,0.0,0.0,0.0,99,0.8787878751754761,0.0,0.8787878751754761,368,368,0.0,0.0007310373345935728,-3.1360604427494856
8b8v,83,171.0,259,83,0.025000000372529,0.0625,0.0375000014901161,0.125,0.0125000001862645,0.0,397,32,False,1.919078092376074,1.1665031032161208,0.0250000013038516,0.0074094173202052,0.0125,0.0,0.0,80,0.0375000014901161,0.0125000001862645,0.025000001303851598,365,365,0.9123287671232877,0.00684931506849315,-2.164352855784437
8bao,285,287.5,285,290,0.1292517036199569,0.3793103396892547,0.7687074542045593,1.0,0.0,0.0,735,367,False,2.45484486000851,1.1725118278824656,0.7687074542045593,0.3941885609907771,0.1632653061224489,0.3013698630136986,0.6206896551724138,147,0.7687074542045593,0.0,0.7687074542045593,368,368,0.002717391304347826,0.0010884373889349602,-2.963196548177431
8bbq,8188,8212.0,8188,8236,0.0,0.0,0.3606557250022888,0.75,0.0,0.0,645,321,False,3.913177833990468,2.659925317788032,0.3606557250022888,0.0180520785463037,0.0491803278688524,0.0,0.0,61,0.3606557250022888,0.0,0.3606557250022888,324,324,0.009259259259259259,0.000586515903234491,-3.231720207600717
8bgt,6424,6424.0,6424,6424,0.0,0.0,0.0,0.0,0.0,0.0,638,319,True,3.807805532270625,2.555910190742034,0.0,0.0,0.0,0.0,0.0,28,0.0,0.0,0.0,319,319,0.0,0.0002751545287487348,-3.560423334772143
8bic,5780,5799.0,5818,5780,0.2488687932491302,0.4318181872367859,0.8099547624588013,1.0,0.004524887073785,0.0,641,318,False,3.761927838420529,2.5107142784283125,0.8054298753850162,0.4382153847019541,0.3212669683257919,0.3909090909090909,0.5454545454545454,221,0.8099547624588013,0.004524887073785,0.8054298753850163,323,323,0.015479876160990712,0.0021516054286660046,-2.667237368630425
8bie,6702,6702.0,6702,6702,0.318918913602829,0.5135135054588318,0.9405405521392822,1.0,0.0432432442903518,0.0,636,318,True,3.8262044234992527,2.574990863507036,0.8972973078489304,0.5221890484135866,0.3513513513513513,0.532608695652174,0.6216216216216216,185,0.9405405521392822,0.0432432442903518,0.8972973078489305,318,318,0.0,0.0018294371266959378,-2.7376825115658514
8bij,6837,6837.0,6837,6837,0.3052631616592407,0.5,0.921052634716034,1.0,0.0526315793395042,0.0,636,318,True,3.834865579900038,2.583652019907821,0.8684210553765297,0.5065680751307094,0.3368421052631579,0.4947368421052631,0.631578947368421,190,0.921052634716034,0.0526315793395042,0.8684210553765298,318,318,0.0,0.0018788813733633955,-2.7261006390160363
8bir,6249,6278.5,6308,6249,0.274111658334732,0.5384615659713745,0.893401026725769,1.0,0.0,0.0,640,319,False,3.795810524667409,2.5439151831388176,0.893401026725769,0.4180036596712775,0.3147208121827411,0.4183673469387755,0.4871794871794871,197,0.893401026725769,0.0,0.893401026725769,321,321,0.006230529595015576,0.0019238469125675056,-2.7158294893004604
8bpt,522,522.0,522,522,0.0333333350718021,0.1666666716337204,0.0666666701436042,0.0,0.0,0.0,278,139,True,2.717670503002262,1.6461631028752146,0.0666666701436042,0.0,0.0,0.0,0.0,30,0.0666666701436042,0.0,0.0666666701436042,139,139,0.0,0.0015527146628021324,-2.8089083457885278
8brf,88,97.0,88,106,0.0,0.0,0.0,0.0,0.0,0.0,282,137,False,1.944482672150169,0.8761223885719652,0.0,0.0,0.0,0.0,0.0,65,0.0,0.0,0.0,145,145,0.05517241379310345,0.0032720865844450037,-2.4851752127485263
8btj,78,84.0,90,78,0.0,0.0,0.8876404762268066,1.0,0.0,0.0,805,402,False,1.8920946026904804,0.5899815761482454,0.8876404762268066,0.0,0.0,0.0,0.0,178,0.8876404762268066,0.0,0.8876404762268066,403,403,0.0024813895781637717,0.0010987247385899287,-2.9591110969166854
8btn,2111,2441.0,2111,2771,0.0,0.0,0.0,0.0,0.0,0.0,337,164,False,3.3244882333076564,2.2170663092838074,0.0,0.0,0.0,0.0,0.0,112,0.0,0.0,0.0,173,173,0.05202312138728324,0.003947553926406316,-2.403671928506312
8buy,436,448.5,436,461,0.0463576167821884,0.0333333350718021,0.8940397500991821,1.0,0.6688741445541382,1.0,260,126,False,2.639486489268586,1.5893012167098046,0.2251656055450439,0.0239855664675324,0.0264900662251655,0.0266666666666666,0.0333333333333333,151,0.8940397500991821,0.6688741445541382,0.22516560554504395,134,134,0.05970149253731343,0.00894337834636342,-2.048498396189201
8bv8,1374,1648.0,1374,1922,0.0,0.0,0.911764681339264,1.0,0.0,0.0,424,202,False,3.137986732723532,1.98531104800022,0.911764681339264,0.0,0.0,0.0,0.0,34,0.911764681339264,0.0,0.911764681339264,222,222,0.09009009009009009,0.0007581839265007582,-3.1202254268550074
8bve,10825,11007.5,10825,11190,0.2024291604757309,0.4285714328289032,0.7732793688774109,1.0,0.0,0.0,795,397,False,4.034427905025403,2.735032651643845,0.7732793688774109,0.4138050870923128,0.2753036437246963,0.3333333333333333,0.4897959183673469,247,0.7732793688774109,0.0,0.7732793688774109,398,398,0.002512562814070352,0.001563231776008506,-2.805976625577137
8bvk,7527,7536.0,7545,7527,0.0113636367022991,0.0588235296308994,0.0568181835114955,0.1764705926179886,0.0,0.0,439,214,False,3.876621916034273,2.711415029359677,0.0568181835114955,0.0458360306942356,0.0227272727272727,0.0454545454545454,0.0588235294117647,88,0.0568181835114955,0.0,0.0568181835114955,225,225,0.04888888888888889,0.0018276220145379024,-2.7381136193103845
8bxt,684,686.5,684,689,0.095238097012043,0.0,0.7142857313156128,1.0,0.0,0.0,427,213,False,2.835056101720116,1.670866300000747,0.7142857313156128,0.0,0.0,0.0,0.0,21,0.7142857313156128,0.0,0.7142857313156128,214,214,0.004672897196261682,0.0004607081742793208,-3.336574082054009
8bzr,949,1074.5,1200,949,0.0,0.0,0.0285714287310838,0.0,0.0,0.0,244,82,False,2.977266212427293,2.0203592862354345,0.0285714287310838,0.0,0.0,0.0,0.0,35,0.0285714287310838,0.0,0.0285714287310838,162,162,0.49382716049382713,0.0026347485697079194,-2.579260822576072
8c26,7,577.5,1148,7,0.0,0.0,0.9152542352676392,1.0,0.1864406764507293,0.3636363744735718,123,36,False,0.8450980400142568,0.0669467896306132,0.7288135588169098,0.0011795175315081,0.0169491525423728,0.0,0.0,59,0.9152542352676392,0.1864406764507293,0.7288135588169099,87,87,0.5862068965517241,0.018837803320561942,-1.7249697417437615
8c84,11254,11401.0,11548,11254,0.4502617716789245,0.9473684430122375,0.9685863852500916,1.0,0.2251308858394622,0.1578947305679321,183,90,False,4.051306910817974,3.074185656098312,0.7434554994106293,0.7734407762675525,0.4554973821989528,0.8210526315789474,0.9736842105263158,191,0.9685863852500916,0.2251308858394622,0.7434554994106294,93,93,0.03225806451612903,0.022819593787335724,-1.6416920907455324
8c8e,12,12.0,12,12,0.0427350439131259,0.0434782616794109,0.5470085740089417,1.0,0.0940170958638191,0.0434782616794109,136,68,True,1.0791812460476249,0.1629267896945066,0.4529914781451225,0.0690561259661517,0.0598290598290598,0.0862068965517241,0.1304347826086956,117,0.5470085740089417,0.0940170958638191,0.45299147814512253,68,68,0.0,0.025302768166089964,-1.596831963666311
8cbc,5886,5919.0,5886,5952,0.0,0.0,0.0,0.0,0.0,0.0,904,449,False,3.769820257763592,2.4436970872619304,0.0,0.0,0.0,0.0,0.0,39,0.0,0.0,0.0,455,455,0.013186813186813187,0.00019090041361756284,-3.7191931306339363
8cdp,103,103.0,103,103,0.0127659570425748,0.0212765950709581,0.7957446575164795,1.0,0.0,0.0,654,313,False,2.012837224705172,0.7650650559319481,0.7957446575164795,0.0,0.0,0.0,0.0,235,0.7957446575164795,0.0,0.7957446575164795,341,341,0.08211143695014662,0.002201755783122371,-2.65723085426721
8ceg,1527,1533.0,1539,1527,0.2834645509719848,0.3599999845027923,0.8976377844810486,0.959999978542328,0.5118110179901123,1.0,407,193,False,3.1838390370564214,2.0410603825525344,0.3858267664909363,0.4863875169671553,0.3149606299212598,0.3968253968253968,0.6,127,0.8976377844810486,0.5118110179901123,0.3858267664909363,214,214,0.09813084112149532,0.0030749116265556147,-2.5121673614010076
8cf3,5797,5797.0,5797,5797,0.2142857313156128,0.4000000059604645,0.0,0.0,0.0,0.0,502,251,True,3.763203300370772,2.5633664396302525,0.0,0.1771563879330498,0.3571428571428571,0.2142857142857142,0.0,28,0.0,0.0,0.0,251,251,0.0,0.0004444373898827003,-3.352189411619857
8chu,2871,2977.5,3084,2871,0.0163934417068958,0.0,0.0,0.0,0.0,0.0,283,140,False,3.458033192496506,2.384969174657387,0.0,0.0210369975602395,0.0491803278688524,0.0333333333333333,0.0,61,0.0,0.0,0.0,143,143,0.02097902097902098,0.003046953046953047,-2.516134238132533
8chw,2754,2754.0,2754,2754,0.4901961088180542,0.75,0.9313725233078004,1.0,0.5,0.699999988079071,134,67,True,3.439963935920905,2.5269265345704914,0.4313725233078003,0.7001266307850671,0.5784313725490197,0.7058823529411765,0.8,102,0.9313725233078004,0.5,0.4313725233078004,67,67,0.0,0.022722209846290933,-1.6435494336397354
8cid,1254,1254.0,1254,1254,0.0,0.0,0.866310179233551,1.0,0.0213903747498989,0.0,688,344,True,3.0982975364946976,1.8300183152089329,0.8449198044836521,0.0,0.0,0.0,0.0,187,0.866310179233551,0.0213903747498989,0.8449198044836521,344,344,0.0,0.001580246078961601,-2.8012752786065613
8cil,7733,7864.5,7996,7733,0.0,0.0,0.8117647171020508,1.0,0.1411764770746231,0.0588235296308994,718,353,False,3.888348010178049,2.6144606574841376,0.6705882400274277,0.0183542416314098,0.0352941176470588,0.0238095238095238,0.0,85,0.8117647171020508,0.1411764770746231,0.6705882400274277,365,365,0.03287671232876712,0.0006597074003647794,-3.1806486441300046
8ckg,12894,14628.0,12894,16362,0.0869565233588218,0.15625,0.8322981595993042,1.0,0.0434782616794109,0.03125,209,96,False,4.110387665875087,3.119252049355303,0.7888198979198933,0.0708108068882708,0.0434782608695652,0.0875,0.09375,161,0.8322981595993042,0.0434782616794109,0.7888198979198933,113,113,0.1504424778761062,0.014841445427728613,-1.8285238004911384
8ckl,13586,15302.0,13586,17018,0.0872483253479003,0.1724137961864471,0.5436241626739502,0.8620689511299133,0.0268456377089023,0.0344827584922313,197,96,False,4.133091610254708,3.141955993734924,0.5167785249650478,0.0597176659021699,0.0604026845637583,0.081081081081081,0.0689655172413793,149,0.5436241626739502,0.0268456377089023,0.516778524965048,101,101,0.04950495049504951,0.015367161716171618,-1.813406338409937
8ckm,16342,16704.0,16342,17066,0.0822784826159477,0.1612903177738189,0.5443037748336792,0.7096773982048035,0.1265822798013687,0.1290322542190551,205,93,False,4.213305206162794,3.229063731885826,0.4177214950323105,0.0695245931281982,0.0443037974683544,0.0886075949367088,0.0967741935483871,158,0.5443037748336792,0.1265822798013687,0.4177214950323105,112,112,0.16964285714285715,0.015168970814132104,-1.819043884269694
8clt,3100,3102.5,3105,3100,0.0138888889923691,0.0,0.9305555820465088,1.0,0.0416666679084301,0.0,611,304,False,3.4913616938342726,2.249924902029896,0.8888889141380787,0.0938150150256754,0.0694444444444444,0.0833333333333333,0.2142857142857142,72,0.9305555820465088,0.0416666679084301,0.8888889141380787,307,307,0.009771986970684038,0.0007714726555803189,-3.112679462654672
8clu,3081,3099.5,3118,3081,0.0,0.0,0.91780823469162,1.0,0.0273972600698471,0.0,615,306,False,3.4886916983169405,2.24583098507615,0.8904109746217728,0.0849181215416656,0.0684931506849315,0.0833333333333333,0.2142857142857142,73,0.91780823469162,0.0273972600698471,0.8904109746217729,309,309,0.009708737864077669,0.0007720456035704465,-3.112357045785959
8cm0,185,592.5,1000,185,0.0373831763863563,0.0714285746216774,0.0140186911448836,0.0476190485060215,0.0373831763863563,0.0238095242530107,273,114,False,2.2671717284030137,1.2387193027347776,-0.0233644852414727,0.0649447802737514,0.02803738317757,0.0467289719626168,0.0714285714285714,214,0.0140186911448836,0.0373831763863563,-0.0233644852414727,159,159,0.2830188679245283,0.011806245172680129,-1.9278882023077333
8cp3,7585,7865.5,7585,8146,0.0740740746259689,0.1481481492519378,0.4074074029922485,0.8148148059844971,0.0296296291053295,0.0370370373129844,495,245,False,3.879955585122749,2.685372542940483,0.377777773886919,0.1214567069988144,0.074074074074074,0.0895522388059701,0.1851851851851851,135,0.4074074029922485,0.0296296291053295,0.37777777388691897,250,250,0.02,0.002204081632653061,-2.656772324541564
8cqm,1006,1114.0,1222,1006,0.0,0.0,0.0,0.0,0.0,0.0,451,221,False,3.002597980719909,1.8304018438773533,0.0,0.0,0.0,0.0,0.0,23,0.0,0.0,0.0,230,230,0.0391304347826087,0.00045248868778280545,-3.3443922736851106
8cqn,228,228.0,228,228,0.0034246575087308,0.0,0.3630136847496032,0.1551724076271057,0.4452054798603058,0.517241358757019,372,185,False,2.357934847000454,1.2243489827989469,-0.0821917951107025,0.0,0.0,0.0,0.0,292,0.3630136847496032,0.4452054798603058,-0.08219179511070257,187,187,0.0106951871657754,0.008440526087584912,-2.0736304834910944
8cqo,223,223.0,223,223,0.0,0.0,0.3913043439388275,0.6181818246841431,0.4927536249160766,0.800000011920929,354,171,False,2.3483048630481607,1.2318068078520836,-0.1014492809772491,0.0,0.0,0.0,0.0,276,0.3913043439388275,0.4927536249160766,-0.10144928097724909,183,183,0.06557377049180328,0.00881986386731857,-2.0545381180573656
8ctk,255,255.0,255,255,0.0074626863934099,0.0,0.5820895433425903,0.9230769276618958,0.1119403019547462,0.2307692319154739,376,188,True,2.406540180433955,1.2694612558021152,0.4701492413878441,0.0,0.0,0.0,0.0,134,0.5820895433425903,0.1119403019547462,0.47014924138784414,188,188,0.0,0.0037913082842915345,-2.421210900162552
8cus,9865,12390.5,14916,9865,0.0,0.0,0.0,0.0,0.8333333134651184,0.8571428656578064,336,135,False,3.99409708958821,2.928930205340707,-0.8333333134651184,0.0,0.0,0.0,0.0,36,0.0,0.8333333134651184,-0.8333333134651184,201,201,0.3283582089552239,0.0013266998341625207,-2.877227325148208
8cut,9826,10918.0,12010,9826,0.0,0.0,0.0,0.0,0.8648648858070374,1.0,337,134,False,3.992376759798803,2.928824360616399,-0.8648648858070374,0.0,0.0,0.0,0.0,37,0.0,0.8648648858070374,-0.8648648858070374,203,203,0.3399014778325123,0.0013601941033747518,-2.8663991122110257
8cwz,9817,12366.5,14916,9817,0.0,0.0,0.0,0.0,0.8500000238418579,1.0,338,135,False,3.991978790994584,2.9268119067470804,-0.8500000238418579,0.0,0.0,0.0,0.0,40,0.0,0.8500000238418579,-0.8500000238418579,203,203,0.33497536945812806,0.0014595876664842181,-2.8357698150802566
8cxl,3298,3366.5,3298,3435,0.0,0.0,0.9068322777748108,1.0,0.0,0.0,934,463,False,3.5182506513085,2.1854601557995235,0.9068322777748108,0.0,0.0,0.0,0.0,161,0.9068322777748108,0.0,0.9068322777748108,471,471,0.016985138004246284,0.0007382848862536856,-3.1317760221149995
8czj,9484,9542.5,9484,9601,0.0,0.0,0.0,0.0,0.0,0.0,591,295,False,3.9769915453061504,2.742080537317069,0.0,0.0052850714379504,0.0181818181818181,0.0,0.0,55,0.0,0.0,0.0,296,296,0.0033783783783783786,0.0006298671552908841,-3.2007510375428576
8d0c,7775,7775.0,7775,7775,0.0,0.0,0.8928571343421936,1.0,0.5714285969734192,1.0,280,140,True,3.890700397698875,2.817636379859756,0.3214285373687744,0.0,0.0,0.0,0.0,28,0.8928571343421936,0.5714285969734192,0.3214285373687744,140,140,0.0,0.0014285714285714286,-2.845098040014257
8d0d,7775,7775.0,7775,7775,0.0,0.0,0.8333333134651184,1.0,0.5333333611488342,1.0,280,140,True,3.890700397698875,2.817636379859756,0.2999999523162842,0.0,0.0,0.0,0.0,30,0.8333333134651184,0.5333333611488342,0.2999999523162842,140,140,0.0,0.001530612244897959,-2.8151348166368138
8d0e,7775,7775.0,7775,7775,0.0,0.0,0.8620689511299133,1.0,0.5517241358757019,1.0,280,140,True,3.890700397698875,2.817636379859756,0.3103448152542114,0.0,0.0,0.0,0.0,29,0.8620689511299133,0.5517241358757019,0.3103448152542114,140,140,0.0,0.0014795918367346938,-2.82985807345752
8d0f,7775,7775.0,7775,7775,0.0,0.0,0.8333333134651184,1.0,0.5333333611488342,1.0,280,140,True,3.890700397698875,2.817636379859756,0.2999999523162842,0.0,0.0,0.0,0.0,30,0.8333333134651184,0.5333333611488342,0.2999999523162842,140,140,0.0,0.001530612244897959,-2.8151348166368138
8d0g,7775,7859.0,7775,7943,0.0,0.0,0.92592591047287,1.0,0.7037037014961243,1.0,279,139,False,3.890700397698875,2.8191929975718275,0.2222222089767456,0.0,0.0,0.0,0.0,27,0.92592591047287,0.7037037014961243,0.22222220897674572,140,140,0.007142857142857143,0.0013874614594039055,-2.857779071773346
8d0h,7775,7775.0,7775,7775,0.0,0.0,0.84375,1.0,0.5625,1.0,280,140,True,3.890700397698875,2.817636379859756,0.28125,0.0,0.0,0.0,0.0,32,0.84375,0.5625,0.28125,140,140,0.0,0.0016326530612244899,-2.78710609303657
8d0i,7775,7775.0,7775,7775,0.0,0.0,0.8387096524238586,1.0,0.5483871102333069,1.0,280,140,True,3.890700397698875,2.817636379859756,0.2903225421905517,0.0,0.0,0.0,0.0,31,0.8387096524238586,0.5483871102333069,0.29032254219055176,140,140,0.0,0.0015816326530612246,-2.8008943775222033
8d0j,7775,7775.0,7775,7775,0.0,0.0,0.90625,1.0,0.59375,1.0,280,140,True,3.890700397698875,2.817636379859756,0.3125,0.0,0.0,0.0,0.0,32,0.90625,0.59375,0.3125,140,140,0.0,0.0016326530612244899,-2.78710609303657
8d3z,818,818.0,818,818,0.0,0.0,0.7481481432914734,1.0,0.0,0.0,798,399,True,2.912753303671323,1.612266855827949,0.7481481432914734,0.0,0.0,0.0,0.0,135,0.7481481432914734,0.0,0.7481481432914734,399,399,0.0,0.0008479846232121658,-3.0716120228784902
8d4i,5852,5982.5,6113,5852,0.1380753070116043,0.1489361673593521,0.8158996105194092,1.0,0.0083682006224989,0.0,922,461,False,3.767304317453273,2.435453854758449,0.8075314098969102,0.2092453046442069,0.1631799163179916,0.2184873949579832,0.2978723404255319,239,0.8158996105194092,0.0083682006224989,0.8075314098969103,461,461,0.0,0.0011245947459309904,-2.9490039498311584
8d5d,7584,7855.5,7584,8127,0.1302521079778671,0.1063829734921455,0.8445377945899963,1.0,0.0042016808874905,0.0,910,452,False,3.87989832433001,2.5523291069243186,0.8403361137025058,0.205816498011187,0.1638655462184874,0.2016806722689075,0.2765957446808511,238,0.8445377945899963,0.0042016808874905,0.8403361137025058,458,458,0.013100436681222707,0.00114966959075627,-2.9394269557587394
8d5r,7494,7547.5,7601,7494,0.1312741339206695,0.1176470667123794,0.837837815284729,1.0,0.0077220075763762,0.0,920,459,False,3.874713688757779,2.5438073459891486,0.8301158077083528,0.2087705280568498,0.1505791505791505,0.2015503875968992,0.2745098039215686,259,0.837837815284729,0.0077220075763762,0.8301158077083528,461,461,0.004338394793926247,0.0012240133459987996,-2.9122138468456575
8d88,6727,6727.0,6727,6727,0.136546179652214,0.1632653027772903,0.8112449645996094,1.0,0.0200803205370903,0.0204081628471612,922,461,True,3.827821427682802,2.495970964987978,0.7911646440625191,0.2181867200841729,0.1646586345381526,0.2258064516129032,0.3265306122448979,249,0.8112449645996094,0.0200803205370903,0.7911646440625191,461,461,0.0,0.0011716489194009063,-2.93120250368356
8dax,3670,3670.0,3670,3670,0.0574712641537189,0.0,0.0344827584922313,0.1764705926179886,0.0,0.0,496,248,True,3.5646660642520893,2.3674402238389813,0.0344827584922313,0.036732822354581,0.0804597701149425,0.0465116279069767,0.0,87,0.0344827584922313,0.0,0.0344827584922313,248,248,0.0,0.0014145421436004162,-2.849384109033814
8dc5,73,73.0,73,73,0.0,0.0,0.0,0.0,0.0,0.0,436,217,False,1.863322860120456,0.6950929931961912,0.0,0.0,0.0,0.0,0.0,17,0.0,0.0,0.0,219,219,0.0091324200913242,0.00035772152431454244,-3.446454927310374
8dek,750,752.5,750,755,0.0,0.0,0.0,0.0,0.0,0.0,881,440,False,2.8750612633917,1.5533349251486064,0.0,0.0,0.0,0.0,0.0,77,0.0,0.0,0.0,441,441,0.0022675736961451248,0.0003968253968253968,-3.401400540781544
8dfx,7572,8046.5,8521,7572,0.0,0.0,0.0,0.0,0.0,0.0,425,209,False,3.879210605291759,2.7191374622362323,0.0,0.0,0.0,0.0,0.0,21,0.0,0.0,0.0,216,216,0.032407407407407406,0.0004651780967570441,-3.332380742528066
8dgg,704,778.0,704,852,0.0,0.0,0.3333333432674408,0.4285714328289032,0.0555555559694767,0.1428571492433548,631,277,False,2.847572659142112,1.626332774609888,0.2777777872979641,0.0,0.0,0.0,0.0,36,0.3333333432674408,0.0555555559694767,0.2777777872979641,354,354,0.2175141242937853,0.00036712965795753535,-3.435180530322949
8dko,9529,9669.5,9529,9810,0.036363635212183,0.0,0.1818181872367859,0.3636363744735718,0.0,0.0,777,384,False,3.9790473269479647,2.6868817147641995,0.1818181872367859,0.1247092952536884,0.0545454545454545,0.1111111111111111,0.2727272727272727,55,0.1818181872367859,0.0,0.1818181872367859,393,393,0.022900763358778626,0.00036445080576759967,-3.4383610852487134
8dkp,9812,9963.0,10114,9812,0.0344827584922313,0.0,0.3965517282485962,0.8181818127632141,0.0,0.0,774,386,False,3.991757539534348,2.6984638871984705,0.3965517282485962,0.1024207074631956,0.0517241379310344,0.1034482758620689,0.0909090909090909,58,0.3965517282485962,0.0,0.3965517282485962,388,388,0.005154639175257732,0.0003872656375193633,-3.411991036703025
8dkq,9988,10288.0,10588,9988,0.0,0.0,0.1111111119389534,0.5714285969734192,0.0,0.0,769,381,False,3.99947853367931,2.7090160458415005,0.1111111119389534,0.1296917940447475,0.0833333333333333,0.1666666666666666,0.1428571428571428,36,0.1111111119389534,0.0,0.1111111119389534,388,388,0.01804123711340206,0.0002435262602483968,-3.6134542005025394
8dl5,3006,3036.0,3006,3066,0.2362869083881378,0.2978723347187042,0.7805907130241394,1.0,0.0,0.0,809,402,False,3.4779889762508893,2.1758759497086544,0.7805907130241394,0.3813208453755979,0.2827004219409282,0.3644067796610169,0.5319148936170213,237,0.7805907130241394,0.0,0.7805907130241394,407,407,0.012285012285012284,0.0014485312992775679,-2.8390721162995862
8dpa,2440,4312.0,2440,6184,0.0,0.0,0.7853881120681763,1.0,0.0410958901047706,0.0,266,125,False,3.3873898263387296,2.338934819834701,0.7442922219634056,0.0004134146762565,0.0045662100456621,0.0,0.0,219,0.7853881120681763,0.0410958901047706,0.7442922219634057,141,141,0.11347517730496454,0.012425531914893618,-1.9056850108233179
8ds6,1121,1165.0,1209,1121,0.0,0.0,0.8533333539962769,1.0,0.0,0.0,669,334,False,3.049605612594973,1.7877323791891908,0.8533333539962769,0.0,0.0,0.0,0.0,75,0.8533333539962769,0.0,0.8533333539962769,335,335,0.0029850746268656717,0.0006703011886674413,-3.1737300104567097
8dss,15991,17569.5,15991,19148,0.0384615398943424,0.0,0.2307692319154739,0.0,0.0384615398943424,0.0,191,63,False,4.203875623277334,3.304205348550543,0.1923076920211315,0.0138196783853358,0.0384615384615384,0.0,0.0,26,0.2307692319154739,0.0384615398943424,0.19230769202113152,128,128,0.5078125,0.003224206349206349,-2.4915771711306323
8dtc,154,154.0,154,154,0.1153846159577369,0.1923076957464218,0.807692289352417,1.0,0.0,0.0,748,374,True,2.187520720836463,0.901084919736223,0.807692289352417,0.1073371288948631,0.123076923076923,0.1076923076923077,0.1153846153846153,130,0.807692289352417,0.0,0.807692289352417,374,374,0.0,0.0009293946066516057,-3.0317998520941236
8dtq,1330,1395.5,1330,1461,0.3103448152542114,0.2727272808551788,0.5862069129943848,0.8181818127632141,0.0344827584922313,0.0,164,81,False,3.123851640967086,2.169609131527761,0.5517241545021534,0.4934077225248878,0.3448275862068966,0.4137931034482758,0.6363636363636364,58,0.5862069129943848,0.0344827584922313,0.5517241545021535,83,83,0.024096385542168676,0.008627100996578908,-2.0641351176917864
8du5,6362,6362.0,6362,6362,0.025000000372529,0.125,0.0,0.0,0.0,0.0,732,366,True,3.803593664771344,2.52185312207414,0.0,0.0819635759734093,0.025,0.05,0.125,40,0.0,0.0,0.0,366,366,0.0,0.00029860551225775625,-3.524902179460859
8dye,5849,15689.5,25530,5849,0.0,0.0,0.6525423526763916,0.8260869383811951,0.0169491525739431,0.0,654,43,False,3.767081621363322,2.950347393573529,0.6355932001024485,0.0,0.0,0.0,0.0,118,0.6525423526763916,0.0169491525739431,0.6355932001024485,611,611,0.9296235679214403,0.004491302858447836,-2.347627658516015
8dzj,253,5400.0,10547,253,0.0,0.0,0.4313725531101227,0.5,0.0,0.0,613,197,False,2.403120521175818,1.2558874080950215,0.4313725531101227,0.0,0.0,0.0,0.0,51,0.4313725531101227,0.0,0.4313725531101227,416,416,0.5264423076923077,0.0006223155017571261,-3.2059893806903994
8e8t,7597,8121.5,8646,7597,0.0,0.0,0.0,0.0,0.0,0.0,806,398,False,3.8806421264042847,2.580700590367441,0.0,0.0,0.0,0.0,0.0,8,0.0,0.0,0.0,408,408,0.024509803921568627,4.926593753079121e-05,-4.307453248171624
8e90,1423,1423.0,1423,1423,0.0,0.0,0.0,0.0,0.0,0.0,924,462,True,3.153204900084284,1.8208839123062213,0.0,0.0,0.0,0.0,0.0,72,0.0,0.0,0.0,462,462,0.0,0.00033732501264968796,-3.4719514546809824
8ea5,8865,9006.5,9148,8865,0.0819672048091888,0.1666666716337204,0.7377049326896667,0.8333333134651184,0.1147540956735611,0.25,238,119,False,3.947678739936936,2.909905259240672,0.6229508370161057,0.1786221939839144,0.1147540983606557,0.1666666666666666,0.25,61,0.7377049326896667,0.1147540956735611,0.6229508370161057,119,119,0.0,0.004307605395099216,-2.3657640877742945
8ea6,8567,8908.5,9250,8567,0.0923076942563057,0.1538461595773697,0.2615384757518768,0.0,0.0,0.0,245,121,False,3.932828766900847,2.8914360817426217,0.2615384757518768,0.1435606103860912,0.0615384615384615,0.09375,0.2307692307692307,65,0.2615384757518768,0.0,0.2615384757518768,124,124,0.024193548387096774,0.004332178085843775,-2.3632936988358297
8ea7,9131,9136.5,9131,9142,0.0999999940395355,0.1000000014901161,0.7400000095367432,0.800000011920929,0.1800000071525573,0.4000000059604645,237,118,False,3.960518342780708,2.9245773391276453,0.5600000023841858,0.1516082809521792,0.1,0.16,0.2,50,0.7400000095367432,0.1800000071525573,0.5600000023841859,119,119,0.008403361344537815,0.0035607463324312774,-2.4484589643626373
8ea8,8436,8504.0,8572,8436,0.0465116277337074,0.1764705926179886,0.2441860437393188,0.1176470592617988,0.0,0.0,243,120,False,3.926136571067449,2.8865459480436364,0.2441860437393188,0.1077365082828506,0.0697674418604651,0.1162790697674418,0.0588235294117647,86,0.2441860437393188,0.0,0.2441860437393188,123,123,0.024390243902439025,0.005826558265582656,-2.234587906243455
8ea9,8299,8731.5,9164,8299,0.0704225301742553,0.0714285746216774,0.5352112650871277,0.2857142984867096,0.0140845067799091,0.0,241,120,False,3.91902576458736,2.879435141563548,0.5211267583072186,0.1261957546111992,0.1549295774647887,0.1142857142857142,0.1428571428571428,71,0.5352112650871277,0.0140845067799091,0.5211267583072186,121,121,0.008264462809917356,0.004889807162534435,-2.3107082676449995
8eaa,8696,8721.5,8696,8747,0.0547945201396942,0.0714285746216774,0.2876712381839752,0.0,0.0,0.0,243,120,False,3.939319531078238,2.899728908054425,0.2876712381839752,0.0939256485667072,0.0821917808219178,0.0833333333333333,0.0714285714285714,73,0.2876712381839752,0.0,0.2876712381839752,123,123,0.024390243902439025,0.00494579945799458,-2.305763497366567
8eab,8572,8878.0,9184,8572,0.0999999940395355,0.2000000029802322,0.7400000095367432,0.800000011920929,0.0,0.0,238,118,False,3.933082162369791,2.897141158716728,0.7400000095367432,0.1656087479484753,0.12,0.12,0.2,50,0.7400000095367432,0.0,0.7400000095367432,120,120,0.016666666666666666,0.0035310734463276836,-2.4520932490177314
8edi,6450,6450.0,6450,6450,0.0,0.0,0.0,0.0,0.0,0.0,400,200,True,3.809559714635268,2.6590447168032774,0.0,0.0,0.0,0.0,0.0,32,0.0,0.0,0.0,200,200,0.0,0.0008,-3.0969100130080562
8ehe,54,8553.0,17052,54,0.0,0.0,0.5546218752861023,1.0,0.033613447099924,0.0434782616794109,476,124,False,1.7323937598229686,0.685682917241851,0.5210084281861782,0.0,0.0,0.0,0.0,119,0.5546218752861023,0.033613447099924,0.5210084281861783,352,352,0.6477272727272727,0.0027263563049853374,-2.5644173872478353
8ejo,12962,12962.0,12962,12962,0.3333333432674408,0.25,0.095238097012043,0.25,0.0,0.0,112,56,True,4.1126720171171325,3.238578003614032,0.095238097012043,0.5129394071455107,0.3333333333333333,0.5,0.75,21,0.095238097012043,0.0,0.095238097012043,56,56,0.0,0.006696428571428571,-2.1741567592784814
8ejp,12962,12962.0,12962,12962,0.3000000119209289,0.25,0.050000000745058,0.25,0.0,0.0,112,56,True,4.1126720171171325,3.238578003614032,0.050000000745058,0.5219197108361195,0.35,0.5,0.75,20,0.050000000745058,0.0,0.050000000745058,56,56,0.0,0.006377551020408163,-2.1953460583484197
8eju,11960,12138.5,12317,11960,0.1291666775941848,0.2916666865348816,0.7749999761581421,1.0,0.0833333358168602,0.0625,511,254,False,4.077731179652392,2.875314321342423,0.6916666403412819,0.3918003522816817,0.2,0.325,0.5833333333333334,240,0.7749999761581421,0.0833333358168602,0.6916666403412819,257,257,0.011673151750972763,0.0036765832286528386,-2.4345555982396268
8ejv,12049,12231.0,12413,12049,0.1455399096012115,0.261904776096344,0.8356807231903076,1.0,0.0,0.0,506,251,False,4.080951004379483,2.881114143638964,0.8356807231903076,0.4117286210882503,0.215962441314554,0.3396226415094339,0.5476190476190477,213,0.8356807231903076,0.0,0.8356807231903076,255,255,0.01568627450980392,0.003327865010546051,-2.4778342984762554
8ek4,2,2.0,2,2,0.0224719103425741,0.0588235296308994,0.0,0.0,0.0,0.0,269,134,False,0.3010299956639812,-0.7625224035184226,0.0,0.001190788907774,0.0112359550561797,0.0,0.0,89,0.0,0.0,0.0,135,135,0.007407407407407408,0.004919845218352681,-2.308048560214901
8em1,145,172.5,200,145,0.0344827584922313,0.1764705926179886,0.5747126340866089,0.8823529481887817,0.1379310339689254,0.294117659330368,973,482,False,2.161368002234975,0.81984448311555,0.4367816001176834,0.3200932613982221,0.160919540229885,0.2325581395348837,0.4705882352941176,87,0.5747126340866089,0.1379310339689254,0.4367816001176835,491,491,0.018329938900203666,0.00036761288250754243,-3.4346092777431996
8end,529,1543.5,2558,529,0.3884297311306,0.875,0.7685950398445129,1.0,0.2892561852931976,0.3333333432674408,189,85,False,2.7234556720351857,1.7587462091780397,0.4793388545513153,0.6654583927743145,0.4214876033057851,0.6166666666666667,0.875,121,0.7685950398445129,0.2892561852931976,0.47933885455131536,104,104,0.18269230769230768,0.013687782805429864,-1.863666894696623
8enf,430,1418.5,2407,430,0.4180327653884887,0.8333333730697632,0.8032786846160889,1.0,0.0491803288459777,0.0416666679084301,188,87,False,2.633468455579586,1.6637088292702773,0.7540983557701111,0.6893811204849368,0.4590163934426229,0.6229508196721312,0.9166666666666666,122,0.8032786846160889,0.0491803288459777,0.7540983557701112,101,101,0.13861386138613863,0.013884147035393195,-1.857480795726513
8er5,13840,13946.0,14052,13840,0.0232558138668537,0.0,0.0,0.0,0.0,0.0,245,122,False,4.141136090120739,3.097956174783365,0.0,0.0379567785522019,0.0232558139534883,0.0476190476190476,0.0,43,0.0,0.0,0.0,123,123,0.008130081300813009,0.0028655204584832734,-2.54279648653456
8ero,7255,7255.0,7255,7255,0.0,0.0,0.6000000238418579,1.0,0.0,0.0,728,364,True,3.8606374167737543,2.5800867249492265,0.6000000238418579,0.0,0.0,0.0,0.0,5,0.6000000238418579,0.0,0.6000000238418579,364,364,0.0,3.7736988286438837e-05,-4.423232762962093
8erp,7255,7255.0,7255,7255,0.0,0.0,0.6000000238418579,1.0,0.0,0.0,728,364,True,3.8606374167737543,2.5800867249492265,0.6000000238418579,0.0,0.0,0.0,0.0,5,0.6000000238418579,0.0,0.6000000238418579,364,364,0.0,3.7736988286438837e-05,-4.423232762962093
8erw,3,31.5,3,60,0.0340909101068973,0.0,0.8977272510528564,1.0,0.9090909361839294,1.0,509,249,False,0.4771212547196624,-0.7209784188282057,-0.0113636851310729,0.0279913269784476,0.0454545454545454,0.034090909090909,0.0,176,0.8977272510528564,0.9090909361839294,-0.011363685131072998,260,260,0.04230769230769231,0.0027185665739882605,-2.5656600272524046
8es5,4931,4931.0,4931,4931,0.0341880358755588,0.0869565233588218,0.8205128312110901,1.0,0.0854700878262519,0.0434782616794109,292,146,True,3.692935002531138,2.6107585746389192,0.7350427433848381,0.126002931563805,0.0854700854700854,0.1034482758620689,0.1304347826086956,117,0.8205128312110901,0.0854700878262519,0.7350427433848382,146,146,0.0,0.005488834678176018,-2.2605198498227126
8evm,24,24.5,25,24,0.0833333358168602,0.1428571492433548,0.0277777779847383,0.0714285746216774,0.1319444477558136,0.0714285746216774,472,235,False,1.380211241711606,0.1946773105757378,-0.1041666697710752,0.076933780012145,0.0347222222222222,0.0555555555555555,0.1428571428571428,144,0.0277777779847383,0.1319444477558136,-0.1041666697710753,237,237,0.008438818565400843,0.0025855103689738754,-2.5874537161865905
8ey4,2350,3695.5,2350,5041,0.0163934417068958,0.0,0.0,0.0,0.0163934417068958,0.0,144,58,False,3.3710678622717363,2.4893538654902674,-0.0163934417068958,0.0144312406200193,0.0163934426229508,0.0333333333333333,0.0,61,0.0,0.0163934417068958,-0.0163934417068958,86,86,0.32558139534883723,0.01222935044105854,-1.912596609795738
8f5v,5558,5558.0,5558,5558,0.198113203048706,0.5714285969734192,0.9245283007621764,1.0,0.1509433984756469,0.095238097012043,334,167,True,3.744918542441353,2.6335603068675613,0.7735849022865295,0.3227908094560455,0.1415094339622641,0.2452830188679245,0.3809523809523809,106,0.9245283007621764,0.1509433984756469,0.7735849022865295,167,167,0.0,0.003800781670192549,-2.420127077030396
8f8f,11980,11980.0,11980,11980,0.3225806355476379,0.8064515590667725,0.8645161390304565,1.0,0.0,0.0,696,348,True,4.078456818053293,2.807667196080002,0.8645161390304565,0.662955344778231,0.3677419354838709,0.6363636363636364,0.8709677419354839,155,0.8645161390304565,0.0,0.8645161390304565,348,348,0.0,0.0012798916633637205,-2.89282678972287
8far,9793,11119.5,12446,9793,0.0,0.0,0.0,0.0,0.8684210777282715,1.0,339,136,False,3.990915754506085,2.924146300320976,-0.8684210777282715,0.0,0.0,0.0,0.0,38,0.0,0.8684210777282715,-0.8684210777282715,203,203,0.33004926108374383,0.001376412634019125,-2.8612513496666203
8fcf,142,144.0,146,142,0.8318583965301514,1.0,0.982300877571106,1.0,0.9203540086746216,1.0,162,79,False,2.1522883443830563,1.2034747987378358,0.0619468688964843,0.9180723392098888,0.8495575221238938,0.9285714285714286,0.9090909090909092,113,0.982300877571106,0.9203540086746216,0.061946868896484375,83,83,0.04819277108433735,0.01723349092572823,-1.7636267401830956
8fet,8811,8811.0,8811,8811,0.0,0.0,0.0,0.0,0.0,0.0,668,334,True,3.945025201242463,2.6831519678366806,0.0,0.0,0.0,0.0,0.0,43,0.0,0.0,0.0,334,334,0.0,0.0003854566316468859,-3.4140244780435425
8feu,8811,8811.0,8811,8811,0.0,0.0,0.0,0.0,0.0,0.0,668,334,True,3.945025201242463,2.6831519678366806,0.0,0.0,0.0,0.0,0.0,46,0.0,0.0,0.0,334,334,0.0,0.0004123489547850407,-3.384735101941555
8fev,8811,8811.0,8811,8811,0.0,0.0,0.0,0.0,0.0,0.0,668,334,True,3.945025201242463,2.6831519678366806,0.0,0.0,0.0,0.0,0.0,45,0.0,0.0,0.0,334,334,0.0,0.0004033848470723224,-3.394280419847785
8few,8811,8811.0,8811,8811,0.0,0.0,0.0,0.0,0.0,0.0,668,334,True,3.945025201242463,2.6831519678366806,0.0,0.0,0.0,0.0,0.0,46,0.0,0.0,0.0,334,334,0.0,0.0004123489547850407,-3.384735101941555
8fex,2416,2487.0,2416,2558,0.0,0.0,0.7880434989929199,1.0,0.0217391308397054,0.0555555559694767,891,433,False,3.3830969299490943,2.0648529817724115,0.7663043681532145,0.0,0.0,0.0,0.0,184,0.7880434989929199,0.0217391308397054,0.7663043681532146,458,458,0.05458515283842795,0.0009278215355446413,-3.0325355513476984
8fin,14,15.0,16,14,0.0428571440279483,0.0,0.1714285761117935,0.2142857164144516,0.1857142895460128,0.5,347,173,False,1.146128035678238,0.0271049841138403,-0.0142857134342193,0.0,0.0,0.0,0.0,70,0.1714285761117935,0.1857142895460128,-0.014285713434219305,174,174,0.005747126436781609,0.002325426881934755,-2.6334973113971385
8fio,8591,8591.0,8591,8591,0.0,0.0,0.0,0.0,0.0,0.0,670,335,True,3.934043719035525,2.671521315517103,0.0,0.0,0.0,0.0,0.0,33,0.0,0.0,0.0,335,335,0.0,0.00029405212742258854,-3.531575674195803
8fiq,2,9.5,17,2,0.0144927538931369,0.0,0.0,0.0,0.9275362491607666,1.0,197,25,False,0.3010299956639812,-0.3979400086720376,-0.9275362491607666,0.0,0.0,0.0,0.0,69,0.0,0.9275362491607666,-0.9275362491607666,172,172,0.8546511627906976,0.016046511627906976,-1.7946193648423312
8fjd,3434,3441.0,3434,3448,0.0,0.0,0.0,0.0,0.0,0.0,595,297,False,3.5358002908248976,2.2994220661662914,0.0,0.0,0.0,0.0,0.0,51,0.0,0.0,0.0,298,298,0.003355704697986577,0.0005762321198562809,-3.2394025372955313
8fje,2,2.0,2,2,0.1481481492519378,0.3000000119209289,0.0370370373129844,0.0,0.0185185186564922,0.0,272,136,True,0.3010299956639812,-0.7657394585211277,0.0185185186564922,0.1487203807608757,0.0925925925925925,0.1111111111111111,0.1,54,0.0370370373129844,0.0185185186564922,0.0185185186564922,136,136,0.0,0.0029195501730103807,-2.5346840569174667
8fm6,6537,6570.5,6604,6537,0.0,0.0,0.0,0.0,0.0,0.0,196,94,False,3.815378484965918,2.828814558166069,0.0,0.0,0.0,0.0,0.0,5,0.0,0.0,0.0,102,102,0.0784313725490196,0.0005214851898206091,-3.2827580210255976
8fvt,2,2.0,2,2,0.0,0.0,0.0,0.0,0.0,0.0,192,96,True,0.3010299956639812,-0.690105620855803,0.0,0.0,0.0,0.0,0.0,10,0.0,0.0,0.0,96,96,0.0,0.0010850694444444445,-2.964542466079137
8g0p,346,552.0,758,346,0.0790960490703582,0.1428571492433548,0.9152542352676392,1.0,0.8926553726196289,1.0,241,98,False,2.5390760987927767,1.5434630609465292,0.0225988626480102,0.1078408881992967,0.0508474576271186,0.0795454545454545,0.1428571428571428,177,0.9152542352676392,0.8926553726196289,0.022598862648010254,143,143,0.3146853146853147,0.012630226915941201,-1.8985888467957501
8g3k,7827,8038.5,7827,8250,0.0,0.0,0.0,0.0,0.15625,0.3333333432674408,285,136,False,3.893595333819883,2.8268258796347743,-0.15625,0.0176058474137564,0.03125,0.0,0.0,32,0.0,0.15625,-0.15625,149,149,0.087248322147651,0.0015791551519936833,-2.8015751984625856
8g5s,10901,10925.0,10949,10901,0.2394822090864181,0.2295081913471222,0.92233008146286,1.0,0.097087375819683,0.0,717,358,False,4.0374663396435,2.760524826321563,0.825242705643177,0.344826393105997,0.2588996763754045,0.3311688311688311,0.3770491803278688,309,0.92233008146286,0.097087375819683,0.825242705643177,359,359,0.002785515320334262,0.0024042576368248237,-2.619018995797359
8g93,10635,10923.0,10635,11211,0.551948070526123,0.9333333969116212,0.8441558480262756,1.0,0.2207792252302169,0.4333333373069763,529,258,False,4.026737494238748,2.820927641257133,0.6233766227960587,0.8501737391497853,0.6168831168831169,0.8571428571428571,1.0,154,0.8441558480262756,0.2207792252302169,0.6233766227960588,271,271,0.04797047970479705,0.002202580165336537,-2.657068276001173
8g9k,9,38.5,9,68,0.0555555559694767,0.0,0.0666666701436042,0.0555555559694767,0.0444444455206394,0.0,400,199,False,0.9542425094393248,-0.1951840287655284,0.0222222246229648,0.1124161379539809,0.0777777777777777,0.0888888888888888,0.1111111111111111,90,0.0666666701436042,0.0444444455206394,0.022222224622964797,201,201,0.009950248756218905,0.002250056251406285,-2.6478066243908707
8gad,2,2.0,2,2,0.1142857149243354,0.1428571492433548,0.800000011920929,1.0,0.800000011920929,1.0,209,104,False,0.3010299956639812,-0.707486673985409,0.0,0.2970374978814334,0.1142857142857142,0.1764705882352941,0.4285714285714285,35,0.800000011920929,0.800000011920929,0.0,105,105,0.009523809523809525,0.003205128205128205,-2.494154594018443
8ght,9756,9756.0,9756,9756,0.0550458692014217,0.0,0.7798165082931519,1.0,0.8256880640983582,1.0,608,304,True,3.989271791641693,2.747834999837316,-0.0458715558052063,0.0519913915149971,0.055045871559633,0.074074074074074,0.0,109,0.7798165082931519,0.8256880640983582,-0.0458715558052063,304,304,0.0,0.0011794494459833795,-2.928320669276884
8gkv,479,490.5,502,479,0.859649121761322,1.0,0.9649122953414916,1.0,0.9649122953414916,1.0,84,40,False,2.680335513414563,1.879305517750582,0.0,0.9521761915457304,0.7894736842105263,0.9642857142857144,1.0,57,0.9649122953414916,0.9649122953414916,0.0,44,44,0.09090909090909091,0.03238636363636364,-1.4896378121416585
8gp6,105,114.0,123,105,0.0041666668839752,0.0,0.0,0.0,0.0125000001862645,0.0,546,261,False,2.0211892990699383,0.8128690454007976,-0.0125000001862645,0.0102942908963333,0.0083333333333333,0.0166666666666666,0.0,240,0.0,0.0125000001862645,-0.0125000001862645,285,285,0.08421052631578947,0.003226456946965114,-2.491274125635185
8gpw,11569,11681.5,11569,11794,0.0,0.0,0.0,0.0,0.0,0.0,794,395,False,4.06329582107352,2.76499727326029,0.0,0.0,0.0,0.0,0.0,43,0.0,0.0,0.0,399,399,0.010025062656641603,0.00027283398369341074,-3.564101535733622
8guo,1712,1761.0,1712,1810,0.0378787890076637,0.0,0.8257575631141663,1.0,0.0,0.0,248,87,False,3.2335037603411343,2.263744134031825,0.8257575631141663,0.0252134233333051,0.053030303030303,0.0303030303030303,0.0,132,0.8257575631141663,0.0,0.8257575631141663,161,161,0.45962732919254656,0.009423859498822018,-2.025771197444618
8gvl,5823,5824.0,5823,5825,0.0,0.0,0.0,0.0,0.0,0.0,573,285,False,3.765146790108025,2.5377243601037702,0.0,0.0,0.0,0.0,0.0,14,0.0,0.0,0.0,288,288,0.010416666666666666,0.00017056530214424952,-3.768109312089503
8gxl,1823,1852.0,1881,1823,0.0555555559694767,0.1428571492433548,0.0,0.0,0.0,0.0,241,119,False,3.260786668654976,2.2230131879587107,0.0,0.0439361681649304,0.0277777777777777,0.0555555555555555,0.0,36,0.0,0.0,0.0,122,122,0.02459016393442623,0.0024796803967488635,-2.6056042912999917
8gxm,1823,1887.0,1951,1823,0.0277777779847383,0.1428571492433548,0.0,0.0,0.0,0.0,241,119,False,3.260786668654976,2.2230131879587107,0.0,0.0276229289350245,0.0277777777777777,0.0555555555555555,0.0,36,0.0,0.0,0.0,122,122,0.02459016393442623,0.0024796803967488635,-2.6056042912999917
8gy8,2894,2894.0,2894,2894,0.0,0.0,0.0,0.0,0.0,0.0,750,375,True,3.4614985267830187,2.1744828929191597,0.0,0.0,0.0,0.0,0.0,77,0.0,0.0,0.0,375,375,0.0,0.0005475555555555556,-3.261571810282956
8gyf,681,683.0,685,681,0.095238097012043,0.0,0.7142857313156128,1.0,0.0,0.0,427,213,False,2.833147111912785,1.6689573101934163,0.7142857313156128,0.0,0.0,0.0,0.0,21,0.7142857313156128,0.0,0.7142857313156128,214,214,0.004672897196261682,0.0004607081742793208,-3.336574082054009
8gyg,9521,9833.0,10145,9521,0.15625,0.4210526347160339,0.8697916865348816,1.0,0.4166666567325592,0.7631579041481018,596,291,False,3.978682565156944,2.746736070663991,0.4531250298023224,0.3886748605069858,0.2447916666666666,0.3854166666666667,0.4473684210526316,192,0.8697916865348816,0.4166666567325592,0.4531250298023224,305,305,0.04590163934426229,0.0021632584079770154,-2.6648915996291436
8gyh,18050,18226.0,18050,18402,0.0375586859881877,0.0714285746216774,0.0938967168331146,0.0714285746216774,0.0093896714970469,0.0,838,417,False,4.2564772062416765,2.946409178754798,0.0845070453360676,0.0351501146577171,0.0375586854460093,0.0283018867924528,0.0476190476190476,213,0.0938967168331146,0.0093896714970469,0.08450704533606769,421,421,0.009501187648456057,0.001213281156547446,-2.9160385473706882
8gyi,18032,18085.0,18138,18032,0.2642486989498138,0.6578947305679321,0.8393782377243042,1.0,0.0207253880798816,0.0526315793395042,839,419,False,4.256043898702031,2.9449368872188835,0.8186528496444225,0.5428425821239881,0.3056994818652849,0.53125,0.7631578947368421,193,0.8393782377243042,0.0207253880798816,0.8186528496444226,420,420,0.002380952380952381,0.0010967155358563474,-2.959906004356422
8gyw,6888,6888.0,6888,6888,0.0,0.0,0.800000011920929,1.0,0.0,0.0,760,380,True,3.8380931384455983,2.548201340137193,0.800000011920929,0.0,0.0,0.0,0.0,15,0.800000011920929,0.0,0.800000011920929,380,380,0.0,0.0001038781163434903,-3.983475934177939
8gyx,6888,6888.0,6888,6888,0.0,0.0,0.7058823704719543,1.0,0.0,0.0,760,380,True,3.8380931384455983,2.548201340137193,0.7058823704719543,0.0,0.0,0.0,0.0,17,0.7058823704719543,0.0,0.7058823704719543,380,380,0.0,0.00011772853185595567,-3.9291182718553466
8gyz,3144,3169.0,3194,3144,0.0094339624047279,0.0476190485060215,0.6698113083839417,0.8571428656578064,0.0,0.0,427,212,False,3.4974825373673704,2.3343146069029945,0.6698113083839417,0.0086662407257202,0.0094339622641509,0.0188679245283018,0.0,106,0.6698113083839417,0.0,0.6698113083839417,215,215,0.013953488372093023,0.002325581395348837,-2.6334684555795866
8gz0,375,376.0,377,375,0.0183486230671405,0.0,0.6238532066345215,1.0,0.2477064281702041,0.2380952388048172,318,158,False,2.574031267727719,1.4747027242505075,0.3761467784643173,0.0277190521302393,0.018348623853211,0.037037037037037,0.0476190476190476,109,0.6238532066345215,0.2477064281702041,0.3761467784643174,160,160,0.0125,0.004311708860759494,-2.365350571669724
8h0r,7903,7953.0,8003,7903,0.3999999761581421,1.0,0.7818182110786438,1.0,0.0181818176060915,0.0,178,87,False,3.897791981939225,2.9280323556299157,0.7636363934725523,0.7569997630654023,0.509090909090909,0.7407407407407407,1.0,55,0.7818182110786438,0.0181818176060915,0.7636363934725523,91,91,0.04395604395604396,0.006947075912593154,-2.1581979554454684
8h2d,2462,2475.5,2489,2462,0.0,0.0,0.0294117648154497,0.0,0.0,0.0,278,138,False,3.3912880485952974,2.3213485053946794,0.0294117648154497,0.0008650519031141,0.0294117647058823,0.0,0.0,34,0.0294117648154497,0.0,0.0294117648154497,140,140,0.014285714285714285,0.0017598343685300208,-2.7545282050372193
8h3z,1675,2181.0,1675,2687,0.1932773143053054,0.3043478429317474,0.8571428656578064,1.0,0.0,0.0,401,196,False,3.224014811372864,2.077886775694626,0.8571428656578064,0.3175832828768436,0.2184873949579832,0.3050847457627119,0.3478260869565217,119,0.8571428656578064,0.0,0.8571428656578064,205,205,0.04390243902439024,0.002961672473867596,-2.5284629710196995
8h4p,473,473.0,473,473,0.1513157933950424,0.0666666701436042,0.8552631735801697,1.0,0.0328947380185127,0.0333333350718021,652,326,True,2.674861140737812,1.418252340703842,0.822368435561657,0.2470989612201697,0.1973684210526315,0.2763157894736842,0.3,152,0.8552631735801697,0.0328947380185127,0.822368435561657,326,326,0.0,0.0014302382475817681,-2.8445916121911052
8h56,1960,1960.0,1960,1960,0.0209790207445621,0.0357142873108387,0.2167832106351852,0.6071428656578064,0.0699300691485405,0.0357142873108387,308,154,True,3.292256071356476,2.1984957109382446,0.1468531414866447,0.0051230916024321,0.0139860139860139,0.0,0.0,143,0.2167832106351852,0.0699300691485405,0.1468531414866447,154,154,0.0,0.006029684601113173,-2.2197054042078643
8h92,740,759.5,779,740,0.0,0.0,0.2807017564773559,0.4545454680919647,0.0,0.0,401,200,False,2.869231719730976,1.7187167218989856,0.2807017564773559,0.0,0.0,0.0,0.0,57,0.2807017564773559,0.0,0.2807017564773559,201,201,0.004975124378109453,0.001417910447761194,-2.8483511974119784
8har,1283,1283.0,1283,1283,0.236111119389534,0.5789473652839661,0.9236111044883728,1.0,0.0555555559694767,0.0350877195596694,714,357,True,3.1082266563749283,1.831892548318832,0.8680555485188961,0.4707881389300173,0.2916666666666667,0.3819444444444444,0.5964912280701754,288,0.9236111044883728,0.0555555559694767,0.8680555485188961,357,357,0.0,0.0022597274203799166,-2.6459439444651554
8hav,14504,14504.0,14504,14504,0.0,0.0,0.1851851791143417,0.4000000059604645,0.0,0.0,798,399,True,4.161487791087453,2.861001343244078,0.1851851791143417,0.0,0.0,0.0,0.0,54,0.1851851791143417,0.0,0.1851851791143417,399,399,0.0,0.0003391938492848663,-3.469552031550528
8hb0,1009,7156.5,13304,1009,0.0,0.0,0.8666666746139526,1.0,0.0,0.0,615,29,False,3.0038911662369108,2.2726921672874325,0.8666666746139526,0.0,0.0,0.0,0.0,30,0.8666666746139526,0.0,0.8666666746139526,586,586,0.9505119453924915,0.0017653289396257503,-2.7531743591973843
8hbn,156,739.0,1322,156,0.0168539322912693,0.0285714287310838,0.8707864880561829,1.0,0.0561797767877578,0.0571428574621677,536,165,False,2.1931245983544616,1.0843826262475085,0.814606711268425,0.2701242910587543,0.1179775280898876,0.1910112359550561,0.4285714285714285,178,0.8707864880561829,0.0561797767877578,0.8146067112684251,371,371,0.555256064690027,0.0029077840398595116,-2.5364378515200583
8hdh,1009,7156.5,13304,1009,0.0,0.0,0.8709677457809448,1.0,0.0,0.0,615,29,False,3.0038911662369108,2.2726921672874325,0.8709677457809448,0.0,0.0,0.0,0.0,31,0.8709677457809448,0.0,0.8709677457809448,586,586,0.9505119453924915,0.0018241732376132753,-2.7389339200827743
8hdv,3,3.0,3,3,0.0134228188544511,0.0,0.0067114094272255,0.0344827584922313,0.0067114094272255,0.0344827584922313,260,129,False,0.4771212547196624,-0.578173600429962,0.0,0.0167996245400029,0.0134228187919463,0.027027027027027,0.0344827586206896,149,0.0067114094272255,0.0067114094272255,0.0,131,131,0.015267175572519083,0.008817089768625363,-2.054674737542739
8heh,6805,7041.0,7277,6805,0.0,0.0,0.9090909361839294,1.0,0.0,0.0,288,141,False,3.8328281295393536,2.758218573211664,0.9090909361839294,0.0,0.0,0.0,0.0,44,0.9090909361839294,0.0,0.9090909361839294,147,147,0.04081632653061224,0.00212283494958267,-2.6730837709173687
8hez,1009,7247.5,13486,1009,0.0,0.0,0.875,1.0,0.0,0.0,611,29,False,3.0038911662369108,2.2726921672874325,0.875,0.0,0.0,0.0,0.0,32,0.875,0.0,0.875,582,582,0.9501718213058419,0.0018959592368764072,-2.7221710042289384
8hf3,1682,9498.0,17314,1682,0.0123456791043281,0.0625,0.8641975522041321,1.0,0.0246913582086563,0.0625,419,124,False,3.2258259914618934,2.179115148880776,0.8395061939954758,0.019338275400583,0.0246913580246913,0.025,0.0,81,0.8641975522041321,0.0246913582086563,0.8395061939954758,295,295,0.5796610169491525,0.002214324767632586,-2.654758682261748
8hfc,178,6886.5,13595,178,0.0,0.0,0.8175675868988037,1.0,0.1081081107258796,0.0689655169844627,498,222,False,2.250420002308894,1.0772435150835746,0.709459476172924,0.0,0.0,0.0,0.0,148,0.8175675868988037,0.1081081107258796,0.7094594761729242,276,276,0.1956521739130435,0.0024154589371980675,-2.617000341120899
8hg7,1009,7115.5,13222,1009,0.0,0.0,0.8965517282485962,1.0,0.0,0.0,619,29,False,3.0038911662369108,2.2726921672874325,0.8965517282485962,0.0,0.0,0.0,0.0,29,0.8965517282485962,0.0,0.8965517282485962,590,590,0.9508474576271186,0.001694915254237288,-2.7708520116421442
8hgj,3657,4362.5,5068,3657,0.0,0.0,0.0,0.0,0.0,0.0,385,107,False,3.5631249603380444,2.5484330714954395,0.0,0.0,0.0,0.0,0.0,17,0.0,0.0,0.0,278,278,0.6151079136690647,0.000571505412492436,-3.242979652225012
8hgv,3642,3869.0,4096,3642,0.0,0.0,0.0,0.0,0.0,0.0,565,281,False,3.5613399414589013,2.3369867815063614,0.0,0.0,0.0,0.0,0.0,16,0.0,0.0,0.0,284,284,0.01056338028169014,0.0002004912034484487,-3.6979046772961928
8hhj,138,699.5,138,1261,0.0,0.0,0.8701298832893372,0.9333333373069764,0.038961037993431,0.0666666701436042,200,99,False,2.1398790864012365,1.1420614891024616,0.8311688452959061,0.0053076280105223,0.0129870129870129,0.0,0.0,77,0.8701298832893372,0.038961037993431,0.8311688452959062,101,101,0.019801980198019802,0.007700770077007701,-2.1134658432077105
8hi7,91,1804.0,91,3517,0.0,0.0,0.7982456088066101,1.0,0.0,0.0,564,269,False,1.9590413923210936,0.7441652523198895,0.7982456088066101,0.0,0.0,0.0,0.0,114,0.7982456088066101,0.0,0.7982456088066101,295,295,0.08813559322033898,0.0014365824459706383,-2.8426694446440983
8hi8,91,1804.0,91,3517,0.0,0.0,0.761904776096344,1.0,0.0,0.0,564,269,False,1.9590413923210936,0.7441652523198895,0.761904776096344,0.0,0.0,0.0,0.0,105,0.761904776096344,0.0,0.761904776096344,295,295,0.08813559322033898,0.0013231680423413774,-2.8783849969106328
8hin,1009,7043.5,13078,1009,0.0,0.0,0.9333333373069764,1.0,0.0,0.0,617,29,False,3.0038911662369108,2.2726921672874325,0.9333333373069764,0.0,0.0,0.0,0.0,30,0.9333333373069764,0.0,0.9333333373069764,588,588,0.9506802721088435,0.0017593244194229415,-2.754654069255432
8hja,1249,1295.0,1249,1341,0.0977443605661392,0.1538461595773697,0.5112782120704651,0.9615384340286256,0.0,0.0,264,118,False,3.096562438374136,2.0606214347210727,0.5112782120704651,0.1166837999086413,0.1052631578947368,0.1212121212121212,0.1153846153846153,133,0.5112782120704651,0.0,0.5112782120704651,146,146,0.1917808219178082,0.007719990712793128,-2.112383222123477
8hjb,8042,8251.0,8460,8042,0.4933333396911621,0.9333333969116212,0.7333333492279053,1.0,0.0133333336561918,0.0,371,183,False,3.905364068766892,2.7741385239016774,0.7200000155717134,0.5989074078656383,0.4133333333333333,0.5675675675675675,0.7333333333333333,75,0.7333333492279053,0.0133333336561918,0.7200000155717134,188,188,0.026595744680851064,0.002179979072200907,-2.6615476756024092
8hkr,3400,3416.5,3433,3400,0.0,0.0,1.0,1.0,0.0111111113801598,0.0555555559694767,762,378,False,3.531478917042255,2.2427330171236424,0.98888888861984,0.0,0.0,0.0,0.0,90,1.0,0.0111111113801598,0.9888888886198401,384,384,0.015625,0.0006200396825396825,-3.2075805147654313
8hle,441,441.0,441,441,0.0,0.0,0.0,0.0,0.0,0.0,760,380,True,2.6444385894678386,1.3545467911594335,0.0,0.0,0.0,0.0,0.0,30,0.0,0.0,0.0,380,380,0.0,0.0002077562326869806,-3.682445938513958
8hn0,8106,9158.5,8106,10211,0.0,0.0,0.8372092843055725,1.0,0.0232558138668537,0.0,224,110,False,3.908806599405674,2.888110256826561,0.8139534704387188,0.0,0.0,0.0,0.0,43,0.8372092843055725,0.0232558138668537,0.8139534704387188,114,114,0.03508771929824561,0.0034290271132376396,-2.464829080915111
8hn2,10020,10020.0,10020,10020,0.0454545468091964,0.0,0.0,0.0,0.0,0.0,218,109,True,4.000867721531227,2.9821544725609157,0.0,0.2328954762831064,0.1818181818181818,0.2727272727272727,0.25,22,0.0,0.0,0.0,109,109,0.0,0.0018516959851864322,-2.732430315059041
8hno,11789,11790.0,11789,11791,0.1447368413209915,0.2666666805744171,0.907894730567932,1.0,0.0526315793395042,0.0,275,136,False,4.071476967698918,3.004707513513809,0.8552631512284279,0.3354369746853174,0.1973684210526315,0.2368421052631578,0.4666666666666667,76,0.907894730567932,0.0526315793395042,0.8552631512284278,139,139,0.02158273381294964,0.004020313161235718,-2.3957401163435215
8hnp,10616,11056.0,11496,10616,0.0634920671582222,0.25,0.7142857313156128,1.0,0.7142857313156128,1.0,279,138,False,4.025960909856379,2.9560213666557607,0.0,0.2217082758044252,0.1428571428571428,0.1612903225806451,0.25,63,0.7142857313156128,0.7142857313156128,0.0,141,141,0.02127659574468085,0.0032377428307123032,-2.489757649603035
8ho2,998,1002.0,998,1006,0.1645569652318954,0.2000000178813934,0.9113923907279968,1.0,0.0126582281664013,0.0,313,156,False,2.999130541287371,1.90256824211014,0.8987341625615954,0.1601454196839619,0.1518987341772152,0.2307692307692307,0.1333333333333333,79,0.9113923907279968,0.0126582281664013,0.8987341625615956,157,157,0.006369426751592357,0.003225543034460232,-2.491397159473254
8hr5,373,5162.0,9951,373,0.0,0.0,0.3883495032787323,0.3499999940395355,0.0,0.0,711,245,False,2.571708831808688,1.3771257896264213,0.3883495032787323,0.0,0.0,0.0,0.0,103,0.3883495032787323,0.0,0.3883495032787323,466,466,0.4742489270386266,0.0009021634404834895,-3.0447147763493603
8hsb,2369,2531.5,2694,2369,0.0097087379544973,0.0,0.7184466123580933,1.0,0.0,0.0,533,159,False,3.374565060722765,2.273866498562539,0.7184466123580933,0.0132269072908377,0.0097087378640776,0.0196078431372549,0.0,103,0.7184466123580933,0.0,0.7184466123580933,374,374,0.5748663101604278,0.001732082198230922,-2.7614315018157596
8htw,188,193.5,188,199,0.0833333358168602,0.0833333358168602,0.75,1.0,0.699999988079071,0.9166666865348816,359,179,False,2.27415784926368,1.1477313337737334,0.0500000119209289,0.5431580040014247,0.2666666666666666,0.4666666666666667,0.9166666666666666,60,0.75,0.699999988079071,0.050000011920928955,180,180,0.005555555555555556,0.00186219739292365,-2.7299742856995555
8hvq,3930,3930.0,3930,3930,0.0,0.0,0.0,0.0,0.0,0.0,460,230,True,3.5943925503754266,2.41352863236663,0.0,0.0,0.0,0.0,0.0,22,0.0,0.0,0.0,230,230,0.0,0.00041587901701323253,-3.3810329912129795
8hyn,183,185.5,188,183,0.1132075488567352,0.1428571492433548,0.0283018872141838,0.0,0.1698113232851028,0.380952388048172,315,157,False,2.2624510897304293,1.1645012635258127,-0.141509436070919,0.1022021158452321,0.1320754716981132,0.0943396226415094,0.0476190476190476,106,0.0283018872141838,0.1698113232851028,-0.14150943607091898,158,158,0.006329113924050633,0.0042731597194227205,-2.3692508740988862
8i2k,8564,8594.0,8624,8564,0.5056179761886597,0.9411764740943908,0.7977527976036072,1.0,0.011235955171287,0.0,392,195,False,3.932676658622401,2.7876593529411418,0.7865168424323201,0.665607649444479,0.4719101123595505,0.6363636363636364,0.7647058823529411,89,0.7977527976036072,0.011235955171287,0.7865168424323202,197,197,0.01015228426395939,0.0023168033320317585,-2.635110830879198
8i3x,12223,12223.0,12223,12223,0.0329670347273349,0.1111111119389534,0.8021978139877319,1.0,0.1538461595773697,0.1111111119389534,120,60,True,4.087177811761157,3.198102186569334,0.6483516544103622,0.0449999652520746,0.0659340659340659,0.0222222222222222,0.0555555555555555,91,0.8021978139877319,0.1538461595773697,0.6483516544103622,60,60,0.0,0.025277777777777777,-1.5972611084461936
8i6j,5219,9123.5,13028,5219,0.0027855152729898,0.0,0.0,0.0,0.0,0.0,670,170,False,3.71758729685546,2.602362836166324,0.0,0.0,0.0,0.0,0.0,359,0.0,0.0,0.0,500,500,0.66,0.004223529411764706,-2.3743244771359735
8i80,3069,3221.0,3373,3069,0.0075187971815466,0.0,0.0225563906133174,0.0769230797886848,0.0,0.0,563,278,False,3.4869968884318228,2.2649744904727847,0.0225563906133174,0.0,0.0,0.0,0.0,133,0.0225563906133174,0.0,0.0225563906133174,285,285,0.02456140350877193,0.0016786570743405275,-2.7750380149595006
8i85,3069,3142.0,3215,3069,0.0,0.0,0.0,0.0,0.0,0.0,565,280,False,3.4869968884318228,2.263417872760713,0.0,0.0,0.0,0.0,0.0,117,0.0,0.0,0.0,285,285,0.017543859649122806,0.0014661654135338345,-2.833817029604568
8i86,3069,3142.0,3215,3069,0.0,0.0,0.0,0.0,0.0,0.0,565,280,False,3.4869968884318228,2.263417872760713,0.0,0.0,0.0,0.0,0.0,119,0.0,0.0,0.0,285,285,0.017543859649122806,0.0014912280701754386,-2.8264559299581986
8i88,2375,2476.0,2577,2375,0.0,0.0,0.8999999761581421,1.0,0.0,0.0,883,421,False,3.375663613960885,2.0635225660430514,0.8999999761581421,0.0,0.0,0.0,0.0,140,0.8999999761581421,0.0,0.8999999761581421,462,462,0.08874458874458875,0.0007197869430648528,-3.142796035713556
8i8a,120,120.0,120,120,0.0,0.0,0.5849999785423279,1.0,0.0,0.0,614,307,True,2.0791812460476247,0.8356120583090316,0.5849999785423279,0.0,0.0,0.0,0.0,200,0.5849999785423279,0.0,0.5849999785423279,307,307,0.0,0.0021220384301159695,-2.673246755290392
8i8y,580,583.0,580,586,0.0,0.0,0.4000000059604645,0.699999988079071,0.3400000035762787,0.6000000238418579,137,68,False,2.7634279935629373,1.847173537209819,0.0600000023841857,0.0,0.0,0.0,0.0,50,0.4000000059604645,0.3400000035762787,0.06000000238418579,69,69,0.014492753623188406,0.010656436487638534,-1.9723879991074729
8i9q,5259,9507.5,13756,5259,0.0,0.0,0.3076923191547394,0.5,0.3076923191547394,0.0,675,167,False,3.7209031708134575,2.609544935239666,0.0,0.0,0.0,0.0,0.0,13,0.3076923191547394,0.3076923191547394,0.0,508,508,0.6712598425196851,0.00015323683341977463,-3.8146368311246657
8ieu,6376,6376.5,6377,6376,0.0,0.0,0.8823529481887817,1.0,0.0,0.0,670,334,False,3.804548308388056,2.5426750749822737,0.8823529481887817,0.0044168918628894,0.042016806722689,0.0,0.0,119,0.8823529481887817,0.0,0.8823529481887817,336,336,0.005952380952380952,0.0010603792415169661,-2.9745387828088776
8ifk,2337,2873.0,2337,3409,0.0,0.0,0.8693181872367859,1.0,0.0113636367022991,0.0,823,409,False,3.368658712392227,2.062797058388556,0.8579545505344868,0.0012557978170432,0.0056818181818181,0.0,0.0,176,0.8693181872367859,0.0113636367022991,0.8579545505344868,414,414,0.012077294685990338,0.0010394150927796086,-2.983210981314091
8iha,2610,2627.0,2644,2610,0.0,0.0,0.0,0.0,0.0,0.0,245,116,False,3.416640507338281,2.3844115127248218,0.0,0.0,0.0,0.0,0.0,23,0.0,0.0,0.0,129,129,0.10077519379844961,0.001537022186581128,-2.8133198635085748
8ikr,11000,11648.0,12296,11000,0.0,0.0,0.2653061151504516,0.4444444477558136,0.061224490404129,0.1111111119389534,371,177,False,4.041392685158225,2.9174060519773217,0.2040816247463226,0.0,0.0,0.0,0.0,49,0.2653061151504516,0.061224490404129,0.2040816247463226,194,194,0.08762886597938144,0.001426990506144796,-2.845578916263519
8ilk,684,755.5,684,827,0.0399999991059303,0.0,0.7200000286102295,1.0,0.0,0.0,424,210,False,2.835056101720116,1.6739464543531566,0.7200000286102295,0.0,0.0,0.0,0.0,25,0.7200000286102295,0.0,0.7200000286102295,214,214,0.018691588785046728,0.0005562972852692479,-3.2546930594110726
8ill,689,689.0,689,689,0.095238097012043,0.0,0.523809552192688,1.0,0.0,0.0,425,212,False,2.8382192219076257,1.67505129144325,0.523809552192688,0.0,0.0,0.0,0.0,21,0.523809552192688,0.0,0.523809552192688,213,213,0.004694835680751174,0.0004650544778102578,-3.3324961696335698
8ioi,8373,8780.5,8373,9188,0.2765957415103912,0.3888888955116272,0.6914893388748169,1.0,0.053191490471363,0.1111111119389534,371,181,False,3.9228810912082936,2.7940418037737014,0.6382978484034538,0.3089137846447846,0.1595744680851064,0.2340425531914893,0.3888888888888889,94,0.6914893388748169,0.053191490471363,0.6382978484034539,190,190,0.04736842105263158,0.0027333527188136086,-2.5633043222223146
8irz,3501,3506.5,3512,3501,0.0,0.0,0.0,0.0,0.0,0.0,750,372,False,3.5441921107650325,2.258920640824084,0.0,0.0,0.0,0.0,0.0,33,0.0,0.0,0.0,378,378,0.015873015873015872,0.00023468168629458953,-3.6295207998412353
8is0,3380,3403.0,3426,3380,0.0,0.0,0.0,0.0,0.0,0.0,750,373,False,3.5289167002776547,2.243062284373311,0.0,0.0,0.0,0.0,0.0,31,0.0,0.0,0.0,377,377,0.010610079575596816,0.0002204507150425612,-3.6566884881802078
8is2,2025,2032.0,2025,2039,0.1031746119260788,0.1199999973177909,0.9126983880996704,1.0,0.0158730167895555,0.0,204,100,False,3.3064250275506875,2.3064250275506875,0.8968253713101149,0.1402770953485345,0.0952380952380952,0.1269841269841269,0.16,126,0.9126983880996704,0.0158730167895555,0.8968253713101149,104,104,0.038461538461538464,0.012115384615384615,-1.9166627941812175
8isy,2242,2425.5,2609,2242,0.0,0.0,0.8882978558540344,1.0,0.0,0.0,957,450,False,3.3506356082589543,2.0240293513712824,0.8882978558540344,0.0,0.0,0.0,0.0,188,0.8882978558540344,0.0,0.8882978558540344,507,507,0.11242603550295859,0.0008240192855577471,-3.084062623845
8isz,2242,2556.5,2871,2242,0.0,0.0,0.7017543911933899,0.970588207244873,0.0,0.0,915,450,False,3.3506356082589543,2.0240293513712824,0.7017543911933899,0.0,0.0,0.0,0.0,171,0.7017543911933899,0.0,0.7017543911933899,465,465,0.03225806451612903,0.0008172043010752689,-3.087669356273144
8ito,12736,12743.5,12736,12751,0.1794871836900711,0.1428571492433548,0.3589743673801422,0.5714285969734192,0.3076923191547394,0.2857142984867096,147,73,False,4.105033050393594,3.173371620333366,0.0512820482254028,0.4110973305513144,0.2051282051282051,0.3684210526315789,0.5714285714285714,39,0.3589743673801422,0.3076923191547394,0.05128204822540283,74,74,0.013513513513513514,0.0072195483154387265,-2.141489972824933
8iw5,997,1000.0,1003,997,0.0219780225306749,0.0,0.9120879173278807,1.0,0.0549450553953647,0.1111111119389534,92,44,False,2.998695158311656,2.176968820068562,0.8571428619325161,0.0813639242733788,0.1098901098901098,0.1111111111111111,0.0555555555555555,91,0.9120879173278807,0.0549450553953647,0.8571428619325161,48,48,0.08333333333333333,0.043087121212121215,-1.365652521540681
8ixw,3,3.0,3,3,0.0060606058686971,0.0303030312061309,0.072727270424366,0.0606060624122619,0.0606060624122619,0.0909090936183929,330,162,False,0.4771212547196624,-0.627636252551653,0.012121208012104,0.0443828093138243,0.0181818181818181,0.024390243902439,0.0606060606060606,165,0.072727270424366,0.0606060624122619,0.012121208012104097,168,168,0.03571428571428571,0.006062610229276896,-2.2173403520545873
8j09,145,986.5,145,1828,0.0,0.0,0.5789473652839661,1.0,0.0,0.0,796,241,False,2.161368002234975,0.9703594809475408,0.5789473652839661,0.0,0.0,0.0,0.0,95,0.5789473652839661,0.0,0.5789473652839661,555,555,0.5657657657657658,0.0007102538222870173,-3.148586420408697
8j0k,2289,2292.0,2289,2295,0.0055865920148789,0.0,0.916201114654541,1.0,0.0726256966590881,0.0,422,209,False,3.359645792674543,2.199572649619016,0.8435754179954529,0.0068678671246256,0.0055865921787709,0.0112359550561797,0.0,179,0.916201114654541,0.0726256966590881,0.8435754179954529,213,213,0.018779342723004695,0.004020935822270144,-2.3956728585698985
8j0l,2284,2286.0,2284,2288,0.0,0.0,0.8333333134651184,1.0,0.0919540226459503,0.1764705926179886,377,185,False,3.3586960995738107,2.225110235372304,0.7413792908191681,0.0,0.0,0.0,0.0,174,0.8333333134651184,0.0919540226459503,0.7413792908191681,192,192,0.036458333333333336,0.004898648648648649,-2.3099237088239635
8j0q,2261,2285.5,2310,2261,0.0173410400748252,0.0294117648154497,0.9017341136932372,1.0,0.0751445069909095,0.2058823555707931,392,189,False,3.35430056234536,2.216069660258737,0.8265896067023277,0.0,0.0,0.0,0.0,173,0.9017341136932372,0.0751445069909095,0.8265896067023277,203,203,0.06896551724137931,0.004509083326817317,-2.345911738957662
8j0r,2285,2289.0,2285,2293,0.0056818183511495,0.0285714287310838,0.9204545617103576,1.0,0.0625,0.0285714287310838,424,209,False,3.358886204405869,2.198813061350342,0.8579545617103577,0.0052142109156044,0.0056818181818181,0.0113636363636363,0.0,176,0.9204545617103576,0.0625,0.8579545617103576,215,215,0.027906976744186046,0.003916768665850673,-2.4070720782125097
8j12,10015,11010.5,10015,12006,0.0,0.0,0.4366197288036346,0.6428571343421936,0.0,0.0,809,385,False,4.000650953629595,2.7079205888753446,0.4366197288036346,0.0,0.0,0.0,0.0,71,0.4366197288036346,0.0,0.4366197288036346,424,424,0.09198113207547169,0.00043494241607449155,-3.361568237382158
8j1j,10061,10724.5,10061,11388,0.0,0.0,0.3661971688270569,0.7142857313156128,0.0,0.0,811,387,False,4.00264114900004,2.7087856664905843,0.3661971688270569,0.0,0.0,0.0,0.0,71,0.3661971688270569,0.0,0.3661971688270569,424,424,0.08726415094339622,0.00043269465165033397,-3.363818472892569
8j2f,2935,2935.0,2935,2935,0.0108695654198527,0.0,0.0,0.0,0.0,0.0,768,384,True,3.467608105583633,2.175442493399868,0.0,0.0,0.0,0.0,0.0,92,0.0,0.0,0.0,384,384,0.0,0.0006239149305555555,-3.2048746213895063
8j2h,695,695.0,695,695,0.0869565233588218,0.0,0.739130437374115,1.0,0.0,0.0,428,214,True,2.8419848045901137,1.6767779179155184,0.739130437374115,0.0,0.0,0.0,0.0,23,0.739130437374115,0.0,0.739130437374115,214,214,0.0,0.0005022272687570967,-3.299099710680789
8j2i,690,690.0,690,690,0.1000000014901161,0.0,0.75,1.0,0.0,0.0,428,214,True,2.838849090737255,1.67364220406266,0.75,0.0,0.0,0.0,0.0,20,0.75,0.0,0.75,214,214,0.0,0.0004367193641366058,-3.3597975510344007
8j2j,678,678.0,678,678,0.1000000014901161,0.0,0.6000000238418579,1.0,0.0,0.0,428,214,True,2.831229693867064,1.666022807192468,0.6000000238418579,0.0,0.0,0.0,0.0,20,0.6000000238418579,0.0,0.6000000238418579,214,214,0.0,0.0004367193641366058,-3.3597975510344007
8j2k,697,697.5,697,698,0.095238097012043,0.0,0.523809552192688,0.75,0.0,0.0,427,213,False,2.8432327780980096,1.6790429763786403,0.523809552192688,0.0,0.0,0.0,0.0,21,0.523809552192688,0.0,0.523809552192688,214,214,0.004672897196261682,0.0004607081742793208,-3.336574082054009
8j2l,697,697.0,697,697,0.0454545468091964,0.0,0.6363636255264282,1.0,0.0,0.0,427,213,False,2.8432327780980096,1.6790429763786403,0.6363636255264282,0.0,0.0,0.0,0.0,22,0.6363636255264282,0.0,0.6363636255264282,214,214,0.004672897196261682,0.0004826466587688123,-3.3163706959657224
8j2w,6800,6932.5,6800,7065,0.0,0.0,0.6176470518112183,0.7692307829856873,0.0,0.0,659,329,False,3.832508912706236,2.573910963731249,0.6176470518112183,0.0,0.0,0.0,0.0,68,0.6176470518112183,0.0,0.6176470518112183,330,330,0.0030303030303030303,0.0006263240305793498,-3.2032009251216254
8j2y,3851,3859.0,3851,3867,0.0,0.0,0.8192771077156067,1.0,0.0481927692890167,0.0,654,327,False,3.585573518622731,2.328299642292588,0.77108433842659,0.0,0.0,0.0,0.0,83,0.8192771077156067,0.0481927692890167,0.77108433842659,327,327,0.0,0.0007762159937902721,-3.110017412944498
8j3j,687,687.0,687,687,0.1000000014901161,0.0,0.6000000238418579,0.75,0.0,0.0,428,214,True,2.8369567370595505,1.671749850384955,0.6000000238418579,0.0,0.0,0.0,0.0,20,0.6000000238418579,0.0,0.6000000238418579,214,214,0.0,0.0004367193641366058,-3.3597975510344007
8j3r,10012,11131.5,10012,12251,0.0,0.0,0.4342105388641357,0.6000000238418579,0.0,0.0,809,387,False,4.000520840936185,2.70666535842673,0.4342105388641357,0.0,0.0,0.0,0.0,76,0.4342105388641357,0.0,0.4342105388641357,422,422,0.08293838862559241,0.00046536120602030446,-3.332209823699794
8j4c,8373,8373.0,8373,8373,0.0,0.0,0.8888888955116272,1.0,0.0,0.0,816,408,True,3.9228810912082936,2.6175510096633534,0.8888888955116272,0.0,0.0,0.0,0.0,72,0.8888888955116272,0.0,0.8888888955116272,408,408,0.0,0.00043252595155709344,-3.3639878297484915
8j64,11,4227.5,11,8444,0.0,0.0,0.7796609997749329,1.0,0.1186440661549568,0.0909090936183929,222,49,False,1.041392685158225,0.1962946451439682,0.661016933619976,0.0,0.0,0.0,0.0,59,0.7796609997749329,0.1186440661549568,0.661016933619976,173,173,0.7167630057803468,0.006960009437300932,-2.157390171515165
8j72,16746,17002.5,17259,16746,0.0,0.0,0.0,0.0,0.0,0.0,552,275,False,4.223911086872275,3.0042447399571435,0.0,0.0,0.0,0.0,0.0,13,0.0,0.0,0.0,277,277,0.007220216606498195,0.0001706596652445028,-3.7678691105878745
8j84,2242,2524.5,2807,2242,0.0,0.0,0.6743119359016418,1.0,0.013761468231678,0.0,906,450,False,3.3506356082589543,2.0240293513712824,0.6605504676699638,0.0,0.0,0.0,0.0,218,0.6743119359016418,0.013761468231678,0.6605504676699638,456,456,0.013157894736842105,0.0010623781676413256,-2.9737208628351737
8jbs,2804,2841.0,2878,2804,0.0,0.0,0.859375,1.0,0.078125,0.0,449,222,False,3.447778009294621,2.2746015220693017,0.78125,0.0102358230932221,0.015625,0.0,0.0,64,0.859375,0.078125,0.78125,227,227,0.022026431718061675,0.0012699924594197721,-2.8961988576598743
8jdh,132,132.0,132,132,0.0245901625603437,0.0833333358168602,0.5901639461517334,1.0,0.5163934230804443,0.9166666865348816,289,142,False,2.12057393120585,1.0444297590143217,0.073770523071289,0.0004822963383002,0.0081967213114754,0.0,0.0,122,0.5901639461517334,0.5163934230804443,0.07377052307128906,147,147,0.034013605442176874,0.005844591357669828,-2.2332458484564843
8je4,182,186.0,182,190,0.0,0.0,0.0,0.0,0.0,0.0,584,289,False,2.2600713879850747,1.0296224666068008,0.0,0.0,0.0,0.0,0.0,24,0.0,0.0,0.0,295,295,0.020338983050847456,0.00028150841592868454,-3.550508617023105
8jh0,2281,2285.5,2290,2281,0.0,0.0,0.0,0.0,0.0,0.0,527,262,False,3.3581252852766488,2.148974639616776,0.0,0.0,0.0,0.0,0.0,52,0.0,0.0,0.0,265,265,0.011320754716981131,0.000748955782802823,-3.125543821621754
8ji2,936,951.5,967,936,0.0750000029802322,0.125,0.887499988079071,1.0,0.0,0.0,472,232,False,2.971275848738105,1.788531856292655,0.887499988079071,0.1592860140546344,0.1,0.125,0.1875,80,0.887499988079071,0.0,0.887499988079071,240,240,0.03333333333333333,0.0014367816091954023,-2.842609239610562
8ji3,1064,1078.5,1093,1064,0.072289153933525,0.125,0.9036144614219666,1.0,0.0,0.0,459,228,False,3.026941627959029,1.8479742044588023,0.9036144614219666,0.1483723832267032,0.0963855421686747,0.0975609756097561,0.125,83,0.9036144614219666,0.0,0.9036144614219666,231,231,0.012987012987012988,0.0015759094706463128,-2.8024687345165242
8ji4,938,946.0,938,954,0.0853658467531204,0.125,0.9024389982223512,1.0,0.1097560971975326,0.125,475,236,False,2.9722028383790646,1.7857468368940113,0.7926829010248184,0.1636859448112559,0.0975609756097561,0.1463414634146341,0.1875,82,0.9024389982223512,0.1097560971975326,0.7926829010248186,239,239,0.012552301255230125,0.001453797603006879,-2.8374960515345276
8ji5,1082,1082.5,1082,1083,0.0493827164173126,0.0625,0.9012345671653748,1.0,0.0493827164173126,0.0,461,229,False,3.0342272607705505,1.8543095196006067,0.8518518507480621,0.1318298063592325,0.0987654320987654,0.1,0.125,81,0.9012345671653748,0.0493827164173126,0.8518518507480621,232,232,0.01293103448275862,0.0015246197861767806,-2.816838448352138
8ji6,962,979.5,997,962,0.0853658467531204,0.125,0.9146341681480408,1.0,0.0,0.0,470,233,False,2.983175072037813,1.7994971115248035,0.9146341681480408,0.1596254710412442,0.0975609756097561,0.1463414634146341,0.1875,82,0.9146341681480408,0.0,0.9146341681480408,237,237,0.016877637130801686,0.0014849423226671013,-2.828290414652406
8ji7,1072,1081.5,1072,1091,0.0740740746259689,0.125,0.8888888955116272,1.0,0.0,0.0,459,229,False,3.030194785356751,1.8502770441868075,0.8888888955116272,0.1295001431918438,0.0987654320987654,0.1,0.125,81,0.8888888955116272,0.0,0.8888888955116272,230,230,0.004347826086956522,0.0015378773495348397,-2.813078299478831
8jmq,850,899.5,949,850,0.005988024175167,0.0,0.7844311594963074,1.0,0.0,0.0,342,171,False,2.929418925714293,1.812920870518216,0.7844311594963074,0.0544036962825296,0.029940119760479,0.036144578313253,0.0909090909090909,167,0.7844311594963074,0.0,0.7844311594963074,171,171,0.0,0.00571115898909066,-2.2432757496367244
8jmr,920,935.0,950,920,0.0370370373129844,0.03125,0.8209876418113708,1.0,0.0185185186564922,0.0,338,167,False,2.963787827345555,1.852429591771764,0.8024691231548786,0.0901805026463636,0.0555555555555555,0.0617283950617283,0.125,162,0.8209876418113708,0.0185185186564922,0.8024691231548786,171,171,0.023391812865497075,0.005672864796722345,-2.246197566997106
8jpa,3,3.0,3,3,0.0062111802399158,0.0,0.0062111802399158,0.03125,0.0062111802399158,0.03125,263,130,False,0.4771212547196624,-0.5798504214337559,0.0,0.0084718200072721,0.0124223602484472,0.0125,0.0,161,0.0062111802399158,0.0062111802399158,0.0,133,133,0.022556390977443608,0.00931174089068826,-2.0309691172420727
8jqe,8851,8877.0,8903,8851,0.0169491525739431,0.0909090936183929,0.9152542352676392,1.0,0.0169491525739431,0.0,585,289,False,3.946992340748373,2.7165434193700984,0.898305082693696,0.0790373516319503,0.0169491525423728,0.0344827586206896,0.0909090909090909,59,0.9152542352676392,0.0169491525739431,0.898305082693696,296,296,0.02364864864864865,0.0006897035443748247,-3.1613375421733423
8jqf,8851,8916.0,8981,8851,0.0,0.0,0.0606060624122619,0.0769230797886848,0.0,0.0,575,286,False,3.946992340748373,2.7188093241838507,0.0606060624122619,0.0,0.0,0.0,0.0,66,0.0606060624122619,0.0,0.0606060624122619,289,289,0.010380622837370242,0.0007985094490284802,-3.097719940343722
8jqk,7328,7530.0,7732,7328,0.0,0.0,0.0,0.0,0.0,0.0,677,335,False,3.8649854606597938,2.6024630571413714,0.0,0.0,0.0,0.0,0.0,19,0.0,0.0,0.0,342,342,0.02046783625730994,0.0001658374792703151,-3.780317312140151
8jrc,1770,1825.0,1770,1880,0.2571428716182709,0.7142857313156128,0.8428571224212646,1.0,0.0285714287310838,0.0714285746216774,344,170,False,3.247973266361807,2.13274880567267,0.8142856936901808,0.5231235602693182,0.4142857142857143,0.4285714285714285,0.7142857142857143,70,0.8428571224212646,0.0285714287310838,0.8142856936901809,174,174,0.022988505747126436,0.0023664638269100743,-2.6259001296466167
8jsf,1456,1457.0,1458,1456,0.1721854358911514,0.2666666805744171,0.9006622433662415,1.0,0.0132450331002473,0.0,501,247,False,3.1631613749770184,1.966812898347185,0.8874172102659941,0.2101145732658642,0.152317880794702,0.2266666666666666,0.1666666666666666,151,0.9006622433662415,0.0132450331002473,0.8874172102659942,254,254,0.027559055118110236,0.0024068347731837163,-2.6185537225864346
8jsk,7216,7216.0,7216,7216,0.0,0.0,0.0,0.0,0.0,0.0,316,158,True,3.858296524533885,2.758967981056674,0.0,0.0,0.0,0.0,0.0,14,0.0,0.0,0.0,158,158,0.0,0.0005608075628905624,-3.251186138230607
8jsz,288,288.0,288,288,0.0414937771856784,0.1041666716337204,0.7593361139297485,1.0,0.0082987556234002,0.0,518,259,True,2.459392487759231,1.2527426057186049,0.7510373583063483,0.1061452945548441,0.0788381742738589,0.125,0.125,241,0.7593361139297485,0.0082987556234002,0.7510373583063483,259,259,0.0,0.0035926715463395,-2.4445824855876355
8jtk,197,1719.5,197,3242,0.0057471264153718,0.0294117648154497,0.0,0.0,0.0,0.0,299,105,False,2.294466226161593,1.283871576626624,0.0,0.0198609680549139,0.0057471264367816,0.0114942528735632,0.0294117647058823,174,0.0,0.0,0.0,194,194,0.4587628865979381,0.008541973490427098,-2.0684417807175643
8jtu,358,358.0,358,358,0.0,0.0,0.4210526347160339,1.0,0.0,0.0,384,192,True,2.5538830266438746,1.4122324122920995,0.4210526347160339,0.0,0.0,0.0,0.0,19,0.4210526347160339,0.0,0.4210526347160339,192,192,0.0,0.0005154079861111111,-3.28784885645427
8ju7,38,39.5,38,41,0.0178571436554193,0.0,0.8571428656578064,1.0,0.0178571436554193,0.0,204,100,False,1.57978359661681,0.5797835966168101,0.839285722002387,0.0,0.0,0.0,0.0,56,0.8571428656578064,0.0178571436554193,0.839285722002387,104,104,0.038461538461538464,0.005384615384615384,-2.26884531229258
8jzu,2,4573.5,9145,2,0.0163934417068958,0.0,0.3606557250022888,0.4166666567325592,0.1147540956735611,0.3333333432674408,488,14,False,0.3010299956639812,-0.2720340221751378,0.2459016293287277,0.0289720590427284,0.0163934426229508,0.0333333333333333,0.0833333333333333,61,0.3606557250022888,0.1147540956735611,0.24590162932872772,474,474,0.9704641350210971,0.009192284508740205,-2.036576542341556
8k0h,9,69.5,9,130,0.0,0.0,0.3178808093070984,0.9333333373069764,0.0463576167821884,0.1333333402872085,400,176,False,0.9542425094393248,-0.16851382446775,0.27152319252491,0.0,0.0,0.0,0.0,151,0.3178808093070984,0.0463576167821884,0.27152319252491,224,224,0.21428571428571427,0.003830154220779221,-2.416783738855143
8k11,1464,1464.0,1464,1464,0.0,0.0,0.7972972989082336,1.0,0.0,0.0,526,263,True,3.165541076722373,1.955563202477494,0.7972972989082336,0.0069634649174407,0.0135135135135135,0.0,0.0,74,0.7972972989082336,0.0,0.7972972989082336,263,263,0.0,0.0010698434269687288,-2.9706797772485394
8k1b,1504,1504.0,1504,1504,0.0,0.0,0.8545454740524292,1.0,0.0,0.0,508,254,True,3.177247836255624,1.9748309779456543,0.8545454740524292,0.0,0.0,0.0,0.0,55,0.8545454740524292,0.0,0.8545454740524292,254,254,0.0,0.00085250170500341,-3.0693047437456324
8k1d,2899,2899.0,2899,2899,0.0,0.0,0.1694915294647216,0.0909090936183929,0.0,0.0,610,305,True,3.4622482153549976,2.2200982956816047,0.1694915294647216,0.0,0.0,0.0,0.0,59,0.1694915294647216,0.0,0.1694915294647216,305,305,0.0,0.0006342381080354743,-3.1977476670514275
8k1r,7658,8135.5,8613,7658,0.0,0.0,0.1222222223877906,0.1111111119389534,0.0,0.0,814,406,False,3.8841153620116686,2.579852345223072,0.1222222223877906,0.0,0.0,0.0,0.0,90,0.1222222223877906,0.0,0.1222222223877906,408,408,0.004901960784313725,0.0005433207765864966,-3.264943687227749
8k34,2307,2750.5,2307,3194,0.0,0.0,0.7833333611488342,1.0,0.0,0.0,863,429,False,3.3630475945210936,2.046818948428731,0.7833333611488342,0.0,0.0,0.0,0.0,180,0.7833333611488342,0.0,0.7833333611488342,434,434,0.01152073732718894,0.0009667751603235474,-3.014674516593929
8k3g,12099,12296.0,12493,12099,0.0,0.0,0.8648648858070374,1.0,0.0,0.0,865,432,False,4.082749476727281,2.765007603319825,0.8648648858070374,0.0,0.0,0.0,0.0,74,0.8648648858070374,0.0,0.8648648858070374,433,433,0.0023094688221709007,0.00039560345564964504,-3.4027399234373013
8k4l,1473,1504.5,1473,1536,0.0329670347273349,0.0277777779847383,0.906593382358551,1.0,0.1593406647443771,0.2777777910232544,394,178,False,3.168202746842631,2.042992745688184,0.7472527176141739,0.1169577080582369,0.0494505494505494,0.0879120879120879,0.1666666666666666,182,0.906593382358551,0.1593406647443771,0.7472527176141739,216,216,0.17592592592592593,0.004733666250520183,-2.32480236547475
8k74,10142,10161.0,10142,10180,0.3157894611358642,0.7333333492279053,0.9013158082962036,1.0,0.0197368413209915,0.0333333350718021,652,325,False,4.006123606211855,2.7501819257224174,0.8815789669752121,0.6029789709981211,0.3947368421052631,0.5131578947368421,0.8,152,0.9013158082962036,0.0197368413209915,0.8815789669752121,327,327,0.0061162079510703364,0.0014302517054810633,-2.8445875256943878
8k76,4253,4253.0,4253,4253,0.1098901107907295,0.0,0.9450549483299256,1.0,0.0,0.0,478,239,True,3.628695382714023,2.4394964322399546,0.9450549483299256,0.1371651844907011,0.1208791208791208,0.2,0.1666666666666666,91,0.9450549483299256,0.0,0.9450549483299256,239,239,0.0,0.0015931093643318569,-2.7977544095751816
8k86,6940,7007.0,6940,7074,0.8918918967247009,1.0,0.945945918560028,1.0,0.945945918560028,1.0,121,58,False,3.841359470454855,2.9596454736733864,0.0,0.9701301921454412,0.8918918918918919,1.0,1.0,37,0.945945918560028,0.945945918560028,0.0,63,63,0.07936507936507936,0.010125889436234263,-1.994566818949524
8k89,6345,6349.0,6345,6353,0.8809524178504944,1.0,0.8809523582458496,1.0,0.9047619104385376,1.0,146,70,False,3.802431626430724,2.879882606423595,-0.0238095521926879,0.9766540827972502,0.8571428571428571,1.0,1.0,42,0.8809523582458496,0.9047619104385376,-0.02380955219268799,76,76,0.07894736842105263,0.007894736842105263,-2.1026623418971475
8k8a,7328,7620.5,7328,7913,0.8918918967247009,1.0,0.945945918560028,1.0,0.945945918560028,1.0,121,59,False,3.8649854606597938,2.979559454838722,0.0,0.9848832562914054,0.918918918918919,1.0,1.0,37,0.945945918560028,0.945945918560028,0.0,62,62,0.04838709677419355,0.010114816839803172,-1.9950419770734031
8k9c,2090,2093.5,2090,2097,0.0096153849735856,0.050000000745058,0.557692289352417,0.699999988079071,0.2403846085071563,0.3000000119209289,405,200,False,3.3201462861110542,2.169631288279064,0.3173076808452606,0.0282987809466671,0.0096153846153846,0.0192307692307692,0.05,104,0.557692289352417,0.2403846085071563,0.31730768084526073,205,205,0.024390243902439025,0.0025365853658536586,-2.595750517420955
8ka6,3,4.0,3,5,0.0,0.0,0.0,0.0,0.0,0.0,292,144,False,0.4771212547196624,-0.6020599913279624,0.0,0.0,0.0,0.0,0.0,83,0.0,0.0,0.0,148,148,0.02702702702702703,0.0038945195195195194,-2.409546115114133
8kbe,1540,1545.0,1550,1540,0.0575221255421638,0.1555555611848831,0.8893805146217346,1.0,0.2035398185253143,0.5111111402511597,255,124,False,3.187520720836463,2.1408098782553457,0.6858406960964203,0.1020130805666312,0.0619469026548672,0.1061946902654867,0.1111111111111111,226,0.8893805146217346,0.2035398185253143,0.6858406960964203,131,131,0.05343511450381679,0.013912829352376262,-1.8565845416705984
8kbf,1550,1553.5,1557,1550,0.0755555555224418,0.1555555611848831,0.8933333158493042,1.0,0.2088888883590698,0.6222222447395325,254,125,False,3.1903316981702914,2.1418766916662637,0.6844444274902344,0.0704008779051098,0.0755555555555555,0.0892857142857142,0.0666666666666666,225,0.8933333158493042,0.2088888883590698,0.6844444274902344,129,129,0.031007751937984496,0.013953488372093023,-1.855317205195943
8kdl,86,86.5,86,87,0.1324200928211212,0.2558139562606811,0.6438356041908264,0.7209302186965942,0.0,0.0,821,410,False,1.934498451243568,0.6281065228837,0.6438356041908264,0.2744325698375788,0.1780821917808219,0.2477064220183486,0.3488372093023256,219,0.6438356041908264,0.0,0.6438356041908264,411,411,0.0024330900243309003,0.0012996261349474808,-2.8861815637556862
8kdz,1675,1675.0,1675,1675,0.0,0.0,0.0,0.0,0.0,0.0,512,256,True,3.224014811372864,2.01989482871694,0.0,0.0,0.0,0.0,0.0,32,0.0,0.0,0.0,256,256,0.0,0.00048828125,-3.311329952303793
8ke8,10859,11672.5,10859,12486,0.3643410801887512,0.5999999642372131,0.8759689927101135,1.0,0.0155038759112358,0.0,396,195,False,4.035789833127757,2.890772527446498,0.8604651167988777,0.621097323969554,0.3875968992248062,0.5625,0.84,129,0.8759689927101135,0.0155038759112358,0.8604651167988777,201,201,0.029850746268656716,0.003291236127057023,-2.482640958483758
8ken,753,753.0,753,753,0.1428571492433548,0.4090909361839294,0.8928571343421936,1.0,0.0803571417927742,0.0909090936183929,448,224,True,2.876794976200701,1.7016709670336192,0.8124999925494194,0.3387661914298995,0.1964285714285714,0.25,0.3636363636363636,112,0.8928571343421936,0.0803571417927742,0.8124999925494194,224,224,0.0,0.002232142857142857,-2.651278013998144
8kge,7242,7242.0,7242,7242,0.0662251636385917,0.0666666701436042,0.5761589407920837,0.9333333373069764,0.0463576167821884,0.0666666701436042,486,243,True,3.859858520480993,2.667055383681837,0.5298013240098953,0.0766456554747052,0.0397350993377483,0.04,0.0666666666666666,151,0.5761589407920837,0.0463576167821884,0.5298013240098953,243,243,0.0,0.0025571982590729733,-2.592235599903455
8khg,8927,8949.0,8927,8971,0.0,0.0,0.8981481194496155,1.0,0.0,0.0,541,270,False,3.950705534773861,2.7350236526943674,0.8981481194496155,0.0,0.0,0.0,0.0,108,0.8981481194496155,0.0,0.8981481194496155,271,271,0.0036900369003690036,0.0014760147601476014,-2.8309092995464433
8kht,1919,2094.5,1919,2270,0.0,0.0,0.0,0.0,0.0,0.0,569,284,False,3.2830749747354715,2.0564158047119525,0.0,0.0,0.0,0.0,0.0,38,0.0,0.0,0.0,285,285,0.0035087719298245615,0.00046948356807511736,-3.3283796034387376
8of7,122,130.0,122,138,0.0531914867460727,0.1111111119389534,0.1914893686771392,0.5555555820465088,0.6276595592498779,0.8888888955116272,258,119,False,2.0863598306747484,1.0485863499784829,-0.4361701905727386,0.0167880905101661,0.0106382978723404,0.0212765957446808,0.0,94,0.1914893686771392,0.6276595592498779,-0.43617019057273876,139,139,0.14388489208633093,0.005682848679039961,-2.245433908046927
8ofj,8590,8609.0,8590,8628,0.0,0.0,0.0,0.0,0.0625,0.1666666716337204,304,152,False,3.9339931638312415,2.843071369858856,-0.0625,0.0,0.0,0.0,0.0,32,0.0,0.0625,-0.0625,152,152,0.0,0.0013850415512465374,-2.858537197569639
8okd,10138,10138.0,10138,10138,0.0,0.0,0.8488371968269348,1.0,0.0116279069334268,0.0,582,291,True,4.005952286887383,2.774005792394429,0.837209289893508,0.0,0.0,0.0,0.0,86,0.8488371968269348,0.0116279069334268,0.8372092898935081,291,291,0.0,0.0010155761032581098,-2.993287526728247
8okh,19,19.5,19,20,0.0,0.0,0.6071428656578064,0.5454545617103577,0.0,0.0,331,165,False,1.2787536009528289,0.1700116288458758,0.6071428656578064,0.0,0.0,0.0,0.0,56,0.6071428656578064,0.0,0.6071428656578064,166,166,0.006024096385542169,0.002044541803577948,-2.689404005247761
8onj,10459,10552.0,10459,10645,0.15625,0.3199999928474426,0.828125,1.0,0.0,0.0,546,269,False,4.019490162997508,2.804614022996304,0.828125,0.2827042443294005,0.2109375,0.265625,0.28,128,0.828125,0.0,0.828125,277,277,0.02888086642599278,0.0017178210513601653,-2.7650220794189884
8onl,10260,10284.5,10309,10260,0.0833333358168602,0.2083333432674408,0.8583333492279053,1.0,0.0333333350718021,0.0416666679084301,544,271,False,4.011147360775797,2.794662715338595,0.8250000141561031,0.1998984907602541,0.15,0.2166666666666666,0.25,120,0.8583333492279053,0.0333333350718021,0.8250000141561031,273,273,0.007326007326007326,0.0016219942419204412,-2.7899506918675367
8onm,10434,10460.5,10487,10434,0.2651515305042267,0.5384615659713745,0.8787878751754761,1.0,0.0,0.0,551,275,False,4.018450832386356,2.798784485471225,0.8787878751754761,0.4029361929207237,0.2878787878787879,0.303030303030303,0.5,132,0.8787878751754761,0.0,0.8787878751754761,276,276,0.0036231884057971015,0.0017391304347826088,-2.7596678446896306
8oof,3980,4596.0,3980,5212,0.0121951214969158,0.0625,0.8048780560493469,0.96875,0.0609756112098693,0.125,556,109,False,3.599883072073688,2.581169823103376,0.7439024448394775,0.0285943283717319,0.024390243902439,0.0365853658536585,0.03125,164,0.8048780560493469,0.0609756112098693,0.7439024448394777,447,447,0.756152125279642,0.003365966791864212,-2.472890173024862
8oot,3980,4596.0,3980,5212,0.0123456791043281,0.0625,0.7962962985038757,0.96875,0.0679012313485145,0.125,556,109,False,3.599883072073688,2.581169823103376,0.7283950671553612,0.0394974559106254,0.037037037037037,0.0493827160493827,0.0625,162,0.7962962985038757,0.0679012313485145,0.7283950671553612,447,447,0.756152125279642,0.003324918416353673,-2.478219006529929
8oqj,17611,18093.5,18576,17611,0.0,0.0,0.8727272748947144,1.0,0.0545454546809196,0.0,109,54,False,4.245784017077525,3.3795871371660406,0.8181818202137947,0.1908636964080896,0.0545454545454545,0.1111111111111111,0.2727272727272727,55,0.8727272748947144,0.0545454546809196,0.8181818202137947,55,55,0.01818181818181818,0.018518518518518517,-1.7323937598229686
8oqx,3120,3123.0,3120,3126,0.0476190522313118,0.0,0.8888888955116272,1.0,0.0,0.0,561,278,False,3.494154594018443,2.2721321960594048,0.8888888955116272,0.1169226643112981,0.1111111111111111,0.0967741935483871,0.0833333333333333,63,0.8888888955116272,0.0,0.8888888955116272,283,283,0.0176678445229682,0.000800772809314386,-3.0964906819887847
8oro,1614,1614.0,1614,1614,0.0,0.0,0.0,0.0,0.0,0.0,546,273,True,3.2079035303860515,1.9898222068656737,0.0,0.0,0.0,0.0,0.0,21,0.0,0.0,0.0,273,273,0.0,0.0002817695125387433,-3.550105999347593
8otv,4454,4736.0,4454,5018,0.2107279598712921,0.4807692468166351,0.8544061183929443,1.0,0.1417624503374099,0.25,423,211,False,3.6487502126980194,2.4866089850491733,0.7126436680555344,0.3934807297868358,0.21455938697318,0.3153846153846154,0.6153846153846154,261,0.8544061183929443,0.1417624503374099,0.7126436680555345,212,212,0.0047169811320754715,0.00583474917285165,-2.233977808888163
8owi,716,718.5,721,716,0.4444444477558136,0.5714285969734192,0.9583333134651184,1.0,0.5,1.0,109,54,False,2.854913022307856,1.9887161423963715,0.4583333134651184,0.6823278083011161,0.5555555555555556,0.75,0.7142857142857143,72,0.9583333134651184,0.5,0.4583333134651184,55,55,0.01818181818181818,0.024242424242424242,-1.615423952885944
8ows,131,392.5,654,131,0.0135135138407349,0.0,0.7702702879905701,1.0,0.0,0.0,239,117,False,2.1172712956557644,1.0831783647826834,0.7702702879905701,0.0,0.0,0.0,0.0,74,0.7702702879905701,0.0,0.7702702879905701,122,122,0.040983606557377046,0.00518425108589043,-2.285313972689934
8oxg,6482,6485.0,6488,6482,0.0,0.0,0.0,0.0,0.0,0.0,737,368,False,3.811709026696191,2.5287851173594325,0.0,0.0,0.0,0.0,0.0,49,0.0,0.0,0.0,369,369,0.0027100271002710027,0.00036084599976434547,-3.4426781048040644
8ozc,2361,2476.5,2361,2592,0.0,0.0,0.6284152865409851,0.9722222089767456,0.0218579228967428,0.0,913,452,False,3.373095987078727,2.045526769673036,0.6065573636442423,0.0,0.0,0.0,0.0,183,0.6284152865409851,0.0218579228967428,0.6065573636442423,461,461,0.019522776572668113,0.0008782369992129461,-3.0563882704706007
8p0s,564,564.5,565,564,0.1551724076271057,0.3823529481887817,0.6321839094161987,0.9411764740943908,0.6839080452919006,1.0,257,128,False,2.751279103983342,1.697674119159408,-0.0517241358757019,0.2033753823630916,0.1034482758620689,0.1724137931034483,0.2058823529411764,174,0.6321839094161987,0.6839080452919006,-0.051724135875701904,129,129,0.007751937984496124,0.010537790697674418,-1.9772504316645176
8p6k,67,67.5,68,67,0.038961037993431,0.1333333402872085,0.8636363744735718,1.0,0.2792207896709442,0.9333333373069764,218,108,False,1.8260748027008264,0.8093629249573515,0.5844155848026276,0.1167593349386433,0.0649350649350649,0.0909090909090909,0.1,154,0.8636363744735718,0.2792207896709442,0.5844155848026276,110,110,0.01818181818181818,0.012962962962962963,-1.8872957198087117
8p6m,14146,14570.5,14146,14995,0.0,0.0,0.0,0.0,0.0,0.0,260,129,False,4.150633653746429,3.095338798596804,0.0,0.0,0.0,0.0,0.0,32,0.0,0.0,0.0,131,131,0.015267175572519083,0.0018936031717853128,-2.7227110276351074
8pb3,6422,6422.0,6422,6422,0.0,0.0,0.0,0.0,0.0,0.0,620,310,True,3.807670301230484,2.5619894543133475,0.0,0.0,0.0,0.0,0.0,24,0.0,0.0,0.0,310,310,0.0,0.0002497398543184183,-3.6025121459569394
8pb8,6035,6203.5,6035,6372,0.0,0.0,0.0,0.0,0.0,0.0,620,309,False,3.780677274433368,2.5356980347209506,0.0,0.0,0.0,0.0,0.0,18,0.0,0.0,0.0,311,311,0.006430868167202572,0.00018730683982143414,-3.727446363348366
8pcw,512,561.5,512,611,0.1016949117183685,0.47826087474823,0.3898304998874664,0.6521739363670349,0.0593220330774784,0.0434782616794109,698,346,False,2.709269960975831,1.4397319115794425,0.330508466809988,0.2735773963493532,0.1101694915254237,0.1864406779661017,0.4347826086956521,118,0.3898304998874664,0.0593220330774784,0.33050846680998797,352,352,0.017045454545454544,0.000968864950078823,-3.0137367549647824
8pd4,9668,9668.0,9668,9668,0.0,0.0,0.0,0.0,0.0,0.0,398,199,True,3.985336641735613,2.8359101035307592,0.0,0.0,0.0,0.0,0.0,102,0.0,0.0,0.0,199,199,0.0,0.002575692533016843,-2.5891059810574957
8pdk,9471,9770.5,9471,10070,0.0,0.0,0.0,0.0,0.0,0.0,276,137,False,3.97639583661188,2.908035553033677,0.0,0.0,0.0,0.0,0.0,36,0.0,0.0,0.0,139,139,0.014388489208633094,0.0018904584361707714,-2.7234328666432144
8pdo,109,109.0,109,109,0.0,0.0,0.0,0.0,0.0,0.0,702,351,True,2.037426497940624,0.7647729397077117,0.0,0.0025888898993671,0.0064102564102564,0.0,0.0,156,0.0,0.0,0.0,351,351,0.0,0.0012662234884457107,-2.8974896345771866
8pe0,9367,9367.0,9367,9367,0.0,0.0,0.0,0.0,0.0,0.0,282,141,True,3.971600520230059,2.896990963902369,0.0,0.0,0.0,0.0,0.0,34,0.0,0.0,0.0,141,141,0.0,0.0017101755444897137,-2.766959308268505
8pe3,504,508.5,504,513,0.0691244229674339,0.2558139562606811,0.8387096524238586,1.0,0.0414746552705764,0.0,765,379,False,2.702430536445525,1.4131109314614891,0.7972349971532822,0.2348318748389387,0.0875576036866359,0.1388888888888889,0.3023255813953488,217,0.8387096524238586,0.0414746552705764,0.7972349971532823,386,386,0.018134715025906734,0.0014833144216440865,-2.8287667807912977
8pfa,10115,10174.0,10233,10115,0.0,0.0,0.0,0.0,0.0,0.0,275,137,False,4.004965887106824,2.93660560352862,0.0,0.0,0.0,0.0,0.0,34,0.0,0.0,0.0,138,138,0.007246376811594203,0.0017983708875489264,-2.7451207365153882
8pfd,193,1461.0,193,2729,0.0,0.0,0.2115384638309478,0.1000000014901161,0.0,0.0,285,98,False,2.285557309007774,1.2899442711615263,0.2115384638309478,0.0,0.0,0.0,0.0,52,0.2115384638309478,0.0,0.2115384638309478,187,187,0.47593582887700536,0.0028374986358179637,-2.5470643385941947
8phb,317,323.5,317,330,0.1144278571009635,0.1749999970197677,0.7960199117660522,1.0,0.0049751242622733,0.0,751,372,False,2.501059262217752,1.2157877922768028,0.7910447875037789,0.0796092907706277,0.044776119402985,0.07,0.05,201,0.7960199117660522,0.0049751242622733,0.7910447875037789,379,379,0.018469656992084433,0.0014256532470848582,-2.845986092429481
8pno,7002,7130.0,7002,7258,0.0,0.0,0.0,0.0,0.0434782616794109,0.0,401,199,False,3.8452221064290137,2.695795568224161,-0.0434782616794109,0.0,0.0,0.0,0.0,46,0.0,0.0434782616794109,-0.0434782616794109,202,202,0.01485148514851485,0.0011443355390815463,-2.9414466141747564
8po5,538,544.0,538,550,0.0,0.0,0.0,0.0,0.0,0.0,249,124,False,2.7307822756663893,1.6840714330852715,0.0,0.0,0.0,0.0,0.0,6,0.0,0.0,0.0,125,125,0.008,0.0003870967741935484,-3.412180447786648
8pqp,1779,1779.0,1779,1779,0.0,0.0,0.0,0.0,0.0,0.0,308,154,True,3.250175948083925,2.1564155876656934,0.0,0.0,0.0,0.0,0.0,48,0.0,0.0,0.0,154,154,0.0,0.0020239500758981277,-2.693800204297339
8pr6,6646,6667.5,6689,6646,0.0645161271095275,0.0555555559694767,0.0967741906642913,0.0555555559694767,0.0752688199281692,0.0,157,78,False,3.822560336942692,2.876513035597452,0.0215053707361221,0.0714734451733396,0.021505376344086,0.0434782608695652,0.1111111111111111,93,0.0967741906642913,0.0752688199281692,0.021505370736122104,79,79,0.012658227848101266,0.015092502434274586,-1.8212387454269867
8ps0,17286,17286.0,17286,17286,0.0,0.0,0.8148148059844971,0.800000011920929,0.0,0.0,744,372,True,4.237694508664057,2.952423038723108,0.8148148059844971,0.0,0.0,0.0,0.0,27,0.8148148059844971,0.0,0.8148148059844971,372,372,0.0,0.0001951092611862643,-3.7097221156048077
8pu1,657,1078.5,657,1500,0.050000000745058,0.0625,0.912500023841858,0.9375,0.0,0.0,266,75,False,2.8175653695597807,1.8800347378639308,0.912500023841858,0.0243200241758521,0.0125,0.025,0.0625,80,0.912500023841858,0.0,0.912500023841858,191,191,0.6073298429319371,0.005584642233856894,-2.253004643647484
8puh,1416,1416.0,1416,1416,0.0256410259753465,0.0,0.0256410259753465,0.0,0.0,0.0,158,79,True,3.15106325335375,2.2022497077085297,0.0256410259753465,0.0,0.0,0.0,0.0,39,0.0256410259753465,0.0,0.0256410259753465,79,79,0.0,0.00624899855792341,-2.2041895755543837
8puj,2381,2381.0,2381,2381,0.0,0.0,0.0,0.0,0.0,0.0,644,322,True,3.37675939540488,2.122831459556964,0.0,0.0,0.0,0.0,0.0,24,0.0,0.0,0.0,322,322,0.0,0.00023147255121330195,-3.6355005016800557
8pxe,106,106.5,107,106,0.2831858396530151,0.5909091234207153,0.9203540086746216,1.0,0.3185840845108032,0.3181818127632141,162,80,False,2.0253058652647704,1.0737608717687983,0.6017699241638184,0.3206500431925094,0.2743362831858407,0.3928571428571428,0.3636363636363636,113,0.9203540086746216,0.3185840845108032,0.6017699241638184,82,82,0.024390243902439025,0.017225609756097562,-1.7638253958922405
8pxf,1943,1978.0,2013,1943,0.0970873832702636,0.1500000059604644,0.8737863898277283,1.0,0.1067961156368255,0.0,428,213,False,3.2884728005997825,2.124282998880413,0.7669902741909027,0.3868330978844067,0.2524271844660194,0.3725490196078431,0.45,103,0.8737863898277283,0.1067961156368255,0.7669902741909027,215,215,0.009302325581395349,0.0022491538377552136,-2.647980838649171
8pz3,6464,6479.0,6494,6464,0.0,0.0,0.2647058963775635,0.0740740746259689,0.0514705888926982,0.0,586,290,False,3.8105013477665297,2.5793023488170514,0.2132353074848652,0.0,0.0,0.0,0.0,136,0.2647058963775635,0.0514705888926982,0.21323530748486527,296,296,0.02027027027027027,0.0015843429636533085,-2.800150800587677
8pzh,570,646.5,723,570,0.0,0.0,0.0,0.0,0.0,0.0,232,115,False,2.7558748556724915,1.7255259354956856,0.0,0.0,0.0,0.0,0.0,6,0.0,0.0,0.0,117,117,0.017094017094017096,0.0004459308807134894,-3.3507324517161297
8pzo,558,559.0,558,560,0.0,0.0,0.0,0.0,0.0,0.0,245,122,False,2.7466341989375787,1.703454283600205,0.0,0.0,0.0,0.0,0.0,7,0.0,0.0,0.0,123,123,0.008130081300813009,0.00046648007463681194,-3.3311669020998895
8q0e,100,104.5,109,100,0.0457516349852085,0.1803278625011444,0.4901960790157318,1.0,0.0130718955770134,0.0491803288459777,483,241,False,2.0,0.8089914787125658,0.4771241834387183,0.0965932173414201,0.0555555555555555,0.0784313725490196,0.1475409836065573,306,0.4901960790157318,0.0130718955770134,0.47712418343871843,242,242,0.004132231404958678,0.005246733651109358,-2.2801109820737198
8q0t,7864,7935.5,7864,8007,0.0204081628471612,0.0,0.0,0.0,0.0,0.0,546,269,False,3.895643504824079,2.680767364822876,0.0,0.0,0.0,0.0,0.0,49,0.0,0.0,0.0,277,277,0.02888086642599278,0.0006576033712238133,-3.182035969038343
8q1k,4695,4734.0,4773,4695,0.0,0.0,0.8985507488250732,1.0,0.1014492735266685,0.0769230797886848,838,419,False,3.6716355966021297,2.360528585118982,0.7971014752984047,0.0,0.0,0.0,0.0,69,0.8985507488250732,0.1014492735266685,0.7971014752984047,419,419,0.0,0.00039302578590917115,-3.4055789551953355
8q1o,140,140.0,140,140,0.0,0.0,0.0,0.0,0.0,0.0,356,178,True,2.146128035678238,1.020918034523791,0.0,0.0,0.0,0.0,0.0,8,0.0,0.0,0.0,178,178,0.0,0.0002524933720489837,-3.5977500176258443
8q1x,4644,4691.5,4644,4739,0.0,0.0,0.9384615421295166,1.0,0.1076923087239265,0.1538461595773697,837,418,False,3.666892211066536,2.3563040701790188,0.8307692334055901,0.0,0.0,0.0,0.0,65,0.9384615421295166,0.1076923087239265,0.8307692334055901,419,419,0.002386634844868735,0.00037112742802982725,-3.430476948098475
8q28,292,292.5,293,292,0.0,0.0,0.0,0.0,0.0,0.0,471,235,False,2.4653828514484184,1.2798489203125505,0.0,0.0,0.0,0.0,0.0,27,0.0,0.0,0.0,236,236,0.00423728813559322,0.0004868373602596466,-3.3126161010828556
8q29,300,302.5,305,300,0.0,0.0,0.0303030312061309,0.0,0.0,0.0,483,241,False,2.4771212547196626,1.2861127334322282,0.0303030312061309,0.0,0.0,0.0,0.0,33,0.0303030312061309,0.0,0.0303030312061309,242,242,0.004132231404958678,0.0005658242172764995,-3.2473184686774124
8q3y,291,291.0,291,291,0.0361445769667625,0.125,0.5903614163398743,1.0,0.072289153933525,0.1875,872,436,True,2.463892988985908,1.1441497443516142,0.5180722624063492,0.1902608164178655,0.0843373493975903,0.1219512195121951,0.3125,83,0.5903614163398743,0.072289153933525,0.5180722624063493,436,436,0.0,0.00043662149650702803,-3.359894886161098
8q3z,294,294.0,294,294,0.0872092992067337,0.0882352963089943,0.7325581312179565,0.8823529481887817,0.0116279069334268,0.0,874,437,True,2.4683473304121573,1.1481066119269463,0.7209302242845297,0.132566135528352,0.0697674418604651,0.0813953488372093,0.1470588235294117,172,0.7325581312179565,0.0116279069334268,0.7209302242845298,437,437,0.0,0.0009006697422094686,-3.0454344270332947
8q40,294,294.0,294,294,0.0818713456392288,0.0882352963089943,0.7251461744308472,0.8823529481887817,0.0116959065198898,0.0,874,437,True,2.4683473304121573,1.1481066119269463,0.7134502679109573,0.1324723943721482,0.0584795321637426,0.0823529411764705,0.1470588235294117,171,0.7251461744308472,0.0116959065198898,0.7134502679109573,437,437,0.0,0.0008954332902198786,-3.04796676354869
8q41,278,282.0,278,286,0.0769230797886848,0.0967741906642913,0.7435897588729858,1.0,0.0448717959225177,0.1290322542190551,846,419,False,2.444044795918076,1.1329377844349289,0.6987179629504681,0.1250025855673039,0.0576923076923076,0.0897435897435897,0.1935483870967742,156,0.7435897588729858,0.0448717959225177,0.6987179629504682,427,427,0.01873536299765808,0.000871932168148765,-3.0595172996368576
8q42,267,269.0,271,267,0.0833333358168602,0.0909090936183929,0.7857142686843872,1.0,0.0297619048506021,0.0303030312061309,865,431,False,2.4265112613645754,1.1092726262842094,0.7559523638337851,0.1324047520946152,0.0773809523809523,0.0833333333333333,0.1515151515151515,168,0.7857142686843872,0.0297619048506021,0.7559523638337851,434,434,0.0069124423963133645,0.0008981363670383953,-3.0466577179473795
8q43,272,286.5,301,272,0.0736196339130401,0.09375,0.8098159432411194,1.0,0.030674846842885,0.0,839,411,False,2.4345689040341987,1.127647993096164,0.7791410963982344,0.0824843392054438,0.0490797546012269,0.074074074074074,0.09375,163,0.8098159432411194,0.030674846842885,0.7791410963982344,428,428,0.0397196261682243,0.0009266207335652727,-3.0330979864852834
8q44,285,288.0,291,285,0.071856290102005,0.0909090936183929,0.7904191613197327,1.0,0.0119760483503341,0.0,872,435,False,2.45484486000851,1.1356002315311915,0.7784431129693985,0.1098787692377359,0.0538922155688622,0.072289156626506,0.1212121212121212,167,0.7904191613197327,0.0119760483503341,0.7784431129693986,437,437,0.004576659038901602,0.0008785081143638707,-3.056254222777476
8q5n,1988,2091.5,1988,2195,0.1574074029922485,0.523809552192688,0.5462962985038757,1.0,0.0,0.0,306,151,False,3.2984163800612945,2.2089279064147096,0.5462962985038757,0.15039285732846,0.1296296296296296,0.1666666666666666,0.1904761904761904,108,0.5462962985038757,0.0,0.5462962985038757,155,155,0.025806451612903226,0.0046143986327707755,-2.3358848899765112
8q5o,2287,2415.0,2287,2543,0.105882354080677,0.0588235296308994,0.5764706134796143,0.9411764740943908,0.0941176488995552,0.294117659330368,300,149,False,3.3592661646067485,2.2726730304006115,0.482352964580059,0.0301871187382243,0.0352941176470588,0.0476190476190476,0.0,85,0.5764706134796143,0.0941176488995552,0.48235296458005905,151,151,0.013245033112582781,0.0037779456864749546,-2.422744289991151
8q66,52,170.5,289,52,0.0,0.0,0.6518518328666687,1.0,0.0,0.0,513,242,False,1.7160033436347992,0.5240956606445836,0.6518518328666687,0.0,0.0,0.0,0.0,135,0.6518518328666687,0.0,0.6518518328666687,271,271,0.1070110701107011,0.002058491659296758,-2.686450888359831
8q6u,7544,7700.0,7544,7856,0.5076923370361328,0.8461538553237915,0.9384615421295166,1.0,0.0,0.0,331,165,False,3.877601679729272,2.768859707622319,0.9384615421295166,0.7505242123176941,0.5076923076923077,0.78125,0.8461538461538461,65,0.9384615421295166,0.0,0.9384615421295166,166,166,0.006024096385542169,0.0023731288791529756,-2.6246786756111056
8q8g,4738,4804.0,4870,4738,0.0,0.0,0.0666666701436042,0.0,0.0,0.0,538,266,False,3.6755950563867454,2.463154238071213,0.0666666701436042,0.0,0.0,0.0,0.0,30,0.0666666701436042,0.0,0.0666666701436042,272,272,0.022058823529411766,0.00041463954002653696,-3.382329285945603
8q8o,1444,1457.0,1444,1470,0.0,0.0,0.0,0.0,0.0,0.0,276,138,False,3.15956719323362,2.089627650033002,0.0,0.0,0.0,0.0,0.0,47,0.0,0.0,0.0,138,138,0.0,0.002467968914093678,-2.6076603148667554
8q90,8252,8252.0,8252,8252,0.6282722353935242,1.0,0.9057591557502748,1.0,0.2513088881969452,0.8684210777282715,294,147,True,3.916559219301114,2.832900551927026,0.6544502675533295,0.8872207054428499,0.6963350785340314,0.9578947368421052,1.0,191,0.9057591557502748,0.2513088881969452,0.6544502675533296,147,147,0.0,0.008838909713545283,-2.053601302248625
8q9x,829,837.0,829,845,0.086734689772129,0.1538461595773697,0.7806122303009033,1.0,0.0,0.0,937,466,False,2.9185545305502734,1.5843615722052735,0.7806122303009033,0.1509646056882288,0.0765306122448979,0.1224489795918367,0.1794871794871795,196,0.7806122303009033,0.0,0.7806122303009033,471,471,0.010615711252653927,0.0008929954530129484,-3.0491507524624204
8q9y,829,839.5,829,850,0.0837438404560089,0.1500000059604644,0.802955687046051,1.0,0.00492610828951,0.0,938,467,False,2.9185545305502734,1.5838960902672174,0.798029578756541,0.1479283511248868,0.0738916256157635,0.1188118811881188,0.175,203,0.802955687046051,0.00492610828951,0.798029578756541,471,471,0.008492569002123142,0.0009229076592243029,-3.0348417497817954
8qbf,1563,1563.0,1563,1563,0.029315959662199,0.0163934417068958,0.6742671132087708,0.9672130942344666,0.0162866450846195,0.0,542,271,True,3.193958978019187,1.977474332581984,0.6579804681241512,0.1829252386778252,0.1074918566775244,0.1111111111111111,0.2295081967213114,307,0.6742671132087708,0.0162866450846195,0.6579804681241512,271,271,0.0,0.0041802263041080595,-2.378800206271625
8qc3,5083,5083.0,5083,5083,0.0676691755652427,0.0,0.8796992301940918,1.0,0.0,0.0,728,364,True,3.706120109702704,2.4255694178781755,0.8796992301940918,0.0435074198537689,0.0601503759398496,0.0454545454545454,0.0,133,0.8796992301940918,0.0,0.8796992301940918,364,364,0.0,0.001003803888419273,-2.998351126331026
8qc5,4954,4985.5,4954,5017,0.0921985805034637,0.0,0.8865247964859009,1.0,0.0,0.0,728,363,False,3.694956002249818,2.415002689731762,0.8865247964859009,0.0551363961015257,0.0709219858156028,0.0714285714285714,0.0,141,0.8865247964859009,0.0,0.8865247964859009,365,365,0.005479452054794521,0.001064191101551002,-2.9729803768372074
8qc6,4746,4850.0,4746,4954,0.0955882370471954,0.0,0.8823529481887817,1.0,0.0,0.0,731,365,False,3.67632773388132,2.395181301653083,0.8823529481887817,0.0530121321759843,0.0735294117647058,0.0441176470588235,0.0,136,0.8823529481887817,0.0,0.8823529481887817,366,366,0.00273224043715847,0.0010180402724754847,-2.9922350414806678
8qcj,15719,15719.0,15719,15719,0.2026431560516357,0.2222222238779068,0.9427312612533568,1.0,0.0396475754678249,0.0,916,458,True,4.196424913949195,2.865992174947261,0.903083685785532,0.1478397928707473,0.1806167400881057,0.168141592920354,0.1555555555555555,227,0.9427312612533568,0.0396475754678249,0.9030836857855319,458,458,0.0,0.0010821685322552964,-2.965705098814616
8qck,14378,14378.0,14378,14378,0.2197309583425521,0.2727272808551788,0.865470826625824,1.0,0.1255605369806289,0.1818181872367859,922,461,True,4.157698479275516,2.825848016580692,0.739910289645195,0.2238827478100782,0.2376681614349775,0.2702702702702703,0.2045454545454545,223,0.865470826625824,0.1255605369806289,0.739910289645195,461,461,0.0,0.001049308068379125,-2.9790969877311357
8qcl,11082,11099.5,11117,11082,0.0327868834137916,0.0,0.2459016442298889,0.0833333358168602,0.0,0.0,779,389,False,4.044618145823885,2.749643345161031,0.2459016442298889,0.0,0.0,0.0,0.0,61,0.2459016442298889,0.0,0.2459016442298889,390,390,0.002564102564102564,0.000402082921363127,-3.3956843733414397
8qef,11069,11093.0,11117,11069,0.0333333350718021,0.0,0.0,0.0,0.0,0.0,778,388,False,4.04410838744612,2.7496925246490163,0.0,0.0,0.0,0.0,0.0,60,0.0,0.0,0.0,390,390,0.005128205128205128,0.0003965107057890563,-3.401745082237063
8qf0,18562,18590.0,18562,18618,0.0,0.0,0.7450980544090271,0.949999988079071,0.0,0.0,1018,508,False,4.268624768335871,2.9156929121939115,0.7450980544090271,0.0,0.0,0.0,0.0,102,0.7450980544090271,0.0,0.7450980544090271,510,510,0.00392156862745098,0.0003937007874015748,-3.404833716619938
8qfl,6886,7180.5,6886,7475,0.0,0.0,0.8840579986572266,1.0,0.0,0.0,300,149,False,3.837967018368655,2.751373884162517,0.8840579986572266,0.0,0.0,0.0,0.0,69,0.8840579986572266,0.0,0.8840579986572266,151,151,0.013245033112582781,0.0030668029690208453,-2.513314124968188
8qfm,7001,7130.5,7001,7260,0.0,0.0,0.8208954930305481,1.0,0.0,0.0,296,148,False,3.8451600776519457,2.760029219954468,0.8208954930305481,0.0,0.0,0.0,0.0,67,0.8208954930305481,0.0,0.8208954930305481,148,148,0.0,0.003058802045288532,-2.5144486280890885
8qfn,6603,7039.0,6603,7475,0.0,0.0,0.8591549396514893,1.0,0.0,0.0,304,149,False,3.81974129727301,2.733148163066873,0.8591549396514893,0.0,0.0,0.0,0.0,71,0.8591549396514893,0.0,0.8591549396514893,155,155,0.03870967741935484,0.0030742584975102837,-2.5122596178634904
8qfo,6464,6579.0,6464,6694,0.0,0.0,0.8611111044883728,1.0,0.0,0.0,308,153,False,3.8105013477665297,2.7181556323577305,0.8611111044883728,0.0,0.0,0.0,0.0,72,0.8611111044883728,0.0,0.8611111044883728,155,155,0.012903225806451613,0.0030360531309297912,-2.5176906325566217
8qfp,6834,6849.5,6865,6834,0.0,0.0,0.8529411554336548,1.0,0.0,0.0,307,153,False,3.834674974462744,2.7423292590539448,0.8529411554336548,0.0,0.0,0.0,0.0,68,0.8529411554336548,0.0,0.8529411554336548,154,154,0.006493506493506494,0.002886002886002886,-2.5397032389478253
8qfq,6037,6286.5,6037,6536,0.0,0.0,0.0,0.0,0.0,0.0,297,144,False,3.780821175853473,2.701639929805848,0.0,0.0,0.0,0.0,0.0,12,0.0,0.0,0.0,153,153,0.058823529411764705,0.0005446623093681918,-3.2638726768652235
8qhp,19938,19938.0,19938,19938,0.0,0.0,0.8837209343910217,1.0,0.0,0.0,820,410,True,4.299681591662354,2.993289663302487,0.8837209343910217,0.0,0.0,0.0,0.0,86,0.8837209343910217,0.0,0.8837209343910217,410,410,0.0,0.0005116002379535991,-3.291069262195903
8qj5,1831,1834.5,1838,1831,0.0,0.0,0.9277108311653136,1.0,0.0,0.0,822,410,False,3.2626883443016963,1.9562964159418288,0.9277108311653136,0.0,0.0,0.0,0.0,83,0.9277108311653136,0.0,0.9277108311653136,412,412,0.0048543689320388345,0.000491356855316126,-3.3086029803767962
8qlo,2489,2690.5,2489,2892,0.0,0.0,0.0,0.0,0.0,0.0,892,437,False,3.3960248966085933,2.0757841781233823,0.0,0.0025662297514815,0.0038610038610038,0.0,0.0,259,0.0,0.0,0.0,455,455,0.03956043956043956,0.0013025875726104558,-2.8851930695462826
8qpl,13448,13479.5,13511,13448,0.0,0.0,0.0,0.0,0.0967741906642913,0.1666666716337204,657,326,False,4.128657700431415,2.872048900397445,-0.0967741906642913,0.0,0.0,0.0,0.0,31,0.0,0.0967741906642913,-0.0967741906642913,331,331,0.015105740181268883,0.0002872870832020462,-3.541683900009385
8r07,3006,3201.5,3397,3006,0.0,0.0,0.0344827584922313,0.0,0.0,0.0,205,100,False,3.4779889762508893,2.4779889762508893,0.0344827584922313,0.0,0.0,0.0,0.0,29,0.0344827584922313,0.0,0.0344827584922313,105,105,0.047619047619047616,0.002761904761904762,-2.558791301170982
8r1u,9878,9878.0,9878,9878,0.0,0.0,0.8181818127632141,1.0,0.0,0.0,658,329,True,3.9946690218255294,2.7360710728505424,0.8181818127632141,0.0,0.0,0.0,0.0,66,0.8181818127632141,0.0,0.8181818127632141,329,329,0.0,0.0006097504642418307,-3.21484786035808
8r1z,9764,9764.0,9764,9764,0.0,0.0,0.7746478915214539,1.0,0.0,0.0,658,329,True,3.989627770745151,2.731029821770164,0.7746478915214539,0.0,0.0,0.0,0.0,71,0.7746478915214539,0.0,0.7746478915214539,329,329,0.0,0.0006559436812298482,-3.1831334471808734
8r2t,12244,12494.5,12745,12244,0.0,0.0,0.0,0.0,0.0,0.0,827,410,False,4.087923320925297,2.7815313925654293,0.0,0.0,0.0,0.0,0.0,45,0.0,0.0,0.0,417,417,0.016786570743405275,0.00026320407088962973,-3.5797073979181495
8r2v,16022,16022.0,16022,16022,0.1577381044626236,0.1791044771671295,0.8690476417541504,1.0,0.1190476194024086,0.4626865684986114,638,319,True,4.204716727400483,2.952821385871893,0.7500000223517418,0.2185097628119554,0.2113095238095238,0.2261904761904762,0.2388059701492537,336,0.8690476417541504,0.1190476194024086,0.7500000223517418,319,319,0.0,0.0033018543449848175,-2.4812420887245183
8r2w,14790,14790.0,14790,14790,0.1578947305679321,0.2439024299383163,0.937799036502838,1.0,0.0430622026324272,0.1463414579629898,580,290,True,4.169968173996892,2.9387691750474145,0.8947368338704109,0.2183824661307069,0.200956937799043,0.2307692307692307,0.2682926829268293,209,0.937799036502838,0.0430622026324272,0.8947368338704108,290,290,0.0,0.0024851367419738406,-2.6046497096868584
8r3f,3345,3351.5,3358,3345,0.0,0.0,0.0,0.0,0.0,0.0,205,102,False,3.524396122103842,2.520096036222883,0.0,0.0,0.0,0.0,0.0,29,0.0,0.0,0.0,103,103,0.009708737864077669,0.0027603274319436513,-2.5590393985681334
8r4l,6095,6095.0,6095,6095,0.0196078438311815,0.0,0.8039215803146362,1.0,0.0588235296308994,0.0,222,111,True,3.784973709954401,2.762312220561072,0.7450980506837368,0.0,0.0,0.0,0.0,51,0.8039215803146362,0.0588235296308994,0.7450980506837368,111,111,0.0,0.0041392744095446795,-2.3830757814753785
8r4m,6543,6804.0,6543,7065,0.0,0.0,0.8771929740905762,1.0,0.0175438597798347,0.0,209,100,False,3.815776920298363,2.8157769202983625,0.8596491143107414,0.0065871960613329,0.0175438596491228,0.0,0.0,57,0.8771929740905762,0.0175438597798347,0.8596491143107414,109,109,0.08256880733944955,0.005229357798165138,-2.2815516422681323
8r4z,513,582.0,651,513,0.0,0.0,0.0,0.0,0.0,0.0,681,340,False,2.710117365111816,1.4443779065906888,0.0,0.0,0.0,0.0,0.0,11,0.0,0.0,0.0,341,341,0.002932551319648094,9.487666034155598e-05,-4.022840610876528
8r66,1176,1181.5,1187,1176,0.125,0.0909090936183929,0.4821428656578064,1.0,0.1964285671710968,0.3636363744735718,418,207,False,3.07040732174012,1.9124221490116609,0.2857142984867096,0.1042043993011282,0.125,0.1071428571428571,0.0909090909090909,56,0.4821428656578064,0.1964285671710968,0.2857142984867096,211,211,0.018957345971563982,0.00128213934107196,-2.89206477374841
8r7a,14,5397.5,10781,14,0.0,0.0,0.5766870975494385,1.0,0.0429447852075099,0.0,187,75,False,1.146128035678238,0.2085974039823879,0.5337423123419285,0.0069756853318403,0.0122699386503067,0.0123456790123456,0.0,163,0.5766870975494385,0.0429447852075099,0.5337423123419286,112,112,0.33035714285714285,0.019404761904761904,-1.712091681657924
8r8q,971,2337.0,3703,971,0.0,0.0,0.800000011920929,1.0,0.0,0.0,732,341,False,2.9872192299080047,1.720842040411756,0.800000011920929,0.0,0.0,0.0,0.0,60,0.800000011920929,0.0,0.800000011920929,391,391,0.1278772378516624,0.0004500078751378149,-3.346779886004721
8rb7,1533,1533.0,1533,1533,0.0,0.0,0.0,0.0,0.0,0.0,360,180,True,3.185542154854375,2.057905902302722,0.0,0.0,0.0,0.0,0.0,28,0.0,0.0,0.0,180,180,0.0,0.0008641975308641976,-3.063386978864393
8rd3,642,10074.5,19507,642,0.0,0.0,0.8818897604942322,1.0,0.0,0.0,846,218,False,2.807535028068853,1.6383067812665508,0.8818897604942322,0.0,0.0,0.0,0.0,127,0.8818897604942322,0.0,0.8818897604942322,628,628,0.6528662420382165,0.0009276573365277859,-3.032612416385844
8rg5,1251,1277.5,1304,1251,0.0,0.0,0.0,0.0,0.0,0.0,704,350,False,3.09725730969342,1.825223287518282,0.0,0.0,0.0,0.0,0.0,20,0.0,0.0,0.0,354,354,0.011299435028248588,0.00016142050040355126,-3.792041310712082
8rgi,5590,5644.5,5590,5699,0.0844155848026275,0.0,0.8636363744735718,1.0,0.7792207598686218,0.9333333373069764,234,104,False,3.747411807886423,2.738895138237033,0.0844156146049499,0.331999786786516,0.2207792207792207,0.2727272727272727,0.4333333333333333,154,0.8636363744735718,0.7792207598686218,0.08441561460494995,130,130,0.2,0.011390532544378698,-1.943455970769154
8rhi,17362,17400.0,17362,17438,0.0,0.0,0.0,0.0,0.0,0.0,549,273,False,4.239599751885042,3.021518428364665,0.0,0.0,0.0,0.0,0.0,82,0.0,0.0,0.0,276,276,0.010869565217391304,0.0010882836969793492,-2.963257876722257
8rho,7143,7143.0,7143,7143,0.0,0.0,0.5822784900665283,1.0,0.0,0.0,242,121,True,3.8538806501245424,2.812487964966317,0.5822784900665283,0.0,0.0,0.0,0.0,79,0.5822784900665283,0.0,0.5822784900665283,121,121,0.0,0.005395806297384059,-2.2679436493424587
8rkh,517,517.5,518,517,0.0,0.0,0.2285714298486709,0.7142857313156128,0.0,0.0,438,219,False,2.7134905430939424,1.5432684856738834,0.2285714298486709,0.0,0.0,0.0,0.0,70,0.2285714298486709,0.0,0.2285714298486709,219,219,0.0,0.0014595191926773836,-2.83579018966598
8rmw,19289,19289.0,19289,19289,0.2277227789163589,0.3762376308441162,0.918811857700348,1.0,0.146534651517868,0.4653465449810028,708,354,True,4.285309713090268,3.0108080820773733,0.7722772061824799,0.4336685552863041,0.3089108910891089,0.4126984126984127,0.5148514851485149,505,0.918811857700348,0.146534651517868,0.7722772061824801,354,354,0.0,0.004029812633662103,-2.3947151459329143
8rp3,19236,19236.0,19236,19236,0.2244489043951034,0.3838383853435516,0.9158316850662231,1.0,0.1102204397320747,0.2525252401828766,708,354,True,4.2841147684017695,3.009613137388876,0.8056112453341484,0.4301512877050324,0.3086172344689378,0.4056224899598393,0.5050505050505051,499,0.9158316850662231,0.1102204397320747,0.8056112453341484,354,354,0.0,0.003981933671677998,-2.399905978428186
8rp4,19494,19494.0,19494,19494,0.2313725650310516,0.3725490272045135,0.9196078181266784,1.0,0.1431372612714767,0.5196078419685364,708,354,True,4.289900961728627,3.0153993307157325,0.7764705568552017,0.4516175938939266,0.3117647058823529,0.4196078431372549,0.5784313725490197,510,0.9196078181266784,0.1431372612714767,0.7764705568552017,354,354,0.0,0.004069711768648856,-2.3904363479536395
8rp5,19163,19163.0,19163,19163,0.220472440123558,0.396039605140686,0.913385808467865,1.0,0.1358267664909362,0.4752475321292877,708,354,True,4.282463499599315,3.0079618685864213,0.7775590419769287,0.4305050434304061,0.3110236220472441,0.405511811023622,0.5346534653465347,508,0.913385808467865,0.1358267664909362,0.7775590419769288,354,354,0.0,0.004053752114654154,-2.3921428117676564
8rqj,4223,4269.5,4223,4316,0.0,0.0,0.0,0.0,0.0,0.0,260,129,False,3.625621081424908,2.570326226275283,0.0,0.0,0.0,0.0,0.0,76,0.0,0.0,0.0,131,131,0.015267175572519083,0.004497307532990118,-2.347047413674222
8rv3,63,63.0,63,63,0.0545454546809196,0.0,0.2727272808551788,0.4545454680919647,0.2545454502105713,0.0,252,126,False,1.7993405494535817,0.7491552768948002,0.0181818306446075,0.3034205063887664,0.1454545454545454,0.2222222222222222,0.5454545454545454,55,0.2727272808551788,0.2545454502105713,0.01818183064460749,126,126,0.0,0.0034643487024439406,-2.4603784007408818
8rvc,682,682.0,682,682,0.0,0.0,0.0,0.0,0.0,0.0,680,340,True,2.833784374656479,1.5680449161353514,0.0,0.0,0.0,0.0,0.0,10,0.0,0.0,0.0,340,340,0.0,8.650519031141868e-05,-4.062957834084511
8rwu,50,119.0,188,50,0.0,0.0,0.2575757503509521,0.0769230797886848,0.0757575780153274,0.0,184,91,False,1.6989700043360187,0.719449308175472,0.1818181723356247,0.0538172801047605,0.0454545454545454,0.0303030303030303,0.0769230769230769,66,0.2575757503509521,0.0757575780153274,0.1818181723356247,93,93,0.021505376344086023,0.0077986529599432825,-2.10798040533316
8rx4,14145,14145.0,14145,14145,0.2246695905923843,0.3111111223697662,0.9647576808929444,1.0,0.0396475754678249,0.0222222227603197,918,459,True,4.15060295179301,2.819696609024379,0.9251101054251194,0.2256314137999906,0.2599118942731278,0.2300884955752212,0.2222222222222222,227,0.9647576808929444,0.0396475754678249,0.9251101054251195,459,459,0.0,0.0010774583374865317,-2.9675995138814
8rxo,41,41.0,41,41,0.0,0.0,0.0161290317773818,0.0,0.0322580635547637,0.0,194,90,False,1.6127838567197357,0.6356626020000731,-0.0161290317773818,0.0633254716338626,0.0483870967741935,0.0967741935483871,0.0833333333333333,62,0.0161290317773818,0.0322580635547637,-0.016129031777381897,104,104,0.1346153846153846,0.006623931623931624,-2.1788841592398516
8ryf,763,764.5,766,763,0.0120481923222541,0.0,0.8674699068069458,1.0,0.0963855385780334,0.125,453,221,False,2.8825245379548803,1.7103284011123252,0.7710843682289124,0.0060585895704908,0.0120481927710843,0.0,0.0,83,0.8674699068069458,0.0963855385780334,0.7710843682289124,232,232,0.04741379310344827,0.0016188172881884848,-2.7908021661999367
8s0u,445,445.0,445,445,0.0,0.0,0.0,0.0,0.0,0.0,514,257,True,2.6483600109809315,1.4433934493152842,0.0,0.0,0.0,0.0,0.0,55,0.0,0.0,0.0,257,257,0.0,0.0008327151054520129,-3.079503557168345
8s1j,442,445.5,449,442,0.0,0.0,0.0,0.0,0.0689655169844627,0.0,602,300,False,2.645422269349092,1.4068616419892606,-0.0689655169844627,0.0,0.0,0.0,0.0,58,0.0,0.0689655169844627,-0.0689655169844627,302,302,0.006622516556291391,0.0006401766004415011,-3.193700204113876
8s2f,223,223.0,223,223,0.0126582281664013,0.0,0.0,0.0,0.0,0.0,361,180,False,2.3483048630481607,1.2206686104965077,0.0,0.0256203927212311,0.0126582278481012,0.0256410256410256,0.0666666666666666,79,0.0,0.0,0.0,181,181,0.0055248618784530384,0.0024248004910988334,-2.615323988682049
8s2m,1237,1495.5,1237,1754,0.0434782616794109,0.0,0.8478260636329651,1.0,0.0,0.0,260,128,False,3.092369699629121,2.038764714805186,0.8478260636329651,0.0512112864386014,0.0652173913043478,0.0652173913043478,0.0,92,0.8478260636329651,0.0,0.8478260636329651,132,132,0.030303030303030304,0.005445075757575758,-2.263996073508163
8s2p,224,224.5,225,224,0.0169491525739431,0.0,0.0,0.0,0.0,0.0,374,185,False,2.3502480183341627,1.216662154132656,0.0,0.0189061710023964,0.0169491525423728,0.0344827586206896,0.0,59,0.0,0.0,0.0,189,189,0.021164021164021163,0.0016874016874016875,-2.772781520934114
8s4s,120,121.5,120,123,0.0,0.0,0.0,0.0,0.0,0.0,258,128,False,2.0791812460476247,1.0255762612236905,0.0,0.0,0.0,0.0,0.0,37,0.0,0.0,0.0,130,130,0.015384615384615385,0.002223557692307692,-2.6529515978877103
8s5t,45,2187.0,4329,45,0.0263157896697521,0.0,0.0,0.0,0.0,0.0,336,93,False,1.6532125137753435,0.6689710394983761,0.0,0.0042546350054012,0.0157894736842105,0.0,0.0,190,0.0,0.0,0.0,243,243,0.6172839506172839,0.00840745165715297,-2.0753356211994185
8s6q,7166,7173.5,7181,7166,0.2325581312179565,0.4705882370471954,0.8604651093482971,1.0,0.0348837226629257,0.0,404,198,False,3.855276803830092,2.7069442086993263,0.8255813866853714,0.4446065327358501,0.2441860465116279,0.3488372093023256,0.5882352941176471,86,0.8604651093482971,0.0348837226629257,0.8255813866853714,206,206,0.038834951456310676,0.002108463273511817,-2.6760339593871167
8s6r,6980,7051.5,7123,6980,0.1447368413209915,0.4000000357627868,0.8157894611358643,1.0,0.1184210553765297,0.0666666701436042,443,221,False,3.843855422623161,2.671659285780606,0.6973684057593346,0.2845744784929009,0.131578947368421,0.2105263157894736,0.4666666666666667,152,0.8157894611358643,0.1184210553765297,0.6973684057593346,222,222,0.0045045045045045045,0.003098120745179569,-2.508901660190977
8s6s,1379,1379.0,1379,1379,0.0,0.0,0.0,0.0,0.0,0.0,346,173,True,3.13956426617585,2.020541214611452,0.0,0.0,0.0,0.0,0.0,17,0.0,0.0,0.0,173,173,0.0,0.000568010959270273,-3.245643284879317
8s71,1304,1306.5,1304,1309,0.0,0.0,0.0,0.0,0.0,0.0,346,172,False,3.115277591395901,1.997513367942127,0.0,0.0,0.0,0.0,0.0,15,0.0,0.0,0.0,174,174,0.011494252873563218,0.0005012028869286287,-3.2999864361344673
8s86,5265,5289.0,5265,5313,0.0,0.0,0.8524590134620667,1.0,0.1311475336551666,0.3333333432674408,785,392,False,3.721398375521505,2.424755342011277,0.7213114798069,0.0,0.0,0.0,0.0,61,0.8524590134620667,0.1311475336551666,0.7213114798069,393,393,0.002544529262086514,0.00039595991068183,-3.402348782385117
8sbq,3989,3989.0,3989,3989,0.0179948583245277,0.0259740259498357,0.1156812310218811,0.0519480518996715,0.0745501294732093,0.1558441519737243,554,277,True,3.60086403630984,2.379624151777615,0.0411311015486717,0.0046164536254135,0.0128534704370179,0.0,0.0,389,0.1156812310218811,0.0745501294732093,0.041131101548671806,277,277,0.0,0.005069791082902162,-2.2950099368031895
8se5,9164,9286.0,9164,9408,0.0153846153989434,0.0769230797886848,0.3538461625576019,0.1538461595773697,0.0461538471281528,0.0,239,119,False,3.96208508051736,2.9243115998210945,0.3076923154294491,0.0999875951010249,0.0769230769230769,0.125,0.0769230769230769,65,0.3538461625576019,0.0461538471281528,0.3076923154294491,120,120,0.008333333333333333,0.004551820728291317,-2.3418148507973
8se6,8414,8521.0,8414,8628,0.0833333358168602,0.0833333358168602,0.75,0.8333333134651184,0.1000000014901161,0.0,242,121,False,3.925002507680978,2.8836098225227524,0.6499999985098839,0.1714326561287429,0.1166666666666666,0.1666666666666666,0.25,60,0.75,0.1000000014901161,0.6499999985098839,121,121,0.0,0.004098080732190424,-2.3874194902492567
8siu,10,902.5,1795,10,0.1025641039013862,0.0666666701436042,0.9102563858032228,1.0,0.0,0.0,383,18,False,1.0,0.372363747448347,0.9102563858032228,0.0211803337271238,0.0384615384615384,0.0256410256410256,0.0,78,0.9102563858032228,0.0,0.9102563858032228,365,365,0.9506849315068493,0.011872146118721462,-1.9254707668693003
8sm0,16,3434.0,6852,16,0.0,0.0,0.122448980808258,0.0,0.0,0.0,529,129,False,1.2041199826559248,0.1488251275063003,0.122448980808258,0.0,0.0,0.0,0.0,49,0.122448980808258,0.0,0.122448980808258,400,400,0.6775,0.0009496124031007752,-3.022453621598698
8smd,1550,1561.5,1550,1573,0.0733944922685623,0.1162790656089782,0.8761467933654785,1.0,0.2064220160245895,0.604651153087616,247,123,False,3.1903316981702914,2.1453791424505924,0.669724777340889,0.0386143296319293,0.0275229357798165,0.036697247706422,0.0465116279069767,218,0.8761467933654785,0.2064220160245895,0.669724777340889,124,124,0.008064516129032258,0.014293207448203515,-1.8448703029970281
8snz,8618,8757.0,8896,8618,0.0,0.0,0.0,0.0,0.0,0.0,319,152,False,3.935406489752349,2.8444846957799625,0.0,0.0,0.0,0.0,0.0,14,0.0,0.0,0.0,167,167,0.08982035928143713,0.0005515285219035613,-3.2584320234141178
8squ,2550,3262.0,3974,2550,0.0,0.0,0.8449612259864807,1.0,0.0,0.0,841,372,False,3.406540180433955,2.1212687104930064,0.8449612259864807,0.0,0.0,0.0,0.0,129,0.8449612259864807,0.0,0.8449612259864807,469,469,0.2068230277185501,0.0007393906045807827,-3.131126072297732
8srz,14,14.0,14,14,0.0,0.0,0.2777777910232544,0.4285714328289032,0.1111111119389534,0.2857142984867096,176,88,True,1.146128035678238,0.1738866996031536,0.166666679084301,0.1231236590811836,0.0555555555555555,0.1111111111111111,0.2857142857142857,36,0.2777777910232544,0.1111111119389534,0.166666679084301,88,88,0.0,0.0046487603305785125,-2.33266284353305
8ss1,15,15.0,15,15,0.0384615398943424,0.0,0.3076923191547394,1.0,0.3076923191547394,1.0,189,91,False,1.1760912590556811,0.1965705628951344,0.0,0.0,0.0,0.0,0.0,26,0.3076923191547394,0.3076923191547394,0.0,98,98,0.07142857142857142,0.0029154518950437317,-2.5352941200427703
8stb,12155,12191.0,12155,12227,0.0,0.0,0.0,0.0,0.0,0.0,428,213,False,4.084754963179354,2.9205651614599857,0.0,0.0,0.0,0.0,0.0,93,0.0,0.0,0.0,215,215,0.009302325581395349,0.002030789387487717,-2.6923351148004078
8sy2,2967,2999.5,3032,2967,0.0,0.0,0.0,0.0,0.0,0.0,396,198,False,3.472317546316842,2.3239849511860764,0.0,0.0,0.0,0.0,0.0,65,0.0,0.0,0.0,198,198,0.0,0.0016579940822365065,-2.7804170238802066
8sy3,3314,3437.5,3561,3314,0.0,0.0,0.0,0.0,0.0,0.0,409,200,False,3.520352504083318,2.3698375062513275,0.0,0.0,0.0,0.0,0.0,64,0.0,0.0,0.0,209,209,0.0430622009569378,0.0015311004784688996,-2.814996307791148
8syc,11653,11735.0,11653,11817,0.375,0.5,0.949999988079071,1.0,0.0,0.0,710,355,False,4.0664377464539925,2.791323569926445,0.949999988079071,0.6380528827513261,0.45,0.6,1.0,40,0.949999988079071,0.0,0.949999988079071,355,355,0.0,0.00031739734179726245,-3.498396714782226
8t19,2,1060.0,2118,2,0.0270270276814699,0.0,0.2432432472705841,0.1428571492433548,0.4594594538211822,1.0,94,8,False,0.3010299956639812,-0.1505149978319906,-0.2162162065505981,0.0,0.0,0.0,0.0,37,0.2432432472705841,0.4594594538211822,-0.2162162065505981,86,86,0.9069767441860465,0.05377906976744186,-1.2693867141685162
8t65,201,203.5,206,201,0.0847457647323608,0.2727272808551788,0.6101694703102112,1.0,0.3728813529014587,0.9090909361839294,308,153,False,2.303196057420489,1.2108503420116894,0.2372881174087524,0.3319289612790615,0.135593220338983,0.2758620689655172,0.4545454545454545,59,0.6101694703102112,0.3728813529014587,0.2372881174087525,155,155,0.012903225806451613,0.002487876871178579,-2.604171117345746
8t66,204,205.0,206,204,0.0630630627274513,0.2272727340459823,0.1351351290941238,0.0909090936183929,0.0720720738172531,0.1363636404275894,311,155,False,2.3096301674258988,1.214464318340753,0.0630630552768707,0.1562672055443743,0.09009009009009,0.1272727272727272,0.1818181818181818,111,0.1351351290941238,0.0720720738172531,0.06306305527687071,156,156,0.00641025641025641,0.0045905707196029774,-2.338133317738096
8t87,3989,3989.0,3989,3989,0.0175879392772912,0.0253164563328027,0.1130653247237205,0.0379746817052364,0.0728643238544464,0.1645569652318954,554,277,True,3.60086403630984,2.379624151777615,0.0402010008692741,0.0047990416169742,0.0125628140703517,0.0,0.0,398,0.1130653247237205,0.0728643238544464,0.0402010008692741,277,277,0.0,0.0051870870205528545,-2.285076466055209
8t88,3989,3989.0,3989,3989,0.0178571417927742,0.0256410259753465,0.1173469424247741,0.0512820519506931,0.0765306130051612,0.1794871836900711,554,277,True,3.60086403630984,2.379624151777615,0.0408163294196128,0.0046789892829907,0.0127551020408163,0.0,0.0,392,0.1173469424247741,0.0765306130051612,0.0408163294196129,277,277,0.0,0.005108889728785726,-2.2916734711084397
8ta2,12371,12436.5,12502,12371,0.0505050495266914,0.0526315793395042,0.8282828330993652,1.0,0.0505050495266914,0.2105263173580169,926,460,False,4.092404806899008,2.761025891058221,0.7777777835726738,0.0306781226275613,0.0303030303030303,0.0612244897959183,0.0,99,0.8282828330993652,0.0505050495266914,0.7777777835726738,466,466,0.012875536480686695,0.00046183989550289235,-3.3355085537740243
8tfw,3989,3989.0,3989,3989,0.0151898730546236,0.0253164563328027,0.1215189844369888,0.1139240488409996,0.0784810110926628,0.2025316506624221,554,277,True,3.60086403630984,2.379624151777615,0.043037973344326,0.0031311611735014,0.010126582278481,0.0,0.0,395,0.1215189844369888,0.0784810110926628,0.043037973344326005,277,277,0.0,0.00514798837466929,-2.2883624425024367
8tfz,7509,7509.0,7509,7509,0.0,0.0,0.0,0.0,0.0,0.0,354,177,True,3.8755821043278855,2.7515954711469823,0.0,0.0,0.0,0.0,0.0,19,0.0,0.0,0.0,177,177,0.0,0.000606466851798653,-3.2171929317707844
8tgg,3437,3501.0,3565,3437,0.0,0.0,0.0,0.0,0.0,0.0,758,375,False,3.536179532137225,2.2491638982733657,0.0,0.0,0.0,0.0,0.0,38,0.0,0.0,0.0,383,383,0.020887728459530026,0.0002645778938207137,-3.5774464450795316
8tgh,3392,3511.5,3631,3392,0.0,0.0,0.0,0.0,0.0,0.0,767,383,False,3.530455843584676,2.238856456600365,0.0,0.0,0.0,0.0,0.0,37,0.0,0.0,0.0,384,384,0.0026041666666666665,0.0002515774586597041,-3.5993282742691584
8tgi,3362,3451.5,3541,3362,0.0,0.0,0.0,0.0,0.0,0.0,767,382,False,3.526597709103452,2.235566027647598,0.0,0.0,0.0,0.0,0.0,37,0.0,0.0,0.0,385,385,0.007792207792207792,0.00025158087985313116,-3.5993223683532145
8tgj,3367,3461.5,3556,3367,0.0,0.0,0.0,0.0,0.0,0.0,760,380,False,3.5272431163880884,2.237351318079684,0.0,0.0,0.0,0.0,0.0,38,0.0,0.0,0.0,380,380,0.0,0.0002631578947368421,-3.57978359661681
8tgk,3378,3387.5,3378,3397,0.0,0.0,0.0,0.0,0.0,0.0,766,382,False,3.5286596452349897,2.2376279637791354,0.0,0.0,0.0,0.0,0.0,37,0.0,0.0,0.0,384,384,0.005208333333333333,0.00025223603839441533,-3.5981928632122444
8tgl,3368,3465.0,3562,3368,0.0,0.0,0.0,0.0,0.0,0.0,760,379,False,3.527372082827612,2.2380524778435755,0.0,0.0,0.0,0.0,0.0,36,0.0,0.0,0.0,381,381,0.005249343832020997,0.00024930920574242204,-3.6032616848764043
8tgm,3361,3361.0,3361,3361,0.0,0.0,0.0,0.0,0.0,0.0,768,384,True,3.526468512469477,2.234302900285712,0.0,0.0,0.0,0.0,0.0,35,0.0,0.0,0.0,384,384,0.0,0.00023735894097222222,-3.624594404384786
8tgn,3344,3446.5,3549,3344,0.0,0.0,0.0,0.0,0.0,0.0,761,377,False,3.524266268766979,2.236095593664082,0.0,0.0,0.0,0.0,0.0,40,0.0,0.0,0.0,384,384,0.018229166666666668,0.00027630415561450045,-3.5586125832453614
8tj3,12717,14103.0,15489,12717,0.0070422533899545,0.0,0.5985915660858154,0.7857142686843872,0.1056338027119636,0.2142857164144516,833,341,False,4.104384671287884,2.8380074817916348,0.4929577633738518,0.0,0.0,0.0,0.0,142,0.5985915660858154,0.1056338027119636,0.49295776337385183,492,492,0.30691056910569103,0.0008463867629878645,-3.0724311373768014
8tji,11568,11768.5,11969,11568,0.3728070259094238,0.6666666865348816,0.890350878238678,1.0,0.1359649151563644,0.1111111119389534,631,307,False,4.063258279950456,2.8196890922118625,0.7543859630823135,0.6209725317399054,0.4649122807017544,0.5526315789473685,0.7555555555555555,228,0.890350878238678,0.1359649151563644,0.7543859630823135,324,324,0.05246913580246913,0.002292194474604898,-2.639748538683345
8tjk,11728,11907.0,11728,12086,0.3739130198955536,0.6739130616188049,0.8782608509063721,1.0,0.104347825050354,0.0217391308397054,629,308,False,4.069223957297052,2.8249485990468304,0.7739130258560181,0.591011368129703,0.4304347826086956,0.5565217391304348,0.6739130434782609,230,0.8782608509063721,0.104347825050354,0.7739130258560181,321,321,0.040498442367601244,0.0023263341020350365,-2.6333279128877236
8tk9,482,2080.0,3678,482,0.1639344096183776,0.3333333432674408,0.0655737668275833,0.0,0.0,0.0,260,56,False,2.6830470382388496,1.8089530247357493,0.0655737668275833,0.2312596730551469,0.1475409836065573,0.2,0.25,61,0.0655737668275833,0.0,0.0655737668275833,204,204,0.7254901960784313,0.005339635854341737,-2.2724883594213323
8tka,12,12.0,12,12,0.0,0.0,0.0,0.0,0.0,0.0,664,332,False,1.0791812460476249,-0.1813877958043933,0.0,0.0,0.0,0.0,0.0,45,0.0,0.0,0.0,332,332,0.0,0.0004082595442009,-3.389063653632729
8tl8,69,69.0,69,69,0.0,0.0,0.8913043737411499,1.0,0.0,0.0,669,334,False,1.8388490907372552,0.576975857331473,0.8913043737411499,0.0,0.0,0.0,0.0,46,0.8913043737411499,0.0,0.8913043737411499,335,335,0.0029850746268656717,0.0004111180623826973,-3.3860334421668354
8tlh,5265,5265.0,5265,5265,0.0,0.0,0.0,0.0,0.0,0.0,208,104,True,3.721398375521505,2.7128817058721157,0.0,0.0,0.0,0.0,0.0,9,0.0,0.0,0.0,104,104,0.0,0.0008321005917159764,-3.0798241691582358
8tlj,5265,5265.0,5265,5265,0.0,0.0,0.0,0.0,0.0,0.0,208,104,True,3.721398375521505,2.7128817058721157,0.0,0.0,0.0,0.0,0.0,9,0.0,0.0,0.0,104,104,0.0,0.0008321005917159764,-3.0798241691582358
8tlk,5364,5384.5,5364,5405,0.0,0.0,0.0,0.0,0.0,0.0,206,101,False,3.729488769179561,2.72732808228824,0.0,0.0,0.0,0.0,0.0,7,0.0,0.0,0.0,105,105,0.0380952380952381,0.0006600660066006601,-3.180412632838324
8tm0,3049,7163.5,11278,3049,0.0,0.0,0.2419354766607284,0.0,0.0806451588869094,0.0,416,163,False,3.484157424365381,2.3780636221634017,0.1612903177738189,0.0,0.0,0.0,0.0,62,0.2419354766607284,0.0806451588869094,0.161290317773819,253,253,0.3557312252964427,0.0015034312180217755,-2.8229164360815218
8tm2,2467,6872.5,11278,2467,0.0,0.0,0.3064516186714172,0.0833333358168602,0.0483870953321456,0.0,418,165,False,3.392169149489736,2.283427177382783,0.2580645233392715,0.0,0.0,0.0,0.0,62,0.3064516186714172,0.0483870953321456,0.2580645233392716,253,253,0.34782608695652173,0.0014852078093184813,-2.8282127758914704
8tn8,6,6.0,6,6,0.0,0.0,0.0,0.0,0.0,0.0,505,252,False,0.7781512503836436,-0.4225490200071284,0.0,0.0,0.0,0.0,0.0,125,0.0,0.0,0.0,253,253,0.003952569169960474,0.001960599786686743,-2.7076110489493055
8tpk,2618,2639.0,2660,2618,0.0245398767292499,0.0153846153989434,0.7269938588142395,1.0,0.2453987747430801,0.6461538672447205,645,319,False,3.417969642214737,2.1660743006861463,0.4815950840711593,0.0226430688602446,0.0153374233128834,0.0184049079754601,0.0153846153846153,326,0.7269938588142395,0.2453987747430801,0.48159508407115936,326,326,0.02147239263803681,0.003134796238244514,-2.503790683057181
8twq,102,107.0,112,102,0.0078740157186985,0.0,0.8897637724876404,1.0,0.1496063023805618,0.1599999964237213,540,268,False,2.008600171761917,0.7945327747475232,0.7401574701070786,0.0932561014329838,0.0472440944881889,0.0634920634920634,0.16,127,0.8897637724876404,0.1496063023805618,0.7401574701070786,272,272,0.014705882352941176,0.001742208077260755,-2.758899977107031
8twt,940,954.5,969,940,0.072289153933525,0.125,0.9277108311653136,1.0,0.0361445769667625,0.0,472,233,False,2.9731278535996988,1.7894498930866891,0.8915662541985512,0.1460410427777281,0.0963855421686747,0.1219512195121951,0.1875,83,0.9277108311653136,0.0361445769667625,0.8915662541985511,239,239,0.02510460251046025,0.0014904735396052938,-2.8266757295980827
8tww,845,848.5,845,852,0.0289855077862739,0.0,0.91304349899292,1.0,0.0,0.0,468,230,False,2.926856708949692,1.745992790940896,0.91304349899292,0.0180643477554088,0.0289855072463768,0.0294117647058823,0.0,69,0.91304349899292,0.0,0.91304349899292,238,238,0.03361344537815126,0.0012605042016806723,-2.8994557023368497
8txl,1926,1938.5,1951,1926,0.2352941334247589,0.4000000059604645,0.7745097875595093,1.0,0.294117659330368,0.4000000059604645,551,275,False,3.284656282788516,2.0649899358733843,0.4803921282291412,0.4145564498839522,0.2745098039215686,0.4117647058823529,0.35,102,0.7745097875595093,0.294117659330368,0.4803921282291413,276,276,0.0036231884057971015,0.0013438735177865612,-2.8716416041335626
8tyx,418,807.5,418,1197,0.0769230797886848,0.1304347813129425,0.9059829115867616,1.0,0.0170940179377794,0.0869565233588218,244,82,False,2.621176281775035,1.664269355583177,0.888888893648982,0.2148908328531282,0.1196581196581196,0.2068965517241379,0.217391304347826,117,0.9059829115867616,0.0170940179377794,0.8888888936489822,162,162,0.49382716049382713,0.008807588075880758,-2.055143005180186
8tyy,418,807.5,418,1197,0.0826446264982223,0.125,0.9173553586006165,1.0,0.0247933883219957,0.0833333358168602,244,82,False,2.621176281775035,1.664269355583177,0.8925619702786207,0.2296270030676327,0.1322314049586777,0.25,0.25,121,0.9173553586006165,0.0247933883219957,0.8925619702786207,162,162,0.49382716049382713,0.009108702198133093,-2.0405434966098976
8u0g,207,209.0,207,211,0.0086956517770886,0.0,0.7739130258560181,1.0,0.0,0.0,445,219,False,2.315970345456918,1.1457482880368586,0.7739130258560181,0.0230332484553787,0.017391304347826,0.0260869565217391,0.0217391304347826,230,0.7739130258560181,0.0,0.7739130258560181,226,226,0.030973451327433628,0.004647027922576474,-2.332824717969926
8u1a,2,2.0,2,2,0.0,0.0,0.0,0.0,0.0,0.0,647,323,False,0.3010299956639812,-0.9535712655015702,0.0,0.0,0.0,0.0,0.0,22,0.0,0.0,0.0,324,324,0.0030864197530864196,0.00021022054045789857,-3.677324851715509
8u48,1983,1983.0,1983,1983,0.0,0.0,0.0,0.0,0.0,0.0,522,261,True,3.2973227142053028,2.0890024605361623,0.0,0.0,0.0,0.0,0.0,28,0.0,0.0,0.0,261,261,0.0,0.0004110333083777396,-3.3861229833343427
8u7b,2200,2404.5,2200,2609,0.0,0.0,0.8823529481887817,1.0,0.0,0.0,931,424,False,3.342422680822206,2.02873975252584,0.8823529481887817,0.0,0.0,0.0,0.0,187,0.8823529481887817,0.0,0.8823529481887817,507,507,0.16370808678500987,0.000869896914889658,-3.0605322093895695
8u8l,102,102.5,103,102,0.0,0.0,0.0,0.0,0.0,0.0,244,121,False,2.008600171761917,0.9672074866036926,0.0,0.0,0.0,0.0,0.0,7,0.0,0.0,0.0,123,123,0.016260162601626018,0.00047033528186521536,-3.327592441741591
8u99,12176,12176.0,12176,12176,0.0,0.0,0.0,0.0,0.0,0.0,782,391,True,4.085504639426498,2.789416260728564,0.0,0.0,0.0,0.0,0.0,96,0.0,0.0,0.0,391,391,0.0,0.0006279393776859126,-3.202082281752165
8uen,450,456.5,463,450,0.0,0.0,0.0,0.0,0.0,0.0,669,334,False,2.6532125137753435,1.3913392803695614,0.0,0.0,0.0,0.0,0.0,28,0.0,0.0,0.0,335,335,0.0029850746268656717,0.00025024577710251137,-3.6016332425061908
8ufn,13,13.0,13,13,0.0,0.0,0.4982332289218902,1.0,0.007067137863487,0.0,536,267,False,1.1139433523068367,-0.0993122783754508,0.4911660910584032,0.0044049588287328,0.0035335689045936,0.0070921985815602,0.0,283,0.4982332289218902,0.007067137863487,0.4911660910584032,269,269,0.007434944237918215,0.003940241983765646,-2.404477105842693
8ufo,13,16.5,13,20,0.0101694911718368,0.0169491525739431,0.5186440944671631,0.9661017060279846,0.0440677963197231,0.0847457647323608,540,269,False,1.1139433523068367,-0.1009327876943673,0.4745762981474399,0.0260731691238485,0.0135593220338983,0.0068027210884353,0.0169491525423728,295,0.5186440944671631,0.0440677963197231,0.47457629814743996,271,271,0.007380073800738007,0.004046694742040357,-2.3928995548986505
8ugm,3989,3989.0,3989,3989,0.0178571417927742,0.0256410259753465,0.1071428582072258,0.0256410259753465,0.0688775479793548,0.1410256475210189,554,277,True,3.60086403630984,2.379624151777615,0.0382653102278709,0.0046789892829907,0.0127551020408163,0.0,0.0,392,0.1071428582072258,0.0688775479793548,0.038265310227871,277,277,0.0,0.005108889728785726,-2.2916734711084397
8uix,3751,3870.0,3751,3989,0.0227848105132579,0.0253164563328027,0.0607594922184944,0.1139240488409996,0.1291139274835586,0.1898734122514724,556,277,False,3.574147064150723,2.3529071796184984,-0.0683544352650642,0.0029492174959588,0.010126582278481,0.0,0.0,395,0.0607594922184944,0.1291139274835586,-0.0683544352650642,279,279,0.007168458781362007,0.005111085232198543,-2.291486876711586
8ul9,4244,4244.0,4244,4244,0.0,0.0,0.8815789222717285,1.0,0.0,0.0,774,387,True,3.627775375229303,2.3339198927198472,0.8815789222717285,0.0,0.0,0.0,0.0,76,0.8815789222717285,0.0,0.8815789222717285,387,387,0.0,0.0005074481367973346,-3.2946083377570314
8un2,2812,2812.0,2812,2812,0.0,0.0,0.8148148059844971,1.0,0.0123456791043281,0.0625,866,433,True,3.4490153163477864,2.130771368171104,0.8024691268801689,0.0,0.0,0.0,0.0,162,0.8148148059844971,0.0123456791043281,0.8024691268801689,433,433,0.0,0.0008640506909738705,-3.0634607781641
8upz,10166,10542.0,10918,10166,0.03125,0.0,0.296875,0.9166666865348816,0.0,0.0,784,391,False,4.0071501053666845,2.711061726668752,0.296875,0.1007551293402011,0.046875,0.09375,0.0833333333333333,64,0.296875,0.0,0.296875,393,393,0.005089058524173028,0.00041649583829549077,-3.3803893337874062
8uq0,10326,10622.0,10918,10326,0.0317460335791111,0.0,0.30158731341362,0.6666666865348816,0.0,0.0,786,393,False,4.013932120711204,2.7167358455234907,0.30158731341362,0.1016103694884583,0.0476190476190476,0.0967741935483871,0.0833333333333333,63,0.30158731341362,0.0,0.30158731341362,393,393,0.0,0.000407901637433716,-3.3894445512972715
8uq1,10166,10542.0,10918,10166,0.03125,0.0,0.296875,0.9166666865348816,0.0,0.0,784,391,False,4.0071501053666845,2.711061726668752,0.296875,0.1007551293402011,0.046875,0.09375,0.0833333333333333,64,0.296875,0.0,0.296875,393,393,0.005089058524173028,0.00041649583829549077,-3.3803893337874062
8urp,4244,4244.0,4244,4244,0.0,0.0,0.8676470518112183,1.0,0.0,0.0,774,387,True,3.627775375229303,2.3339198927198472,0.8676470518112183,0.0,0.0,0.0,0.0,68,0.8676470518112183,0.0,0.8676470518112183,387,387,0.0,0.0004540325434502467,-3.3429130173315866
8urt,4244,4244.0,4244,4244,0.0,0.0,0.8529411554336548,1.0,0.0,0.0,774,387,True,3.627775375229303,2.3339198927198472,0.8529411554336548,0.0,0.0,0.0,0.0,68,0.8529411554336548,0.0,0.8529411554336548,387,387,0.0,0.0004540325434502467,-3.3429130173315866
8utk,2,2.0,2,2,0.1891891956329345,0.4285714626312256,0.2702702581882477,0.4285714328289032,0.2702702581882477,0.4285714328289032,110,55,True,0.3010299956639812,-0.5691513490831407,0.0,0.138272693417318,0.1081081081081081,0.1111111111111111,0.1428571428571428,37,0.2702702581882477,0.2702702581882477,0.0,55,55,0.0,0.012231404958677685,-1.9125236549214928
8uvw,11815,12157.0,11815,12499,0.0531914867460727,0.0555555559694767,0.563829779624939,1.0,0.010638297535479,0.0,510,244,False,4.072433725968388,2.878738812799023,0.5531914820894599,0.0481342071853294,0.0531914893617021,0.0425531914893617,0.0555555555555555,94,0.563829779624939,0.010638297535479,0.55319148208946,266,266,0.08270676691729323,0.0014482928633058054,-2.839143609370098
8uwm,3989,3989.0,3989,3989,0.032019704580307,0.0493827164173126,0.1576354652643203,0.0740740746259689,0.064039409160614,0.1604938209056854,554,277,True,3.60086403630984,2.379624151777615,0.0935960561037063,0.0053415681586801,0.0123152709359605,0.0,0.0,406,0.1576354652643203,0.064039409160614,0.09359605610370629,277,277,0.0,0.00529135007624236,-2.276433504551703
8uyf,1943,1962.5,1943,1982,0.0087719298899173,0.0454545468091964,0.0,0.0,0.0,0.0,799,399,False,3.2884728005997825,1.9879863527564083,0.0,0.022806460729571,0.0087719298245614,0.0175438596491228,0.0454545454545454,114,0.0,0.0,0.0,400,400,0.0025,0.0007142857142857143,-3.146128035678238
8uyh,1712,1770.0,1828,1712,0.0090909088030457,0.0454545468091964,0.0,0.0,0.0,0.0,743,369,False,3.2335037603411343,1.949990577261604,0.0,0.0244488859580621,0.009090909090909,0.0181818181818181,0.0454545454545454,110,0.0,0.0,0.0,374,374,0.013368983957219251,0.0007970667941973537,-3.0985052832013156
8uyi,1704,1766.5,1829,1704,0.0116279069334268,0.0588235296308994,0.0,0.0,0.0,0.0,734,367,False,3.2314695904306814,1.9491365583046367,0.0,0.0284245174951963,0.0116279069767441,0.0232558139534883,0.0588235294117647,86,0.0,0.0,0.0,367,367,0.0,0.0006385079702128608,-3.194833677260611
8uyr,9456,9477.5,9499,9456,0.1474359035491943,0.3225806355476379,0.6987179517745972,1.0,0.0192307699471712,0.0,845,422,False,3.97570746353718,2.663051238056344,0.679487181827426,0.4014024940753004,0.2884615384615384,0.4102564102564102,0.5161290322580645,156,0.6987179517745972,0.0192307699471712,0.679487181827426,423,423,0.002364066193853428,0.0008739202043628785,-3.0585282199822545
8v08,4408,4472.5,4408,4537,0.0,0.0,0.9275362491607666,1.0,0.0724637657403945,0.0769230797886848,783,391,False,3.6442415858437287,2.348153207145795,0.855072483420372,0.0,0.0,0.0,0.0,69,0.9275362491607666,0.0724637657403945,0.8550724834203721,392,392,0.002551020408163265,0.0004501800720288115,-3.3466137336790687
8v14,12188,12188.0,12188,12188,0.0,0.0,0.7341772317886353,1.0,0.0126582281664013,0.0,334,167,True,4.085932445550636,2.9745742099768444,0.7215190036222339,0.0,0.0,0.0,0.0,79,0.7341772317886353,0.0126582281664013,0.721519003622234,167,167,0.0,0.0028326580372189753,-2.5478058510047252
8v2y,8273,8584.5,8896,8273,0.0,0.0,0.0,0.0,0.0,0.0,318,151,False,3.917663024327375,2.82817455068079,0.0,0.0,0.0,0.0,0.0,13,0.0,0.0,0.0,167,167,0.09580838323353294,0.0005155252409089106,-3.287750066133916
8v35,13468,13535.5,13468,13603,0.0259740259498357,0.0163934417068958,0.7402597665786743,0.9508196711540222,0.0,0.0,830,399,False,4.129303107716051,2.8288166598726767,0.7402597665786743,0.0310417450151385,0.0292207792207792,0.0389610389610389,0.0327868852459016,308,0.7402597665786743,0.0,0.7402597665786743,431,431,0.07424593967517401,0.0017910204746204258,-2.7468994493470356
8v36,13057,13280.0,13503,13057,0.0128205129876732,0.0161290317773818,0.7211538553237915,0.9032257795333862,0.0032051282469183,0.0,830,402,False,4.115843404112816,2.813730377570581,0.7179487270768732,0.0377739085124129,0.032051282051282,0.0448717948717948,0.0483870967741935,312,0.7211538553237915,0.0032051282469183,0.7179487270768732,428,428,0.06074766355140187,0.001813363091086623,-2.7415152280791992
8v37,12850,13021.5,13193,12850,0.0128205129876732,0.0161290317773818,0.7211538553237915,0.9193548560142516,0.0,0.0,833,405,False,4.108903127667313,2.8051756160599792,0.7211538553237915,0.0305525803508047,0.0224358974358974,0.032051282051282,0.0483870967741935,312,0.7211538553237915,0.0,0.7211538553237915,428,428,0.053738317757009345,0.0017999307718933888,-2.7447441982093976
8v4g,2551,2759.5,2968,2551,0.3670886158943176,0.6000000238418579,0.8734177350997925,1.0,0.1265822798013687,0.0,650,320,False,3.40671045860979,2.154135469449837,0.7468354552984238,0.2947766875909152,0.2151898734177215,0.282051282051282,0.3333333333333333,79,0.8734177350997925,0.1265822798013687,0.7468354552984238,330,330,0.030303030303030304,0.0007481060606060607,-3.126036826907352
8v4h,2360,2373.5,2360,2387,0.2857142984867096,0.5625,0.8690476417541504,1.0,0.0238095242530107,0.0,676,334,False,3.3729120029701067,2.1110387695643245,0.8452381175011396,0.2713478582255071,0.2023809523809523,0.2857142857142857,0.3125,84,0.8690476417541504,0.0238095242530107,0.8452381175011396,342,342,0.023391812865497075,0.0007353713625380818,-3.133493286805818
8v53,13260,13415.5,13571,13260,0.0259365979582071,0.0289855077862739,0.8097983002662659,0.9710144996643066,0.0086455335840582,0.0,453,226,False,4.122543524068754,2.945489304495054,0.8011527666822076,0.0039365203609647,0.0057636887608069,0.0057803468208092,0.0,347,0.8097983002662659,0.0086455335840582,0.8011527666822077,227,227,0.004405286343612335,0.006763868855015399,-2.1698048215496497
8v6q,1219,1248.0,1219,1277,0.1632653027772903,0.1111111119389534,0.6734693646430969,1.0,0.0816326513886451,0.1111111119389534,421,207,False,3.0860037056183818,1.928018532889923,0.5918367132544518,0.3489491788860835,0.2653061224489796,0.375,0.4444444444444444,49,0.6734693646430969,0.0816326513886451,0.5918367132544519,214,214,0.03271028037383177,0.0011061447469411711,-2.956188038777595
8v6r,1217,1241.0,1217,1265,0.1538461595773697,0.1000000014901161,0.7115384340286255,1.0,0.0192307699471712,0.0,423,208,False,3.085290578230065,1.9262589107486845,0.6923076640814543,0.343448879271777,0.25,0.3461538461538461,0.4,52,0.7115384340286255,0.0192307699471712,0.6923076640814543,215,215,0.03255813953488372,0.0011627906976744186,-2.934498451243568
8v6s,972,978.5,972,985,0.1199999973177909,0.1000000014901161,0.6600000262260437,1.0,0.1400000005960464,0.1000000014901161,422,209,False,2.987666264926274,1.8275931218707475,0.5200000256299973,0.2375425970722979,0.14,0.28,0.3,50,0.6600000262260437,0.1400000005960464,0.5200000256299973,213,213,0.018779342723004695,0.0011231664308017162,-2.949555885213773
8va9,5089,5111.5,5134,5089,0.0,0.0,0.0,0.0,0.0,0.0,427,213,False,3.706632450873295,2.5424426491539256,0.0,0.0,0.0,0.0,0.0,34,0.0,0.0,0.0,214,214,0.004672897196261682,0.0007459084726427098,-3.1273144597456737
8vag,5045,5067.0,5045,5089,0.0,0.0,0.0,0.0,0.0,0.0,428,214,False,3.7028611705729295,2.537654283898334,0.0,0.0,0.0,0.0,0.0,32,0.0,0.0,0.0,214,214,0.0,0.0006987509826185693,-3.1556775683784757
8vai,5045,5089.5,5045,5134,0.0,0.0,0.0,0.0,0.0,0.0,428,213,False,3.7028611705729295,2.5386713688535605,0.0,0.0,0.0,0.0,0.0,35,0.0,0.0,0.0,215,215,0.009302325581395349,0.0007642755759362375,-3.1167500190040673
8vf5,13260,13415.5,13571,13260,0.0253521110862493,0.0281690135598182,0.8422535061836243,1.0,0.0,0.0,453,226,False,4.122543524068754,2.945489304495054,0.8422535061836243,0.0069090447266329,0.0084507042253521,0.0112994350282485,0.0,355,0.8422535061836243,0.0,0.8422535061836243,227,227,0.004405286343612335,0.006919808194612295,-2.1599059432854295
8vgt,181,11481.0,181,22781,0.0,0.0,0.0,0.0,0.0,0.0,629,280,False,2.257678574869185,1.0340995591980748,0.0,0.0,0.0,0.0,0.0,40,0.0,0.0,0.0,349,349,0.1977077363896848,0.00040933278755628325,-3.3879234669734366
8vsq,732,732.0,732,732,0.1529411822557449,0.2352941185235977,0.8352941274642944,1.0,0.1411764770746231,0.1176470592617988,392,196,True,2.864511081058392,1.718383045380154,0.6941176503896713,0.1931229702282035,0.1764705882352941,0.1904761904761904,0.2352941176470588,85,0.8352941274642944,0.1411764770746231,0.6941176503896713,196,196,0.0,0.002212619741774261,-2.6550932169986594
8vva,330,332.5,335,330,0.0,0.0,0.0,0.0,0.0,0.0,150,74,False,2.5185139398778875,1.5838980800123994,0.0,0.0,0.0,0.0,0.0,40,0.0,0.0,0.0,76,76,0.02631578947368421,0.007112375533428165,-2.147985320683805
8vz6,6282,6282.0,6282,6282,0.0081967208534479,0.0416666679084301,0.8770492076873779,1.0,0.0327868834137916,0.0,594,297,True,3.798097932062486,2.56171970740388,0.8442623242735863,0.0536291551611002,0.0163934426229508,0.0327868852459016,0.0416666666666666,122,0.8770492076873779,0.0327868834137916,0.8442623242735863,297,297,0.0,0.0013830788241562652,-2.8591530679596766
8w0k,10416,10507.5,10416,10599,0.0,0.0,0.0,0.0,0.0,0.0,763,380,False,4.017700971224117,2.727809172915712,0.0,0.1339907358436893,0.0833333333333333,0.1666666666666666,0.1428571428571428,36,0.0,0.0,0.0,383,383,0.007832898172323759,0.0002473546791260135,-3.6066798698181457
8w0r,3041,3041.0,3041,3041,0.0531914867460727,0.1666666716337204,0.9680851101875304,1.0,0.1382978707551956,0.1666666716337204,426,213,True,3.483016420144132,2.3188266184247635,0.8297872394323349,0.1254996889080589,0.0957446808510638,0.1489361702127659,0.1666666666666666,94,0.9680851101875304,0.1382978707551956,0.8297872394323348,213,213,0.0,0.0020718993145099076,-2.683631353277777
8w0s,3041,3041.0,3041,3041,0.0599999986588954,0.2000000029802322,0.9800000190734864,1.0,0.1500000059604644,0.1500000059604644,426,213,True,3.483016420144132,2.3188266184247635,0.8300000131130219,0.1765095283715119,0.12,0.16,0.2,100,0.9800000190734864,0.1500000059604644,0.8300000131130221,213,213,0.0,0.0022041482069254338,-2.6567592068774752
8w14,9597,9653.0,9597,9709,0.0,0.0,0.0,0.0,0.0,0.0,305,147,False,3.9821354948037695,2.8984768274296813,0.0,0.0,0.0,0.0,0.0,75,0.0,0.0,0.0,158,158,0.06962025316455696,0.0032291397571686904,-2.4909131583108985
8w1q,146,154.5,163,146,0.095238097012043,0.380952388048172,0.92380952835083,1.0,0.0,0.0,649,324,False,2.164352855784437,0.909080350681131,0.92380952835083,0.3007417964431575,0.1523809523809524,0.2692307692307692,0.4761904761904761,105,0.92380952835083,0.0,0.92380952835083,325,325,0.003076923076923077,0.0009971509971509972,-3.0012390721155486
8w2t,9567,9567.0,9567,9567,0.0,0.0,0.0,0.0,0.0,0.0,568,284,True,3.9807757739626215,2.754116603939103,0.0,0.0,0.0,0.0,0.0,37,0.0,0.0,0.0,284,284,0.0,0.0004587383455663559,-3.3384349560270805
8w33,658,659.0,658,660,0.0775862038135528,0.1739130467176437,0.0603448264300823,0.0,0.1120689660310745,0.260869562625885,288,140,False,2.818225893613956,1.7451618757748364,-0.0517241396009922,0.0029749131719676,0.0086206896551724,0.0,0.0,116,0.0603448264300823,0.1120689660310745,-0.051724139600992196,148,148,0.05405405405405406,0.005598455598455598,-2.251931761846277
8w3u,8673,8816.0,8673,8959,0.1125000044703483,0.0625,0.925000011920929,1.0,0.0,0.0,620,309,False,3.93816934639032,2.693190106677903,0.925000011920929,0.1961089300970166,0.1375,0.175,0.3125,80,0.925000011920929,0.0,0.925000011920929,311,311,0.006430868167202572,0.0008324748436508184,-3.079628881459729
8w6p,6445,6455.5,6466,6445,0.0,0.0,0.0,0.0,0.0,0.0,825,412,False,3.809222921689422,2.5017743136728545,0.0,0.0,0.0,0.0,0.0,38,0.0,0.0,0.0,413,413,0.002421307506053269,0.000223324478713651,-3.6510636710727256
8w9n,2388,2388.0,2388,2388,0.0,0.0,0.4436090290546417,0.9615384340286256,0.0,0.0,854,427,True,3.3780343224573315,2.0628203849448195,0.4436090290546417,0.0,0.0,0.0,0.0,133,0.4436090290546417,0.0,0.4436090290546417,427,427,0.0,0.0007294506085153761,-3.137004109082962
8w9o,2388,2388.0,2388,2388,0.0,0.0,0.4330708682537079,0.959999978542328,0.0,0.0,854,427,True,3.3780343224573315,2.0628203849448195,0.4330708682537079,0.0,0.0,0.0,0.0,127,0.4330708682537079,0.0,0.4330708682537079,427,427,0.0,0.0006965430622665621,-3.157052029094091
8wab,4437,4558.0,4437,4679,0.0681818202137947,0.0588235296308994,0.1818181872367859,0.1764705926179886,0.159090906381607,0.1176470592617988,354,176,False,3.647089428716555,2.52433309480948,0.0227272808551788,0.0369566106036501,0.0568181818181818,0.0454545454545454,0.0,88,0.1818181872367859,0.159090906381607,0.02272728085517889,178,178,0.011235955056179775,0.0028089887640449437,-2.5514499979728753
8wag,1717,1719.5,1717,1722,0.0288461558520793,0.050000000745058,0.1057692319154739,0.2000000029802322,0.0576923079788684,0.2000000029802322,468,233,False,3.2347702951609163,2.051092334647907,0.0480769239366054,0.0282987809466671,0.0096153846153846,0.0192307692307692,0.05,104,0.1057692319154739,0.0576923079788684,0.048076923936605495,235,235,0.00851063829787234,0.0018993699205552004,-2.721390443998975
8wai,2612,2612.0,2612,2612,0.0324324332177639,0.0270270276814699,0.8486486673355103,1.0,0.0054054055362939,0.0,554,277,True,3.4169731726030363,2.1957332880708123,0.8432432617992163,0.0,0.0,0.0,0.0,185,0.8486486673355103,0.0054054055362939,0.8432432617992164,277,277,0.0,0.002411083162819794,-2.6177878097258835
8wc0,4557,4584.5,4612,4557,0.0476190485060215,0.0,0.095238097012043,0.0,0.0,0.0,955,477,False,3.6586790285824486,2.319419839062392,0.095238097012043,0.0106619500023789,0.0238095238095238,0.0,0.0,84,0.095238097012043,0.0,0.095238097012043,478,478,0.0020920502092050207,0.00036841135759585274,-3.433666989590351
8wcm,84,84.0,84,84,0.0238095242530107,0.0,0.0,0.0,0.0357142873108387,0.0,486,243,True,1.9242792860618816,0.7314761492627255,-0.0357142873108387,0.0,0.0,0.0,0.0,84,0.0,0.0357142873108387,-0.0357142873108387,243,243,0.0,0.0014225473759081442,-2.8469332611347427
8wct,1205,1205.0,1205,1205,0.0,0.0,0.6136363744735718,0.8823529481887817,0.0340909101068973,0.0,428,214,True,3.080987046910887,1.915780160236292,0.5795454643666744,0.0473739062452691,0.0227272727272727,0.0454545454545454,0.0588235294117647,88,0.6136363744735718,0.0340909101068973,0.5795454643666744,214,214,0.0,0.0019215652022010656,-2.716344874548213
8wex,6004,6191.5,6379,6004,0.0107526881620287,0.0,0.8494623899459839,1.0,0.0,0.0,768,380,False,3.7784406835712327,2.488548885262828,0.8494623899459839,0.0101142222627131,0.010752688172043,0.0217391304347826,0.0,93,0.8494623899459839,0.0,0.8494623899459839,388,388,0.020618556701030927,0.0006307650569723277,-3.200132373657082
8whk,1825,2055.5,2286,1825,0.0399999991059303,0.0,0.7200000286102295,1.0,0.6399999856948853,1.0,275,50,False,3.2612628687924934,2.411777866624484,0.0800000429153442,0.0,0.0,0.0,0.0,25,0.7200000286102295,0.6399999856948853,0.08000004291534424,225,225,0.7777777777777778,0.0022222222222222222,-2.6532125137753435
8wjb,54,54.0,54,54,0.0,0.0,0.0,0.0,0.0,0.0,840,419,False,1.7323937598229686,0.4212867483398208,0.0,0.0,0.0,0.0,0.0,24,0.0,0.0,0.0,421,421,0.004750593824228029,0.00013605519305664998,-3.8662848770903575
8woj,89,89.0,89,89,0.0,0.0,0.0,0.0,0.0,0.0,145,72,False,1.9493900066449128,1.0207237584292783,0.0,0.0,0.0,0.0,0.0,17,0.0,0.0,0.0,73,73,0.0136986301369863,0.0032343987823439876,-2.4902064351734503
8wqp,2706,2706.0,2706,2706,0.0,0.0,0.0,0.0,0.0,0.0,466,233,True,3.432327792261604,2.248649831748595,0.0,0.0,0.0,0.0,0.0,46,0.0,0.0,0.0,233,233,0.0,0.0008473171360680801,-3.071954010370464
8wqq,3280,3280.0,3280,3280,0.0,0.0,0.875,1.0,0.0454545468091964,0.0,486,243,True,3.515873843711679,2.323070706912523,0.8295454531908035,0.0,0.0,0.0,0.0,88,0.875,0.0454545468091964,0.8295454531908036,243,243,0.0,0.0014902877271418652,-2.8267298750464556
8wt4,248,5470.5,248,10693,0.0674157291650772,0.1764705926179886,0.8539325594902039,1.0,0.0,0.0,289,134,False,2.3944516808262164,1.3308992816438123,0.8539325594902039,0.0638242865008369,0.0561797752808988,0.0681818181818181,0.1176470588235294,89,0.8539325594902039,0.0,0.8539325594902039,155,155,0.13548387096774195,0.0042850264805007225,-2.3680464898901863
8wxd,6731,6731.0,6731,6731,0.0,0.0,0.0,0.0,0.0,0.0,838,419,True,3.828079590556746,2.5169725790735984,0.0,0.0,0.0,0.0,0.0,88,0.0,0.0,0.0,419,419,0.0,0.0005012502776812617,-3.299945373782422
8wxs,2548,2571.5,2548,2595,0.0,0.0,0.375,0.625,0.1500000059604644,0.0,151,75,False,3.406199423663313,2.468668791967463,0.2249999940395355,0.0012660256410256,0.025,0.0,0.0,40,0.375,0.1500000059604644,0.2249999940395356,76,76,0.013157894736842105,0.007017543859649123,-2.153814864344529
8x1k,2612,2612.0,2612,2612,0.0320855602622032,0.0270270276814699,0.8502673506736755,1.0,0.0053475936874747,0.0,554,277,True,3.4169731726030363,2.1957332880708123,0.8449197569862008,0.0,0.0,0.0,0.0,187,0.8502673506736755,0.0053475936874747,0.8449197569862008,277,277,0.0,0.0024371489267421705,-2.6131179315923982
8x39,3588,3884.5,3588,4181,0.0,0.0,0.0465116277337074,0.0,0.0,0.0,277,138,False,3.5548524343720542,2.484912891171436,0.0465116277337074,0.0,0.0,0.0,0.0,43,0.0465116277337074,0.0,0.0465116277337074,139,139,0.007194244604316547,0.0022416849129392137,-2.6494254310757452
8x4n,82,82.5,83,82,0.0,0.0,0.0,0.0,0.0,0.0,218,99,False,1.9138138523837167,0.9159962550849418,0.0,0.0,0.0,0.0,0.0,18,0.0,0.0,0.0,119,119,0.16806722689075632,0.0015278838808250573,-2.8159096508867747
8x5b,5514,5514.0,5514,5514,0.0625,0.0,0.8958333134651184,1.0,0.8125,1.0,786,393,True,3.741466761769755,2.4442704865820417,0.0833333134651184,0.0737132298675561,0.1041666666666666,0.125,0.0,48,0.8958333134651184,0.8125,0.08333331346511841,393,393,0.0,0.0003107821999494979,-3.507543863375266
8x6v,3227,3342.5,3458,3227,0.0,0.0,0.0,0.0,0.0,0.0,521,260,False,3.508798965403905,2.301312291418496,0.0,0.0,0.0,0.0,0.0,60,0.0,0.0,0.0,261,261,0.0038314176245210726,0.0008841732979664014,-3.053462604925455
8x71,17808,17841.5,17808,17875,0.0634920671582222,0.0,0.8253968358039856,1.0,0.0634920671582222,0.0833333358168602,344,172,False,4.250615146990633,3.1328509235368585,0.7619047686457634,0.1839782979664566,0.1428571428571428,0.1935483870967742,0.25,63,0.8253968358039856,0.0634920671582222,0.7619047686457634,172,172,0.0,0.002129529475392104,-2.671716344361516
8x73,17808,17841.5,17808,17875,0.0655737668275833,0.0,0.8524590134620667,1.0,0.0491803288459777,0.0,344,172,False,4.250615146990633,3.1328509235368585,0.8032786846160889,0.1852887596509352,0.1475409836065573,0.2,0.25,61,0.8524590134620667,0.0491803288459777,0.803278684616089,172,172,0.0,0.002061925365062196,-2.6857270588043307
8x8j,3188,3464.5,3188,3741,0.0119760483503341,0.0,0.0119760483503341,0.0,0.0,0.0,469,234,False,3.5035183127240748,2.318910384019003,0.0119760483503341,0.0319269163050565,0.0239520958083832,0.0240963855421686,0.0606060606060606,167,0.0119760483503341,0.0,0.0119760483503341,235,235,0.00425531914893617,0.0030369158028732495,-2.517567248534296
8x9c,252,258.5,265,252,0.0,0.0,0.8059701323509216,1.0,0.0597014911472797,0.1538461595773697,601,300,False,2.401400540781544,1.162839913421713,0.7462686412036419,0.0,0.0,0.0,0.0,67,0.8059701323509216,0.0597014911472797,0.7462686412036419,301,301,0.0033222591362126247,0.0007419712070874862,-3.1296129476126793
8xat,14436,14438.5,14436,14441,0.0,0.0,0.0,0.0,0.0,0.0,377,187,False,4.15944687338747,3.02352607011922,0.0,0.0,0.0,0.0,0.0,54,0.0,0.0,0.0,190,190,0.015789473684210527,0.0015198423867154517,-2.8182014476663593
8xbv,12666,12666.0,12666,12666,0.0,0.0,0.0,0.0,0.0,0.0,442,221,True,4.1026394836913,2.9304433468487447,0.0,0.0,0.0,0.0,0.0,37,0.0,0.0,0.0,221,221,0.0,0.0007575602465141991,-3.1205828233032262
8xc8,1488,1490.0,1488,1492,0.039473682641983,0.0,0.0,0.0,0.0,0.0,458,224,False,3.17260293120986,1.9974789220427784,0.0,0.0026138133109298,0.006578947368421,0.0,0.0,152,0.0,0.0,0.0,234,234,0.042735042735042736,0.0028998778998779,-2.537620287799533
8xeo,8053,8098.0,8143,8053,0.0,0.0,0.2352941185235977,0.1666666716337204,0.0,0.0,199,99,False,3.905957699092427,2.908140101793652,0.2352941185235977,0.0379188746022699,0.0294117647058823,0.0588235294117647,0.0,34,0.2352941185235977,0.0,0.2352941185235977,100,100,0.01,0.0034343434343434343,-2.4641562775552948
8xgl,139,139.5,140,139,0.1326530575752258,0.2105263173580169,0.8265306353569031,1.0,0.2040816396474838,0.4210526347160339,242,118,False,2.143014800254095,1.1070737966010324,0.6224489957094193,0.0554811749963323,0.0714285714285714,0.0612244897959183,0.0,98,0.8265306353569031,0.2040816396474838,0.6224489957094193,124,124,0.04838709677419355,0.006697648988518316,-2.1740776167758655
8xgq,1110,1632.0,1110,2154,0.0,0.0,0.0,0.0,0.0,0.0,757,354,False,3.0453229787866576,1.7708213477737635,0.0,0.0,0.0,0.0,0.0,165,0.0,0.0,0.0,403,403,0.12158808933002481,0.0011565798881271816,-2.936824363952991
8xgx,1733,1737.5,1733,1742,0.0714285746216774,0.0,0.0267857145518064,0.0909090936183929,0.0,0.0,421,210,False,3.238798562713917,2.077688915346957,0.0267857145518064,0.0167644628877874,0.0178571428571428,0.0357142857142857,0.0,112,0.0267857145518064,0.0,0.0267857145518064,211,211,0.004739336492890996,0.002527646129541864,-2.59728372736143
8xh6,31,31.0,31,31,0.0,0.0,0.782608687877655,1.0,0.0,0.0,322,161,True,1.4913616938342726,0.3879487558183478,0.782608687877655,0.0,0.0,0.0,0.0,115,0.782608687877655,0.0,0.782608687877655,161,161,0.0,0.0044365572315882874,-2.3529539117100877
8xha,3183,3183.0,3183,3183,0.2754716873168945,0.3018867969512939,0.8188679218292236,1.0,0.0415094345808029,0.0377358496189117,802,401,True,3.502836638621003,2.201264452310912,0.7773584872484207,0.3445104286906297,0.2943396226415094,0.3333333333333333,0.3962264150943396,265,0.8188679218292236,0.0415094345808029,0.7773584872484207,401,401,0.0,0.0016479997014943936,-2.783042871303557
8xhd,3339,3339.0,3339,3339,0.2627451121807098,0.3333333432674408,0.8235294222831726,1.0,0.0,0.0,796,398,True,3.523616419054371,2.2236748830175266,0.8235294222831726,0.3568288623052411,0.2745098039215686,0.3700787401574803,0.4117647058823529,255,0.8235294222831726,0.0,0.8235294222831726,398,398,0.0,0.001609807833135527,-2.7932259637134207
8xj4,7370,7447.0,7524,7370,0.0461538471281528,0.0769230797886848,0.2000000029802322,0.2307692319154739,0.0,0.0,693,346,False,3.8674674878590514,2.597929438462663,0.2000000029802322,0.111892181887861,0.0769230769230769,0.125,0.2307692307692307,65,0.2000000029802322,0.0,0.2000000029802322,347,347,0.002881844380403458,0.0005413869500757942,-3.2664922169407946
8xjc,3287,3289.5,3287,3292,0.0,0.0,0.800000011920929,1.0,0.0,0.0,555,277,False,3.5167997040816243,2.2955598195494,0.800000011920929,0.0,0.0,0.0,0.0,40,0.800000011920929,0.0,0.800000011920929,278,278,0.0035971223021582736,0.0005194400436329637,-3.2844645736545623
8xkd,1589,1641.5,1694,1589,0.0406504049897193,0.0416666679084301,0.3008130192756653,0.0833333358168602,0.0,0.0,421,209,False,3.2011238972073794,2.0410507541518523,0.3008130192756653,0.0205638683698969,0.024390243902439,0.0327868852459016,0.0,123,0.3008130192756653,0.0,0.3008130192756653,212,212,0.014150943396226415,0.0027760223887334117,-2.5565770356004074
8xlz,1673,1674.5,1676,1673,0.0540540553629398,0.0,0.0270270276814699,0.0,0.0,0.0,425,211,False,3.2234959409623944,2.0613547133135484,0.0270270276814699,0.0068017941608491,0.018018018018018,0.0,0.0,111,0.0270270276814699,0.0,0.0270270276814699,214,214,0.014018691588785047,0.0024582539752845815,-2.609373249860226
8xoc,1676,1676.0,1676,1676,0.0535714328289032,0.0,0.0,0.0,0.0,0.0,428,214,True,3.2242740142942576,2.059067127619662,0.0,0.0017498519671181,0.0178571428571428,0.0,0.0,112,0.0,0.0,0.0,214,214,0.0,0.0024456284391649926,-2.6116095240282
8xoq,8058,8186.5,8315,8058,0.0,0.0,0.0,0.0,0.0,0.0,470,231,False,3.906227263052359,2.724421273106287,0.0,0.0,0.0,0.0,0.0,27,0.0,0.0,0.0,239,239,0.03347280334728033,0.0004890506982557192,-3.3106461166812946
8xtb,14940,14940.0,14940,14940,0.0138888889923691,0.0,0.7777777910232544,0.6428571343421936,0.0,0.0,876,438,True,4.17435059747938,2.8536135422273303,0.7777777910232544,0.0,0.0,0.0,0.0,72,0.7777777910232544,0.0,0.7777777910232544,438,438,0.0,0.0003753049352598987,-3.4256157245769305
8xtc,14469,14547.0,14625,14469,0.0140845067799091,0.0,0.8028169274330139,0.8571428656578064,0.0,0.0,877,437,False,4.160438516641545,2.840197798156334,0.8028169274330139,0.0,0.0,0.0,0.0,71,0.8028169274330139,0.0,0.8028169274330139,440,440,0.006818181818181818,0.0003692531724568338,-3.432675764737534
8y2z,68,129.5,191,68,0.0,0.0,0.7777777910232544,1.0,0.0,0.0,577,280,False,1.8325089127062364,0.6089298970351268,0.7777777910232544,0.0,0.0,0.0,0.0,90,0.7777777910232544,0.0,0.7777777910232544,297,297,0.05723905723905724,0.0010822510822510823,-2.9656719712201065
8y77,7658,8144.5,7658,8631,0.4333333671092987,0.6666666865348816,0.9666666388511658,1.0,0.0,0.0,137,66,False,3.8841153620116686,2.9743433942407345,0.9666666388511658,0.6724213774263739,0.5333333333333333,0.6,0.8333333333333334,30,0.9666666388511658,0.0,0.9666666388511658,71,71,0.07042253521126761,0.006402048655569782,-2.1936810295412816
8y7p,1489,1579.5,1489,1670,0.013157894834876,0.0,0.6447368264198303,0.7333333492279053,0.1184210553765297,0.3333333432674408,697,346,False,3.1728946977521764,1.903356648355788,0.5263157710433006,0.004953547034111,0.0131578947368421,0.0,0.0,76,0.6447368264198303,0.1184210553765297,0.5263157710433006,351,351,0.014245014245014245,0.0006257925333069842,-3.2035696229778092
8ybf,123,123.0,123,123,0.0,0.0,0.4421052634716034,1.0,0.0210526324808597,0.0,841,420,False,2.089905111439398,0.7782804662404478,0.4210526309907436,0.0,0.0,0.0,0.0,95,0.4421052634716034,0.0210526324808597,0.4210526309907437,421,421,0.0023752969121140144,0.0005372695396448366,-3.269807780944721
8ydl,176,176.0,176,176,0.0,0.0,0.0,0.0,0.0,0.0,892,446,True,2.24551266781415,0.920845238458079,0.0,0.0,0.0,0.0,0.0,35,0.0,0.0,0.0,446,446,0.0,0.00017595366888535866,-3.754601673074008
8yex,5308,5308.0,5308,5308,0.0545454546809196,0.0,0.9272727370262146,1.0,0.7636363506317139,1.0,784,392,True,3.724930914192398,2.428287880682169,0.1636363863945007,0.0929331793398294,0.1272727272727272,0.1111111111111111,0.0,55,0.9272727370262146,0.7636363506317139,0.16363638639450073,392,392,0.0,0.000357923781757601,-3.4462094445466707
8yey,5171,5171.0,5171,5171,0.0,0.0,0.1282051354646682,0.1428571492433548,0.0256410259753465,0.0,294,147,True,3.71357453777207,2.6299158703979817,0.1025641094893217,0.0,0.0,0.0,0.0,39,0.1282051354646682,0.0256410259753465,0.1025641094893217,147,147,0.0,0.001804803554074691,-2.743570062469853
8yf4,5294,5294.0,5294,5294,0.0909090861678123,0.0,0.9636363387107848,1.0,0.800000011920929,1.0,786,393,True,3.7237839369653294,2.426587661777616,0.1636363267898559,0.0838323619823685,0.1272727272727272,0.1111111111111111,0.0,55,0.9636363387107848,0.800000011920929,0.16363632678985585,393,393,0.0,0.00035610460410879965,-3.4484224112566095
8yfd,5305,5305.0,5305,5305,0.0925925970077514,0.0,0.9444444179534912,1.0,0.7407407164573669,1.0,792,396,True,3.72468538823736,2.425837795274603,0.2037037014961242,0.0809093729272706,0.1296296296296296,0.1111111111111111,0.0,54,0.9444444179534912,0.7407407164573669,0.20370370149612427,396,396,0.0,0.0003443526170798898,-3.462996612028056
8yfx,5305,5305.0,5305,5305,0.0909090861678123,0.0,0.9454545378684998,1.0,0.7636363506317139,1.0,792,396,True,3.72468538823736,2.425837795274603,0.1818181872367859,0.0817523430062789,0.1272727272727272,0.1111111111111111,0.0,55,0.9454545378684998,0.7636363506317139,0.1818181872367859,396,396,0.0,0.00035072951739618404,-3.4550276823567807
8yhg,71,83.0,95,71,0.4605263173580169,0.8000000715255737,0.921052634716034,1.0,0.1842105239629745,0.6666666865348816,267,133,False,1.8512583487190752,0.7893325282355323,0.7368421107530594,0.6264684275949746,0.4078947368421052,0.5263157894736842,0.8666666666666667,76,0.921052634716034,0.1842105239629745,0.7368421107530596,134,134,0.007462686567164179,0.0042643923240938165,-2.370142847051102
8yhm,94,94.0,94,94,0.4745762646198272,0.9090909361839294,0.7118644118309021,0.9090909361839294,0.2542372941970825,0.8181818127632141,264,132,True,1.9731278535996983,0.9128408879967738,0.4576271176338196,0.6260306362032931,0.3898305084745763,0.5862068965517241,1.0,59,0.7118644118309021,0.2542372941970825,0.4576271176338196,132,132,0.0,0.0033861340679522496,-2.4702958507695554
8yht,2,2132.5,4263,2,0.0,0.0,0.8484848737716675,1.0,0.8181818127632141,1.0,703,40,False,0.3010299956639812,-0.5,0.0303030610084533,0.0415436691782547,0.0303030303030303,0.0625,0.0,33,0.8484848737716675,0.8181818127632141,0.03030306100845337,663,663,0.9396681749622926,0.0012443438914027148,-2.905059579854848
8yhu,2,2132.5,4263,2,0.0350877195596694,0.0909090936183929,0.8070175647735596,1.0,0.7543859481811523,1.0,719,56,False,0.3010299956639812,-0.573064017839119,0.0526316165924072,0.1199657189716223,0.087719298245614,0.1428571428571428,0.1818181818181818,57,0.8070175647735596,0.7543859481811523,0.05263161659240723,663,663,0.9155354449472096,0.001535229476405947,-2.813826699738482
8yja,1277,1300.0,1277,1323,0.0,0.0,0.0,0.0,0.147058829665184,0.3333333432674408,338,168,False,3.106190897263416,1.993536256400484,-0.147058829665184,0.0,0.0,0.0,0.0,34,0.0,0.147058829665184,-0.147058829665184,170,170,0.011764705882352941,0.0011904761904761906,-2.9242792860618816
8yjp,2021,2021.0,2021,2021,0.0549450553953647,0.0555555559694767,0.5769230723381042,0.9722222089767456,0.3626373708248138,0.75,596,298,True,3.305566313515304,2.0684581814771765,0.2142857015132904,0.0489282500367692,0.0549450549450549,0.0659340659340659,0.0555555555555555,182,0.5769230723381042,0.3626373708248138,0.21428570151329046,298,298,0.0,0.0020494572316562317,-2.688361140167436
8yjy,2367,2519.0,2671,2367,0.0099999997764825,0.0,0.7200000286102295,1.0,0.0,0.0,530,157,False,3.374198257929083,2.276248431724466,0.7200000286102295,0.0286624388142859,0.03,0.04,0.05,100,0.7200000286102295,0.0,0.7200000286102295,373,373,0.579088471849866,0.0017076211130274415,-2.7676084842179214
8yl4,2,2.0,2,2,0.0,0.0,0.0,0.0,0.0,0.0,405,198,False,0.3010299956639812,-0.8473025994667843,0.0,0.0,0.0,0.0,0.0,59,0.0,0.0,0.0,207,207,0.043478260869565216,0.0014395159322695555,-2.8417835240763045
8yla,282,285.5,282,289,0.0,0.0,0.0,0.0,0.0,0.0,651,323,False,2.450249108319361,1.1956478471538097,0.0,0.0,0.0,0.0,0.0,50,0.0,0.0,0.0,328,328,0.01524390243902439,0.00047194744393264364,-3.326106361706763
8ylh,10336,10392.5,10449,10336,0.4874371886253357,0.7948718070983887,0.8341708779335022,1.0,0.2512562870979309,0.9230769276618958,321,160,False,4.014352500651009,2.9122925093230463,0.5829145908355713,0.7657788384722244,0.6080402010050251,0.7575757575757576,0.9230769230769232,199,0.8341708779335022,0.2512562870979309,0.5829145908355713,161,161,0.006211180124223602,0.007725155279503106,-2.1120927822780677
8yli,10348,10398.5,10449,10348,0.5287356376647949,0.7647058963775635,0.9195402264595032,1.0,0.270114928483963,0.9411764740943908,323,161,False,4.014856420044506,2.911443482028581,0.6494252979755402,0.7534544401423453,0.5574712643678161,0.7126436781609196,0.9117647058823528,174,0.9195402264595032,0.270114928483963,0.6494252979755402,162,162,0.006172839506172839,0.006671267540832759,-2.175791642291881
8ymk,687,687.0,687,687,0.009345794096589,0.0,0.2803738415241241,0.4285714328289032,0.0373831763863563,0.0,452,226,True,2.8369567370595505,1.65990251748585,0.2429906651377678,0.0263129582740486,0.0467289719626168,0.0377358490566037,0.0,107,0.2803738415241241,0.0373831763863563,0.2429906651377678,226,226,0.0,0.002094917378024904,-2.6788331006095922
8ynx,16,72.0,16,128,0.0140845067799091,0.0476190485060215,0.0704225376248359,0.0714285746216774,0.1455399096012115,0.2142857164144516,249,88,False,1.2041199826559248,0.2318786465808404,-0.0751173719763755,0.0225416983692483,0.0234741784037558,0.0283018867924528,0.0238095238095238,213,0.0704225376248359,0.1455399096012115,-0.0751173719763756,161,161,0.453416149068323,0.015033879164313946,-1.8229289447432806
8yo6,126,126.0,126,126,0.0606060624122619,0.0,0.2727272808551788,0.1666666716337204,0.0303030312061309,0.1666666716337204,164,82,True,2.100370545117563,1.1434636189257046,0.2424242496490478,0.0,0.0,0.0,0.0,33,0.2727272808551788,0.0303030312061309,0.24242424964904788,82,82,0.0,0.004907792980368828,-2.309113764889546
8yo9,7852,7852.0,7852,7852,0.0,0.0,0.5769230723381042,0.800000011920929,0.0384615398943424,0.0,842,421,True,3.8949802909279687,2.5828392430101346,0.5384615324437618,0.0,0.0,0.0,0.0,52,0.5769230723381042,0.0384615398943424,0.5384615324437618,421,421,0.0,0.0002933858418763153,-3.5325608480365376
8you,829,837.0,829,845,0.0769230797886848,0.1538461595773697,0.7846153974533081,1.0,0.0,0.0,937,466,False,2.9185545305502734,1.5843615722052735,0.7846153974533081,0.1513463184751177,0.0769230769230769,0.1237113402061855,0.1794871794871795,195,0.7846153974533081,0.0,0.7846153974533081,471,471,0.010615711252653927,0.0008884393537628824,-3.0513722124563785
8yoy,182,11257.5,182,22333,0.0,0.0,0.0,0.0,0.0,0.0,653,289,False,2.2600713879850747,1.0296224666068008,0.0,0.0,0.0,0.0,0.0,32,0.0,0.0,0.0,364,364,0.20604395604395603,0.0003041940758203734,-3.516849248085698
8yoz,12961,12986.5,13012,12961,0.0,0.0,0.6067415475845337,1.0,0.8314606547355652,1.0,155,76,False,4.112638510618493,3.1722317144780967,-0.2247191071510315,0.0217257410320563,0.0449438202247191,0.0227272727272727,0.0,89,0.6067415475845337,0.8314606547355652,-0.2247191071510315,79,79,0.0379746835443038,0.014823451032644904,-1.82905067692632
8ypj,2520,2534.0,2520,2548,0.7416667342185974,1.0,0.949999988079071,1.0,0.949999988079071,1.0,100,50,False,3.401400540781544,2.551915538613535,0.0,0.9000248225560157,0.7166666666666667,0.9166666666666666,1.0,120,0.949999988079071,0.949999988079071,0.0,50,50,0.0,0.048,-1.3187587626244128
8yqg,34,35.0,36,34,0.0,0.0,0.0,0.0,0.0,0.0,311,154,False,1.5314789170422551,0.4377185566240236,0.0,0.0,0.0,0.0,0.0,29,0.0,0.0,0.0,157,157,0.01910828025477707,0.0011994375051699892,-2.9210223753467406
8yqq,761,11547.0,761,22333,0.0,0.0,0.0,0.0,0.0,0.0,649,285,False,2.8813846567705728,1.6539622267663177,0.0,0.0,0.0,0.0,0.0,33,0.0,0.0,0.0,364,364,0.21703296703296704,0.00031810294968189704,-3.4974323037796786
8yri,6652,6652.0,6652,6652,0.0,0.0,0.1538461595773697,0.0,0.0,0.0,288,144,True,3.8229522405474814,2.7437709944998567,0.1538461595773697,0.0,0.0,0.0,0.0,26,0.1538461595773697,0.0,0.1538461595773697,144,144,0.0,0.001253858024691358,-2.9017516362196814
8yrl,1103,1103.0,1103,1103,0.0,0.0,0.7748344540596008,1.0,0.0066225165501236,0.0,918,459,True,3.0425755124401905,1.71166916967156,0.7682119375094771,0.0,0.0,0.0,0.0,151,0.7748344540596008,0.0066225165501236,0.7682119375094772,459,459,0.0,0.0007167233874910409,-3.1446484237813532
8ysp,7423,7634.0,7423,7845,0.230303019285202,0.3030303120613098,0.8545454740524292,1.0,0.0121212117373943,0.0303030312061309,731,363,False,3.8705794605526846,2.5906261480346284,0.8424242623150349,0.3992471676803161,0.3575757575757576,0.3536585365853658,0.4242424242424242,165,0.8545454740524292,0.0121212117373943,0.8424242623150349,368,368,0.01358695652173913,0.0012351778656126482,-2.908270499495724
8yst,7066,7111.5,7066,7157,0.2363636344671249,0.3636363744735718,0.8484848737716675,1.0,0.0,0.0,744,371,False,3.849173633098826,2.564486678291304,0.8484848737716675,0.4390932047638071,0.3939393939393939,0.4390243902439024,0.4242424242424242,165,0.8484848737716675,0.0,0.8484848737716675,373,373,0.005361930294906166,0.0011923429901071663,-2.923598797209827
8yt0,7228,7235.0,7242,7228,0.2405063360929489,0.3225806355476379,0.8291139006614685,1.0,0.0,0.0,735,367,False,3.8590181438888944,2.576685111762849,0.8291139006614685,0.3989241986619271,0.3354430379746835,0.379746835443038,0.4516129032258064,158,0.8291139006614685,0.0,0.8291139006614685,368,368,0.002717391304347826,0.0011698850847056037,-2.9318567959711843
8ytc,10878,10878.0,10878,10878,0.0,0.0,0.0,0.0,0.0,0.0,332,166,True,4.036549054479153,2.9264950104591247,0.0,0.0,0.0,0.0,0.0,36,0.0,0.0,0.0,166,166,0.0,0.00130643054144288,-2.8839136753128227
8ytr,4517,4551.5,4586,4517,0.0,0.0,0.0,0.0,0.0,0.0,253,126,False,3.654850090561394,2.604664818002613,0.0,0.0,0.0,0.0,0.0,87,0.0,0.0,0.0,127,127,0.007874015748031496,0.0054368203974503185,-2.264655013454901
8yu5,867,879.0,867,891,0.086734689772129,0.1538461595773697,0.7857142686843872,1.0,0.0,0.0,936,465,False,2.9380190974762104,1.6042926210312334,0.7857142686843872,0.1533744412757538,0.0765306122448979,0.1224489795918367,0.1794871794871795,196,0.7857142686843872,0.0,0.7857142686843872,471,471,0.012738853503184714,0.0008949158733420086,-3.0482177886623743
8yu6,867,874.0,867,881,0.0858585834503173,0.1538461595773697,0.7575757503509521,1.0,0.0,0.0,937,466,False,2.9380190974762104,1.6038261391312103,0.7575757503509521,0.1512613175434434,0.0757575757575757,0.1212121212121212,0.1794871794871795,198,0.7575757503509521,0.0,0.7575757503509521,471,471,0.010615711252653927,0.0009021076515130805,-3.0447416335573654
8yuf,6697,6766.5,6697,6836,0.3333333432674408,0.75,0.9012345671653748,1.0,0.0,0.0,267,133,False,3.82588029893618,2.7639544784526366,0.9012345671653748,0.6202936978465481,0.3703703703703703,0.575,0.875,81,0.9012345671653748,0.0,0.9012345671653748,134,134,0.007462686567164179,0.004544944450678936,-2.3424714204532435
8yv4,759,759.0,759,759,0.1076923087239265,0.0,0.892307698726654,1.0,0.0307692307978868,0.0,342,171,True,2.88024177589548,1.7637437206994035,0.8615384679287672,0.1042322783626006,0.0769230769230769,0.15625,0.1538461538461538,65,0.892307698726654,0.0307692307978868,0.8615384679287672,171,171,0.0,0.00222290619335864,-2.653078864141452
8yv5,767,773.5,767,780,0.0447761192917823,0.0,0.358208954334259,0.3846153914928436,0.0298507455736398,0.0,345,172,False,2.8847953639489807,1.7670311404952066,0.3283582087606191,0.0052446054573946,0.0149253731343283,0.0,0.0,67,0.358208954334259,0.0298507455736398,0.32835820876061916,173,173,0.005780346820809248,0.0022516467267105792,-2.6474997473355177
8yw7,7137,7185.0,7137,7233,0.245508998632431,0.3636363744735718,0.85628741979599,1.0,0.0119760483503341,0.0,738,366,False,3.853515696756929,2.571775154059724,0.8443113714456558,0.415465277030559,0.3832335329341317,0.4096385542168674,0.4545454545454545,167,0.85628741979599,0.0119760483503341,0.8443113714456559,372,372,0.016129032258064516,0.0012265703037781304,-2.911307554128725
8z0c,3971,3971.0,3971,3971,0.4719101190567016,0.9411764740943908,0.8314606547355652,1.0,0.1685393303632736,0.0,372,186,True,3.598899887063883,2.4641434149549246,0.6629213243722916,0.7397821406801327,0.4719101123595505,0.7727272727272727,0.8235294117647058,89,0.8314606547355652,0.1685393303632736,0.6629213243722916,186,186,0.0,0.002572551740085559,-2.5896358817909197
8z1i,1096,1173.0,1096,1250,0.0,0.0,0.0,0.0,0.1199999973177909,0.0,545,271,False,3.0398105541483504,1.8233259087111475,-0.1199999973177909,0.0,0.0,0.0,0.0,100,0.0,0.1199999973177909,-0.1199999973177909,274,274,0.010948905109489052,0.0013467287957551108,-2.8707198536947938
8z4f,42,43.5,42,45,0.0,0.0,0.0,0.0,0.0,0.0,522,222,False,1.6232492903979006,0.4500728031725811,0.0,0.0,0.0,0.0,0.0,65,0.0,0.0,0.0,300,300,0.26,0.000975975975975976,-3.0105608725274453
8z4i,62,64.5,67,62,0.1147540956735611,0.25,0.688524603843689,0.9166666865348816,0.5409836173057556,0.5833333134651184,772,385,False,1.792391689498254,0.4996613247440035,0.1475409865379333,0.4937457136907981,0.2131147540983606,0.4,0.8333333333333334,61,0.688524603843689,0.5409836173057556,0.14754098653793335,387,387,0.00516795865633075,0.0004094097117352931,-3.3878418595166453
8z6d,6578,6903.5,7229,6578,0.3400000035762787,0.5333333611488342,0.7666666507720947,1.0,0.1133333370089531,0.1666666716337204,356,178,False,3.818093869146636,2.692883867992189,0.6533333137631416,0.5220963212473735,0.4066666666666667,0.4933333333333333,0.5666666666666667,150,0.7666666507720947,0.1133333370089531,0.6533333137631416,178,178,0.0,0.004734250725918445,-2.3247487455621068
8z6e,4977,5179.0,5381,4977,0.4124999940395355,0.71875,0.931249976158142,1.0,0.0,0.0,355,173,False,3.696967640744023,2.577944589179625,0.931249976158142,0.5073313641479003,0.4125,0.475,0.53125,160,0.931249976158142,0.0,0.931249976158142,182,182,0.04945054945054945,0.005081623578733405,-2.2939975084579456
8z8y,2195,2402.0,2609,2195,0.0,0.0,0.6415929198265076,0.9777777791023254,0.0088495574891567,0.0,953,446,False,3.34143452457814,2.016767095222069,0.6327433623373508,0.0,0.0,0.0,0.0,226,0.6415929198265076,0.0088495574891567,0.6327433623373508,507,507,0.1203155818540434,0.000999460468242807,-3.000234378898077
8z96,2285,2511.0,2737,2285,0.0060975607484579,0.0,0.8658536672592163,1.0,0.0,0.0,893,419,False,3.358886204405869,2.047779192922721,0.8658536672592163,0.0,0.0,0.0,0.0,164,0.8658536672592163,0.0,0.8658536672592163,474,474,0.1160337552742616,0.0008257555159461446,-3.0831485165926824
8za5,2119,2130.0,2119,2141,0.5714285969734192,0.8214285969734192,0.8642857074737549,1.0,0.7714285850524902,1.0,275,137,False,3.3261309567107946,2.2577706731325917,0.0928571224212646,0.760470133124227,0.6,0.7285714285714285,0.8928571428571429,140,0.8642857074737549,0.7714285850524902,0.09285712242126465,138,138,0.007246376811594203,0.007405056595789696,-2.1304716178794054
8za7,1357,5910.5,10464,1357,0.0,0.0,0.1851851791143417,0.190476194024086,0.0,0.0,512,180,False,3.132579847659737,2.004943595108084,0.1851851791143417,0.001377662129625,0.0092592592592592,0.0,0.0,108,0.1851851791143417,0.0,0.1851851791143417,332,332,0.4578313253012048,0.0018072289156626507,-2.742986833320393
8zac,304,304.5,305,304,0.0,0.0,0.7245509028434753,1.0,0.0,0.0,708,349,False,2.482873583608754,1.2114608701291638,0.7245509028434753,0.1545968944873311,0.1017964071856287,0.1325301204819277,0.2121212121212121,167,0.7245509028434753,0.0,0.7245509028434753,359,359,0.027855153203342618,0.0013328970157473403,-2.8752034043899157
8zae,304,304.0,304,304,0.0074074072763323,0.0,0.6888889074325562,1.0,0.0,0.0,669,331,False,2.482873583608754,1.2229595867208942,0.6888889074325562,0.1907628129481637,0.1629629629629629,0.1641791044776119,0.2592592592592592,135,0.6888889074325562,0.0,0.6888889074325562,338,338,0.020710059171597635,0.0012066715529415971,-2.9184109255583675
8zb2,15438,15910.5,16383,15438,0.0,0.0,0.6625000238418579,1.0,0.0,0.0,975,487,False,4.18859103659399,2.844826555986673,0.6625000238418579,0.0,0.0,0.0,0.0,80,0.6625000238418579,0.0,0.6625000238418579,488,488,0.0020491803278688526,0.0003366209984178813,-3.4728587962254016
8zb4,12962,12992.5,13023,12962,0.2181818187236786,0.4848484992980957,0.842424213886261,0.939393937587738,0.0,0.0,594,294,False,4.1126720171171325,2.8784983519110536,0.842424213886261,0.4297071852031789,0.2545454545454545,0.3414634146341463,0.6666666666666666,165,0.842424213886261,0.0,0.842424213886261,300,300,0.02,0.0018707482993197278,-2.7279846409179136
8zb5,12982,13018.5,13055,12982,0.084210529923439,0.1578947305679321,0.0894736871123313,0.0526315793395042,0.0157894734293222,0.0263157896697521,592,294,False,4.113341604795105,2.8791679395890264,0.0736842136830091,0.0958354764801078,0.0789473684210526,0.1052631578947368,0.1052631578947368,190,0.0894736871123313,0.0157894734293222,0.07368421368300909,298,298,0.013422818791946308,0.00216865269597772,-2.6638099935355837
8zc8,14737,14893.5,15050,14737,0.0232558138668537,0.125,0.8139534592628479,1.0,0.0,0.0,552,274,False,4.168409083519626,2.949533802109432,0.8139534592628479,0.0005408328826392,0.0232558139534883,0.0,0.0,43,0.8139534592628479,0.0,0.8139534592628479,278,278,0.014388489208633094,0.0005645118941343275,-3.248326903158878
8ze4,60,125.5,191,60,0.0,0.0,0.7735849022865295,1.0,0.0,0.0,563,266,False,1.7781512503836436,0.5657104320681101,0.7735849022865295,0.0,0.0,0.0,0.0,106,0.7735849022865295,0.0,0.7735849022865295,297,297,0.10437710437710437,0.001341738183843447,-2.872332220683509
8zgb,10524,10524.0,10524,10524,0.0178571436554193,0.0,0.2678571343421936,0.1818181872367859,0.1428571492433548,0.0909090936183929,136,68,True,4.022180839413665,3.105926383060547,0.1249999850988388,0.0286506260915806,0.0535714285714285,0.0357142857142857,0.0,56,0.2678571343421936,0.1428571492433548,0.1249999850988388,68,68,0.0,0.012110726643598616,-1.9168297984062723
8zgi,937,937.0,937,937,0.0,0.0,0.0,0.0,0.0,0.0,782,391,True,2.971739590887778,1.6756512121898448,0.0,0.0,0.0,0.0,0.0,52,0.0,0.0,0.0,391,391,0.0,0.0003401338295798693,-3.4683501711569344
8zht,2520,3368.0,2520,4216,0.0,0.0,0.9090909361839294,1.0,0.0,0.0,836,173,False,3.401400540781544,2.2823774892171462,0.9090909361839294,0.0,0.0,0.0,0.0,143,0.9090909361839294,0.0,0.9090909361839294,663,663,0.7390648567119156,0.001246741471154936,-2.904223594068507
8zhu,1933,2183.5,1933,2434,0.0,0.0,0.5675675868988037,1.0,0.0,0.0,571,284,False,3.286231854028553,2.059572684005034,0.5675675868988037,0.0,0.0,0.0,0.0,74,0.5675675868988037,0.0,0.5675675868988037,287,287,0.010452961672473868,0.0009078863424449134,-3.0419685170500537
8zhv,2553,2598.0,2643,2553,0.0,0.0,0.5111111402511597,0.7222222089767456,0.0,0.0,575,286,False,3.40705081480425,2.178867798239729,0.5111111402511597,0.0,0.0,0.0,0.0,90,0.5111111402511597,0.0,0.5111111402511597,289,289,0.010380622837370242,0.001088876521402473,-2.963021366446266
8zlc,1623,1636.5,1623,1650,0.0,0.0,0.0,0.0,0.0,0.0,270,134,False,3.210318519826232,2.146766120643828,0.0,0.0,0.0,0.0,0.0,25,0.0,0.0,0.0,136,136,0.014705882352941176,0.0013718173836698858,-2.8627036980629876
8zlf,7351,7608.0,7865,7351,0.0,0.0,0.0,0.0,0.0,0.0,396,193,False,3.8663464227496016,2.7235677682457147,0.0,0.0352990509842878,0.0714285714285714,0.0,0.0,28,0.0,0.0,0.0,203,203,0.04926108374384237,0.0007146685724495265,-3.1458953155787674
8zlh,313,313.0,313,313,0.0169491525739431,0.0,0.0,0.0,0.0,0.0,260,130,True,2.4955443375464483,1.43857266139303,0.0,0.0278529898543682,0.0169491525423728,0.0344827586206896,0.0,59,0.0,0.0,0.0,130,130,0.0,0.0034911242603550296,-2.457034692971529
8znj,10,30.0,50,10,0.0,0.0,0.0987654328346252,0.0625,0.0,0.0,681,237,False,1.0,-0.1873741730050519,0.0987654328346252,0.0,0.0,0.0,0.0,81,0.0987654328346252,0.0,0.0987654328346252,444,444,0.46621621621621623,0.000769757098871023,-3.113646297246074
8zo3,8110,8110.0,8110,8110,0.0,0.0,0.0,0.0,0.0,0.0,612,306,True,3.909020854211156,2.666160140970366,0.0,0.0,0.0,0.0,0.0,63,0.0,0.0,0.0,306,306,0.0,0.0006728181468665898,-3.172102303509578
8zoj,7651,7726.0,7651,7801,0.0,0.0,0.0,0.0,0.0,0.0,795,397,False,3.88371820196396,2.584322948582402,0.0,0.0,0.0,0.0,0.0,60,0.0,0.0,0.0,398,398,0.002512562814070352,0.0003797324152247383,-3.4205223284531594
8zpo,8110,8110.0,8110,8110,0.0,0.0,0.0,0.0,0.0,0.0,612,306,True,3.909020854211156,2.666160140970366,0.0,0.0,0.0,0.0,0.0,62,0.0,0.0,0.0,306,306,0.0,0.0006621384937417232,-3.179051163464906
8zro,11421,11454.5,11488,11421,0.0,0.0,0.015625,0.0,0.0,0.0,619,308,False,4.057704131534029,2.813428773283808,0.015625,0.0,0.0,0.0,0.0,64,0.015625,0.0,0.015625,311,311,0.00964630225080386,0.0006681421472418257,-3.1751311315433948
8ztp,7037,7154.0,7271,7037,0.339350163936615,0.5636363625526428,0.8231046795845032,1.0,0.0,0.0,782,387,False,3.847387551027396,2.55353206851794,0.8231046795845032,0.4671647963303332,0.3321299638989169,0.4130434782608695,0.6181818181818182,277,0.8231046795845032,0.0,0.8231046795845032,395,395,0.020253164556962026,0.0018120563896248324,-2.741828291580923
8zvg,939,948.5,958,939,0.1097560971975326,0.125,0.9146341681480408,1.0,0.0,0.0,468,234,False,2.972665592266111,1.7880576635610397,0.9146341681480408,0.1470866652422616,0.0853658536585365,0.0975609756097561,0.125,82,0.9146341681480408,0.0,0.9146341681480408,234,234,0.0,0.0014975527796040617,-2.8246178624365688
8zvh,958,964.0,958,970,0.0975609719753265,0.125,0.8780487775802612,1.0,0.0,0.0,467,232,False,2.9813655090785445,1.7986215166330946,0.8780487775802612,0.1411324108544959,0.0975609756097561,0.0975609756097561,0.125,82,0.8780487775802612,0.0,0.8780487775802612,235,235,0.01276595744680851,0.001504035216434336,-2.8227419947789194
9a3v,5461,7290.5,9120,5461,0.0,0.0,0.0,0.0,0.0,0.0,867,180,False,3.737272176535544,2.60963592398389,0.0,0.0,0.0,0.0,0.0,118,0.0,0.0,0.0,687,687,0.7379912663755459,0.0009542293385088145,-3.020347234856731
9a3x,2393,5756.5,9120,2393,0.0,0.0,0.0,0.0,0.0,0.0,777,90,False,3.378942698613437,2.401821443893775,0.0,0.0,0.0,0.0,0.0,85,0.0,0.0,0.0,687,687,0.868995633187773,0.0013747371825974446,-2.8617803207845824
9a3y,1569,5344.5,9120,1569,0.0,0.0,0.0,0.0,0.0,0.0,827,140,False,3.1956229435869368,2.1225589257478177,0.0,0.0,0.0,0.0,0.0,90,0.0,0.0,0.0,687,687,0.7962154294032023,0.0009357454772301934,-3.0288422632984635
9a3z,8903,9011.5,9120,8903,0.0,0.0,0.0,0.0,0.0,0.0,984,297,False,3.949536373376143,2.7131581487175365,0.0,0.0,0.0,0.0,0.0,99,0.0,0.0,0.0,687,687,0.5676855895196506,0.00048520135856380397,-3.3140779917792127
9a4k,15285,16890.5,18496,15285,0.0673076957464218,0.1463414579629898,0.9134615659713744,1.0,0.0336538478732109,0.1219512224197387,615,290,False,4.184265443062108,2.953066444112629,0.8798077180981636,0.1243801181275926,0.1057692307692307,0.125,0.0975609756097561,208,0.9134615659713744,0.0336538478732109,0.8798077180981635,325,325,0.1076923076923077,0.002206896551724138,-2.656218023915069
9a4p,181,1910.0,3639,181,0.0,0.0,0.0925925895571708,0.0,0.0,0.0,515,106,False,2.257678574869185,1.2450256422367991,0.0925925895571708,0.0155766459751375,0.0185185185185185,0.037037037037037,0.0,54,0.0925925895571708,0.0,0.0925925895571708,409,409,0.7408312958435208,0.0012455598099367993,-2.9046354134491437
9a4q,3006,8120.5,13235,3006,0.0,0.0,0.824999988079071,0.875,0.0,0.0,466,95,False,3.4779889762508893,2.489127173606465,0.824999988079071,0.0,0.0,0.0,0.0,40,0.824999988079071,0.0,0.824999988079071,371,371,0.7439353099730458,0.0011349127535820683,-2.945037523575931
9a4t,9015,16352.0,9015,23689,0.0,0.0,0.0454545468091964,0.0,0.0,0.0,648,181,False,3.954965731058421,2.8261264436238287,0.0454545468091964,0.0,0.0,0.0,0.0,22,0.0454545468091964,0.0,0.0454545468091964,467,467,0.6124197002141327,0.00026027186579436157,-3.58457277461309
9a4u,12011,13699.5,15388,12011,0.0,0.0,0.3125,0.3333333432674408,0.0,0.0,848,321,False,4.079579166970131,2.8263266507676947,0.3125,0.0,0.0,0.0,0.0,16,0.3125,0.0,0.3125,527,527,0.3908918406072106,9.458109442148882e-05,-4.024195664961494
9a4z,802,6823.5,802,12845,0.0,0.0,0.0,0.0,0.0,0.0,623,180,False,2.9041743682841634,1.7765381157325104,0.0,0.0,0.0,0.0,0.0,59,0.0,0.0,0.0,443,443,0.5936794582392777,0.0007399046902432907,-3.1308242196842313
9a59,7157,7847.5,7157,8538,0.0,0.0,0.2000000029802322,0.4000000059604645,0.0799999982118606,0.0,742,274,False,3.8547310172139424,2.6358557358037484,0.1200000047683715,0.0,0.0,0.0,0.0,25,0.2000000029802322,0.0799999982118606,0.12000000476837161,468,468,0.41452991452991456,0.000194959136564976,-3.710056407222474
9a5c,4834,10213.0,15592,4834,0.0,0.0,0.0,0.0,0.0,0.0,787,232,False,3.684306646071632,2.501562653626182,0.0,0.0,0.0,0.0,0.0,36,0.0,0.0,0.0,555,555,0.581981981981982,0.00027958993476234854,-3.553478467246289
9a5e,8536,12544.5,16553,8536,0.0,0.0,0.0666666701436042,0.2222222238779068,0.0,0.0,481,67,False,3.931254406416413,3.0182170050660004,0.0666666701436042,0.0,0.0,0.0,0.0,45,0.0666666701436042,0.0,0.0666666701436042,414,414,0.8381642512077294,0.0016223231667748216,-2.7898626300463816
9a5f,802,5459.0,10116,802,0.0,0.0,0.1428571492433548,0.1428571492433548,0.0,0.0,485,180,False,2.9041743682841634,1.7765381157325104,0.1428571492433548,0.0,0.0,0.0,0.0,35,0.1428571492433548,0.0,0.1428571492433548,305,305,0.4098360655737705,0.0006375227686703097,-3.1955043000998162
9a5k,11607,15467.5,11607,19328,0.005988024175167,0.0,0.916167676448822,1.0,0.0119760483503341,0.0,839,253,False,4.064719984440908,2.8631597238529984,0.904191628098488,0.0103984832555813,0.0059880239520958,0.0120481927710843,0.0303030303030303,167,0.916167676448822,0.0119760483503341,0.904191628098488,586,586,0.568259385665529,0.0011264147634528997,-2.9483016660463255
9a5m,549,3130.0,549,5711,0.0,0.0,0.0,0.0,0.0,0.0,808,343,False,2.739572344450092,1.4719252844287063,0.0,0.0,0.0,0.0,0.0,25,0.0,0.0,0.0,465,465,0.2623655913978495,0.00015674472553998557,-3.804807064260687
9a5n,17912,19088.0,20264,17912,0.0,0.0,0.3076923191547394,1.0,0.0,0.0,767,325,False,4.253144080570974,2.9972024000815365,0.3076923191547394,0.0,0.0,0.0,0.0,13,0.3076923191547394,0.0,0.3076923191547394,442,442,0.2647058823529412,9.049773755656108e-05,-4.04336227802113
9a5s,8049,8552.0,9055,8049,0.0,0.0,0.0384615398943424,0.0,0.0,0.0,437,82,False,3.9057419273916016,2.9488350011997437,0.0384615398943424,0.0,0.0,0.0,0.0,26,0.0384615398943424,0.0,0.0384615398943424,355,355,0.7690140845070422,0.000893163861216077,-3.0490688574679927
9a5t,14476,15170.0,15864,14476,0.0,0.0,0.0138888889923691,0.0,0.0,0.0,670,333,False,4.160648574436162,2.899426457683002,0.0138888889923691,0.0,0.0,0.0,0.0,72,0.0138888889923691,0.0,0.0138888889923691,337,337,0.011869436201780416,0.0006415911460421846,-3.19274163794639
9a5w,802,4670.0,8538,802,0.0,0.0,0.125,0.0,0.0,0.0,454,180,False,2.9041743682841634,1.7765381157325104,0.125,0.0,0.0,0.0,0.0,8,0.125,0.0,0.125,274,274,0.34306569343065696,0.00016220600162206002,-3.7899330809317506
9a5x,22566,23604.5,24643,22566,0.0,0.0,0.0,0.0,0.0,0.0,617,197,False,4.353454583806043,3.206221470725246,0.0,0.0,0.0,0.0,0.0,39,0.0,0.0,0.0,420,420,0.530952380952381,0.0004713560551124003,-3.326650909532994
9a5y,1075,8333.5,15592,1075,0.0,0.0,0.3333333432674408,0.4000000059604645,0.0,0.0,764,209,False,3.031408464251624,1.871335321196097,0.3333333432674408,0.0,0.0,0.0,0.0,27,0.3333333432674408,0.0,0.3333333432674408,555,555,0.6234234234234234,0.0002327686538212854,-3.6330755050747428
9a5z,726,2806.5,726,4887,0.0,0.0,0.4883720874786377,0.875,0.0,0.0,451,161,False,2.8609366207000937,1.757523682684169,0.4883720874786377,0.0,0.0,0.0,0.0,43,0.4883720874786377,0.0,0.4883720874786377,290,290,0.44482758620689655,0.0009209680873848789,-3.0357554183512194
9a60,6538,10911.5,6538,15285,0.0,0.0,0.0,0.0,0.0,0.0,443,118,False,3.81544491624435,2.7795039125912875,0.0,0.0,0.0,0.0,0.0,11,0.0,0.0,0.0,325,325,0.6369230769230769,0.00028683181225554107,-3.5423726831267746
9a64,1643,10485.5,1643,19328,0.0,0.0,0.6229507923126221,1.0,0.0,0.0,747,161,False,3.215637563435062,2.112224625419137,0.6229507923126221,0.0,0.0,0.0,0.0,61,0.6229507923126221,0.0,0.6229507923126221,586,586,0.7252559726962458,0.0006465562927946071,-3.189393657039173
9a66,22566,25812.5,29059,22566,0.0,0.0,0.2000000029802322,0.0,0.0,0.0,1007,197,False,4.353454583806043,3.206221470725246,0.2000000029802322,0.0,0.0,0.0,0.0,15,0.2000000029802322,0.0,0.2000000029802322,810,810,0.7567901234567901,9.400263207369807e-05,-4.0268599859845615
9a6l,13758,15382.0,13758,17006,0.0769230797886848,0.2222222238779068,0.8956043720245361,1.0,0.0,0.0,717,238,False,4.138555305113583,2.9502668265853265,0.8956043720245361,0.2371140686298191,0.1153846153846153,0.1648351648351648,0.3055555555555556,182,0.8956043720245361,0.0,0.8956043720245361,479,479,0.5031315240083507,0.0015964632199435098,-2.7968410824860004
9a6r,10945,13268.5,15592,10945,0.0,0.0,0.4285714328289032,0.0,0.0,0.0,754,199,False,4.039215765903951,2.8897892276990973,0.4285714328289032,0.0,0.0,0.0,0.0,14,0.4285714328289032,0.0,0.4285714328289032,555,555,0.6414414414414414,0.00012675992575490063,-3.897018023854145
9a6s,3006,11635.0,20264,3006,0.0322580635547637,0.0,0.8064516186714172,1.0,0.0,0.0,420,95,False,3.4779889762508893,2.489127173606465,0.8064516186714172,0.0,0.0,0.0,0.0,31,0.8064516186714172,0.0,0.8064516186714172,325,325,0.7076923076923077,0.0010040485829959514,-2.9982452724334494
9a6v,510,4906.0,9302,510,0.0,0.0,0.2962962985038757,0.6000000238418579,0.0,0.0,379,85,False,2.7075701760979363,1.7428607132407898,0.2962962985038757,0.0,0.0,0.0,0.0,27,0.2962962985038757,0.0,0.2962962985038757,294,294,0.7108843537414966,0.0010804321728691477,-2.9664024919674628
9a70,13235,16749.5,13235,20264,0.0,0.0,0.8333333134651184,1.0,0.0087719298899173,0.0,696,325,False,4.121723945637367,2.8657822651479297,0.824561383575201,0.0365884199137316,0.043859649122807,0.0526315789473684,0.0,114,0.8333333134651184,0.0087719298899173,0.8245613835752011,371,371,0.12398921832884097,0.0009454696247149077,-3.024352419257448
9a72,8203,10452.0,12701,8203,0.0,0.0,1.0,1.0,0.0,0.0,442,156,False,3.9139727115509713,2.81741041237374,1.0,0.0,0.0,0.0,0.0,30,1.0,0.0,1.0,286,286,0.45454545454545453,0.0006724045185583647,-3.172369376763842
9a73,12599,15287.5,17976,12599,0.0754437893629074,0.1703703701496124,0.918639063835144,1.0,0.0872781053185463,0.059259258210659,936,448,False,4.100336075933696,2.774697068934624,0.8313609585165977,0.1606177910039115,0.1109467455621301,0.1331360946745562,0.1925925925925926,676,0.918639063835144,0.0872781053185463,0.8313609585165977,488,488,0.08196721311475409,0.003092066744730679,-2.5097511400592185
9a77,15627,17814.0,20001,15627,0.0,0.0,0.8961039185523987,1.0,0.0,0.0,677,201,False,4.193875612152359,3.042277583442115,0.8961039185523987,0.0,0.0,0.0,0.0,77,0.8961039185523987,0.0,0.8961039185523987,476,476,0.5777310924369747,0.0008047995317529997,-3.0943122849685003
9a7d,10338,13487.0,16636,10338,0.0,0.0,0.6916666626930237,0.7916666865348816,0.0,0.0,815,297,False,4.0144365278316725,2.778058303173066,0.6916666626930237,0.0,0.0,0.0,0.0,120,0.6916666626930237,0.0,0.6916666626930237,518,518,0.4266409266409266,0.00078000078000078,-3.1079049630148203
9a7e,2647,15853.0,29059,2647,0.0,0.0,0.9111111164093018,1.0,0.2555555701255798,1.0,989,179,False,3.422753941301348,2.296327425811401,0.6555555462837219,0.0,0.0,0.0,0.0,90,0.9111111164093018,0.2555555701255798,0.6555555462837219,810,810,0.7790123456790123,0.0006207324643078833,-3.207095540419218
9a7g,13235,15573.5,13235,17912,0.0199999995529651,0.0,0.8600000143051147,0.8999999761581421,0.0,0.0,813,371,False,4.121723945637367,2.837036990829844,0.8600000143051147,0.0,0.0,0.0,0.0,50,0.8600000143051147,0.0,0.8600000143051147,442,442,0.16063348416289594,0.0003049115146784403,-3.5158261746281187
9a7k,12193,14469.0,16745,12193,0.0,0.0,0.8846153616905212,1.0,0.0,0.0,902,437,False,4.08611057380132,2.7658698553161085,0.8846153616905212,0.0,0.0,0.0,0.0,104,0.8846153616905212,0.0,0.8846153616905212,465,465,0.060215053763440864,0.0005117984301567383,-3.290901050561595
9a7q,8538,11995.5,8538,15453,0.0,0.0,0.0,0.0,0.0,0.0,801,274,False,3.931356150467928,2.712480869057734,0.0,0.0,0.0,0.0,0.0,7,0.0,0.0,0.0,527,527,0.48007590132827327,4.847712572196291e-05,-4.314463138018677
9a7v,13121,14356.5,13121,15592,0.0,0.0,0.4000000059604645,1.0,0.0,0.0,644,89,False,4.117966935491767,3.1432719321693106,0.4000000059604645,0.0,0.0,0.0,0.0,5,0.4000000059604645,0.0,0.4000000059604645,555,555,0.8396396396396396,0.00010122482032594392,-3.9947129854315704
9a7y,3282,3534.5,3282,3787,0.0898203626275062,0.0909090936183929,0.9281437397003174,1.0,0.1077844277024269,0.1212121248245239,854,426,False,3.5161385767170743,2.201433777165715,0.8203593119978905,0.1739996583437498,0.155688622754491,0.180722891566265,0.1818181818181818,167,0.9281437397003174,0.1077844277024269,0.8203593119978905,428,428,0.004672897196261682,0.0009159317274362687,-3.038136896968308
9ar1,8651,8712.5,8774,8651,0.1139240562915802,0.0666666701436042,0.9367088675498962,1.0,0.0,0.0,618,309,False,3.937066312017428,2.6920870723050108,0.9367088675498962,0.2005632393308904,0.1392405063291139,0.1794871794871795,0.3333333333333333,79,0.9367088675498962,0.0,0.9367088675498962,309,309,0.0,0.000827389742461851,-3.082289867559228
9ard,111,111.0,111,111,0.0,0.0,0.0,0.0,0.0,0.0,264,132,True,2.0453229787866576,0.9850360131837326,0.0,0.0,0.0,0.0,0.0,27,0.0,0.0,0.0,132,132,0.0,0.0015495867768595042,-2.8097840982527122
9av4,11219,11785.0,12351,11219,0.6754966974258423,0.9666666984558104,0.8807947039604187,1.0,0.4966887533664703,0.7333333492279053,503,245,False,4.049954148022047,2.85537110583978,0.3841059505939483,0.911413063617379,0.7483443708609272,0.92,1.0,151,0.8807947039604187,0.4966887533664703,0.3841059505939484,258,258,0.050387596899224806,0.0023888625217528873,-2.621808843034593
9av8,11499,12179.5,12860,11499,0.5526315569877625,0.9333333969116212,0.8552631735801697,1.0,0.1315789520740509,0.0666666701436042,515,244,False,4.060660073974015,2.86696516080465,0.7236842215061188,0.8821595150947715,0.6776315789473685,0.9078947368421052,1.0,152,0.8552631735801697,0.1315789520740509,0.7236842215061188,271,271,0.0996309963099631,0.002298711511705281,-2.6385155292683624
9avb,2801,2845.0,2801,2889,0.0196078438311815,0.0,0.0196078438311815,0.1000000014901161,0.1372549086809158,0.0,244,120,False,3.447313108823568,2.407722485799756,-0.1176470648497343,0.0216029142749971,0.0392156862745098,0.04,0.0,51,0.0196078438311815,0.1372549086809158,-0.1176470648497343,124,124,0.03225806451612903,0.0034274193548387098,-2.4650327551119235
9avc,3204,3207.0,3210,3204,0.0,0.0,0.0,0.0,0.0,0.0,195,97,False,3.5056925074122,2.512306640279077,0.0,0.0,0.0,0.0,0.0,24,0.0,0.0,0.0,98,98,0.01020408163265306,0.0025247212286976647,-2.5977865682471335
9axg,6364,6372.0,6380,6364,0.0,0.0,0.0169491525739431,0.0,0.0338983051478862,0.0,159,78,False,3.803730170974544,2.857682869629304,-0.0169491525739431,0.0,0.0,0.0,0.0,59,0.0169491525739431,0.0338983051478862,-0.0169491525739431,81,81,0.037037037037037035,0.009338398227287116,-2.029727609926986
9b2g,13000,13020.0,13040,13000,0.4945054948329925,0.9166666865348816,0.9230769276618958,1.0,0.1208791211247444,0.2222222238779068,597,298,False,4.113943352306837,2.8768352202687093,0.8021978065371513,0.7133023636832038,0.478021978021978,0.7032967032967034,0.8333333333333334,182,0.9230769276618958,0.1208791211247444,0.8021978065371513,299,299,0.0033444816053511705,0.0020426028596440037,-2.68981606441561
9b2u,2,1849.5,2,3697,0.0,0.0,0.0588235296308994,0.0,0.1764705926179886,0.3333333432674408,333,4,False,0.3010299956639812,0.0,-0.1176470629870891,0.0197848143782399,0.0588235294117647,0.0,0.0,17,0.0588235296308994,0.1764705926179886,-0.11764706298708918,329,329,0.9878419452887538,0.012917933130699088,-1.8888069678996628
9b4e,2827,2827.0,2827,2827,0.0132450331002473,0.0,0.9072847962379456,1.0,0.0,0.0,778,389,True,3.4513258084895195,2.156351007826666,0.9072847962379456,0.0,0.0,0.0,0.0,151,0.9072847962379456,0.0,0.9072847962379456,389,389,0.0,0.0009978786817427853,-3.000922255358246
9b4f,2835,2835.0,2835,2835,0.0162601619958877,0.0,0.8130081295967102,1.0,0.0731707289814949,0.0833333358168602,670,335,True,3.452553063228925,2.190030659710503,0.7398374006152153,0.0,0.0,0.0,0.0,123,0.8130081295967102,0.0731707289814949,0.7398374006152153,335,335,0.0,0.001096012474938739,-2.9601845026342923
9b4g,2860,2860.0,2860,2860,0.0132450331002473,0.0,0.9072847962379456,1.0,0.1456953585147857,0.2666666805744171,776,388,True,3.456366033129043,2.1619501703319397,0.7615894377231598,0.0,0.0,0.0,0.0,151,0.9072847962379456,0.1456953585147857,0.7615894377231598,388,388,0.0,0.0010030290147730896,-2.9986865038952453
9b4u,1338,1338.0,1338,1338,0.0,0.0,0.0,0.0,0.0,0.0,284,142,True,3.1264561134318045,2.050311941240276,0.0,0.0,0.0,0.0,0.0,37,0.0,0.0,0.0,142,142,0.0,0.0018349533822654236,-2.736374964699118
9b7a,17824,17824.0,17824,17824,0.1044776067137718,0.0,0.8656716346740723,1.0,0.0746268630027771,0.0,336,168,True,4.251005173493635,3.1383505326307035,0.7910447716712952,0.2127210082776385,0.1343283582089552,0.1818181818181818,0.3076923076923077,67,0.8656716346740723,0.0746268630027771,0.7910447716712952,168,168,0.0,0.0023738662131519276,-2.6245437607508992
9b7y,6353,6353.0,6353,6353,0.0,0.0,0.7627118825912476,1.0,0.0,0.0,770,385,True,3.8029788553352617,2.510248490581012,0.7627118825912476,0.0,0.0,0.0,0.0,59,0.7627118825912476,0.0,0.7627118825912476,385,385,0.0,0.0003980435149266318,-3.400069447374857
9b9n,146,146.0,146,146,0.0943396240472793,0.380952388048172,0.9339622855186462,1.0,0.0,0.0,650,325,True,2.164352855784437,0.908411175295,0.9339622855186462,0.3042042692845801,0.1509433962264151,0.3018867924528302,0.4761904761904761,106,0.9339622855186462,0.0,0.9339622855186462,325,325,0.0,0.0010035502958579883,-2.9984608566929785
9b9o,147,148.0,149,147,0.0934579372406005,0.380952388048172,0.9252336621284484,1.0,0.0,0.0,653,326,False,2.167317334748176,0.9107085347142068,0.9252336621284484,0.3027587406957558,0.1495327102803738,0.3018867924528302,0.4761904761904761,107,0.9252336621284484,0.0,0.9252336621284484,327,327,0.0030581039755351682,0.0010037335134425245,-2.9983815750430156
9bd4,2462,2546.5,2462,2631,0.2142857164144516,0.3571428656578064,0.9571428298950196,1.0,0.3571428656578064,0.5,479,239,False,3.3912880485952974,2.2020890981212284,0.5999999642372131,0.084049763931749,0.0857142857142857,0.0857142857142857,0.1428571428571428,70,0.9571428298950196,0.3571428656578064,0.5999999642372132,240,240,0.004166666666666667,0.0012203626220362621,-2.913511102645487
9bfr,126,126.0,126,126,0.0,0.0,0.0,0.0,0.0,0.0,766,383,True,2.100370545117563,0.8087711581332516,0.0,0.0,0.0,0.0,0.0,106,0.0,0.0,0.0,383,383,0.0,0.0007226172378296941,-3.1410916826724753
9bgl,700,1657.0,2614,700,0.0,0.0,0.0571428574621677,0.0,0.0,0.0,264,51,False,2.845098040014257,1.9913129519652888,0.0571428574621677,0.0,0.0,0.0,0.0,35,0.0571428574621677,0.0,0.0571428574621677,213,213,0.7605633802816901,0.003221946055417472,-2.4918817351863987
9biy,508,836.5,508,1165,0.0,0.0,0.807692289352417,1.0,0.2884615361690521,0.4000000059604645,343,84,False,2.7058637122839198,1.7437240692529783,0.5192307531833649,0.0,0.0,0.0,0.0,52,0.807692289352417,0.2884615361690521,0.5192307531833649,259,259,0.6756756756756757,0.0023901452472881043,-2.6215757065083345
9blq,1603,1966.5,1603,2330,0.0,0.0,0.0,0.0,0.0,0.0,402,195,False,3.204933522354145,2.0599162166728857,0.0,0.0,0.0,0.0,0.0,41,0.0,0.0,0.0,207,207,0.057971014492753624,0.0010157314505140592,-2.9932211000997
9bou,6012,6358.0,6012,6704,0.0260416679084301,0.0,0.875,1.0,0.0,0.0,577,284,False,3.779018971914871,2.552359801891352,0.875,0.0224632012703533,0.0208333333333333,0.0416666666666666,0.0,192,0.875,0.0,0.875,293,293,0.030716723549488054,0.0023073595154545017,-2.6368847316975974
9bur,314,1655.0,2996,314,0.0,0.0,0.3219178020954132,0.8620689511299133,0.0,0.0,705,42,False,2.496929648073215,1.6853050028742649,0.3219178020954132,0.0,0.0,0.0,0.0,146,0.3219178020954132,0.0,0.3219178020954132,663,663,0.9366515837104072,0.005243122890181713,-2.2804099630182364
9bux,300,1663.5,3027,300,0.0,0.0,0.3207547068595886,0.1428571492433548,0.0094339624047279,0.0,699,35,False,2.4771212547196626,1.7050872325445243,0.3113207444548607,0.0,0.0,0.0,0.0,106,0.3207547068595886,0.0094339624047279,0.31132074445486074,664,664,0.947289156626506,0.004561101549053356,-2.3409302584535228
9bvk,2671,2855.5,3040,2671,0.0,0.0,0.550561785697937,1.0,0.0,0.0,726,33,False,3.426673888021373,2.667416918082429,0.550561785697937,0.0,0.0,0.0,0.0,89,0.550561785697937,0.0,0.550561785697937,693,693,0.9523809523809523,0.003891731164458437,-2.4098571678447813
9bvl,2643,2841.5,3040,2643,0.0,0.0,0.5632184147834778,1.0,0.0,0.0,724,31,False,3.4220971631317103,2.676416316214574,0.5632184147834778,0.0,0.0,0.0,0.0,87,0.5632184147834778,0.0,0.5632184147834778,693,693,0.9552669552669553,0.004049713727133082,-2.392575675827461
9bvm,3040,3121.5,3040,3203,0.0,0.0,0.5384615659713745,1.0,0.0,0.0,728,35,False,3.482873583608754,2.710839561433616,0.5384615659713745,0.0,0.0,0.0,0.0,91,0.5384615659713745,0.0,0.5384615659713745,693,693,0.9494949494949495,0.003751803751803752,-2.425759886640989
9bvp,190,1615.0,3040,190,0.0,0.0,0.4631578922271728,1.0,0.0631578937172889,0.0,728,35,False,2.278753600952829,1.5067195787776912,0.3999999985098839,0.0033452151319622,0.0105263157894736,0.0,0.0,95,0.4631578922271728,0.0631578937172889,0.3999999985098839,693,693,0.9494949494949495,0.003916718202432488,-2.4070776736732347
9bvq,138,1901.0,3664,138,0.0,0.0,0.4623655974864959,1.0,0.0430107526481151,0.0555555559694767,700,35,False,2.1398790864012365,1.3678450642260986,0.4193548448383808,0.0,0.0,0.0,0.0,93,0.4623655974864959,0.0430107526481151,0.4193548448383808,665,665,0.9473684210526315,0.003995703544575725,-2.398406741099445
9bvr,3040,3564.5,3040,4089,0.0,0.0,0.4903846085071563,1.0,0.0288461539894342,0.0,754,61,False,3.482873583608754,2.5902086661033703,0.4615384545177221,0.0,0.0,0.0,0.0,104,0.4903846085071563,0.0288461539894342,0.46153845451772213,693,693,0.911976911976912,0.002460199181510657,-2.6090297303237935
9bwf,7044,7124.0,7044,7204,0.6369863152503967,0.9655172228813172,0.8904109597206116,1.0,0.1164383590221405,0.3793103396892547,235,117,False,3.847819347295239,2.8137264164221585,0.7739726006984711,0.8728604868837367,0.6712328767123288,0.9041095890410958,1.0,146,0.8904109597206116,0.1164383590221405,0.7739726006984711,118,118,0.00847457627118644,0.010575112270027524,-1.97571501326785
9bwh,7044,7044.0,7044,7044,0.5999999642372131,0.9629629850387572,0.9185185432434082,1.0,0.1259259283542633,0.4074074029922485,234,117,True,3.847819347295239,2.8137264164221585,0.7925926148891449,0.8855139227376498,0.6814814814814815,0.9104477611940298,1.0,135,0.9185185432434082,0.1259259283542633,0.7925926148891449,117,117,0.0,0.009861932938856016,-2.0060379549973173
9bwi,6929,6952.5,6929,6976,0.6764705777168274,0.9629629850387572,0.8088235259056091,1.0,0.125,0.3703703582286834,236,117,False,3.840670561333409,2.8065776304603283,0.6838235259056091,0.9019248435669088,0.7058823529411765,0.9264705882352942,1.0,136,0.8088235259056091,0.125,0.6838235259056091,119,119,0.01680672268907563,0.009768009768009768,-2.010193914768475
9bxl,3300,3354.0,3300,3408,0.0,0.0,0.0,0.0,0.0,0.0,489,244,False,3.5185139398778875,2.3248190267085227,0.0,0.0,0.0,0.0,0.0,21,0.0,0.0,0.0,245,245,0.004081632653061225,0.000351288056206089,-3.4543366159693427
9bxm,3300,3356.0,3412,3300,0.0,0.0,0.0,0.0,0.0,0.0,487,242,False,3.5185139398778875,2.326606256887672,0.0,0.0,0.0,0.0,0.0,22,0.0,0.0,0.0,245,245,0.012244897959183673,0.00037105751391465676,-3.4305587695227575
9bxn,3300,3316.0,3332,3300,0.0,0.0,0.0,0.0,0.0,0.0,492,245,False,3.5185139398778875,2.323930897695621,0.0,0.0,0.0,0.0,0.0,23,0.0,0.0,0.0,247,247,0.008097165991902834,0.0003800710567627861,-3.4201352016066053
9c3b,593,920.0,1247,593,0.0454545468091964,0.125,0.8409090638160706,1.0,0.0,0.0,588,143,False,2.7730546933642626,1.6953866746317316,0.8409090638160706,0.0867039615181198,0.0681818181818181,0.0454545454545454,0.125,44,0.8409090638160706,0.0,0.8409090638160706,445,445,0.6786516853932584,0.0006914433880726015,-3.160243371959806
9c5g,5409,5418.0,5427,5409,0.0173160172998905,0.0217391308397054,0.9134199023246764,1.0,0.0086580086499452,0.0,578,288,False,3.733116981442064,2.503420737562449,0.9047618936747313,0.0105738966259166,0.0173160173160173,0.008695652173913,0.0,231,0.9134199023246764,0.0086580086499452,0.9047618936747313,290,290,0.006896551724137931,0.0027658045977011496,-2.5581785057660427
9c68,351,372.5,394,351,0.0125000001862645,0.0625,0.8500000238418579,1.0,0.0,0.0,328,161,False,2.545307116465824,1.4418941784498993,0.8500000238418579,0.32979847339886,0.15,0.225,0.375,80,0.8500000238418579,0.0,0.8500000238418579,167,167,0.03592814371257485,0.002975415628370588,-2.5264523601874895
9c69,355,355.0,355,355,0.039215687662363,0.1000000014901161,0.8235294222831726,0.4000000059604645,0.0,0.0,328,164,True,2.550228353055094,1.4428064290312452,0.8235294222831726,0.4771277281688619,0.2156862745098039,0.36,0.8,51,0.8235294222831726,0.0,0.8235294222831726,164,164,0.0,0.001896192742415229,-2.722117519997459
9c6t,8645,9245.0,8645,9845,0.0,0.0,0.1203703731298446,0.190476194024086,0.0,0.0,448,222,False,3.9367649976099415,2.763588510384622,0.1203703731298446,0.0,0.0,0.0,0.0,108,0.1203703731298446,0.0,0.1203703731298446,226,226,0.017699115044247787,0.0021525950729490554,-2.6670376581110897
9c7o,1109,1109.0,1109,1109,0.0434782616794109,0.2222222238779068,0.0,0.0,0.1956521719694137,0.0,152,76,True,3.04493154614916,2.1045247500087645,-0.1956521719694137,0.5760752573713965,0.391304347826087,0.5652173913043478,0.7777777777777778,46,0.0,0.1956521719694137,-0.1956521719694137,76,76,0.0,0.00796398891966759,-2.0988693528800084
9c8a,9530,9785.5,10041,9530,0.0,0.0,0.0,0.0,0.0,0.0,766,382,False,3.979092900638326,2.688061219182472,0.0,0.1208774959911804,0.081081081081081,0.1666666666666666,0.1428571428571428,37,0.0,0.0,0.0,384,384,0.005208333333333333,0.00025223603839441533,-3.5981928632122444
9c8b,10228,10408.0,10588,10228,0.0,0.0,0.0,0.0,0.0,0.0,764,381,False,4.009790719354298,2.719328231516488,0.0,0.1237190630720165,0.0833333333333333,0.1666666666666666,0.1428571428571428,36,0.0,0.0,0.0,383,383,0.005221932114882507,0.0002467054542464176,-3.607821248876955
9c8w,316,316.5,317,316,0.0,0.0,0.0,0.0,0.0,0.0,118,58,False,2.499687082618404,1.6179730858369352,0.0,0.0,0.0,0.0,0.0,28,0.0,0.0,0.0,60,60,0.03333333333333333,0.008045977011494253,-2.0944212126043618
9c95,1234,1234.0,1234,1234,0.0,0.0,0.9056603908538818,1.0,0.0,0.0,668,334,True,3.091315159697223,1.8294419262914403,0.9056603908538818,0.0,0.0,0.0,0.0,106,0.9056603908538818,0.0,0.9056603908538818,334,334,0.0,0.0009501954175481373,-3.0221870683583587
9c99,1234,1234.0,1234,1234,0.0,0.0,0.9047619104385376,1.0,0.0,0.0,668,334,True,3.091315159697223,1.8294419262914403,0.9047619104385376,0.0,0.0,0.0,0.0,105,0.9047619104385376,0.0,0.9047619104385376,334,334,0.0,0.000941231309835419,-3.026303634553191
9c9a,1234,1234.0,1234,1234,0.0,0.0,0.9056603908538818,1.0,0.0,0.0,668,334,True,3.091315159697223,1.8294419262914403,0.9056603908538818,0.0,0.0,0.0,0.0,106,0.9056603908538818,0.0,0.9056603908538818,334,334,0.0,0.0009501954175481373,-3.0221870683583587
9c9b,1151,1192.5,1234,1151,0.0,0.0,0.8981481194496155,1.0,0.0,0.0,667,333,False,3.061075323629792,1.799853206876632,0.8981481194496155,0.0,0.0,0.0,0.0,108,0.8981481194496155,0.0,0.8981481194496155,334,334,0.0029940119760479044,0.0009710309111506716,-3.0127669448309344
9c9q,1404,1419.5,1404,1435,0.0727969333529472,0.0576923117041587,0.7854406237602234,1.0,0.0153256701305508,0.0,908,452,False,3.1473671077937864,1.8197978903880956,0.7701149536296725,0.1238333991399277,0.10727969348659,0.123076923076923,0.1538461538461538,261,0.7854406237602234,0.0153256701305508,0.7701149536296726,456,456,0.008771929824561403,0.001266301816488123,-2.897462770137536
9c9r,1343,1367.5,1343,1392,0.0748031511902809,0.0399999991059303,0.8110235929489136,1.0,0.0354330725967884,0.1000000014901161,905,451,False,3.1280760126687155,1.800987741729735,0.7755905203521252,0.1164074752888819,0.0984251968503937,0.1023622047244094,0.14,254,0.8110235929489136,0.0354330725967884,0.7755905203521252,454,454,0.006607929515418502,0.0012405130058509236,-2.9063986781151265
9ccv,16,666.0,16,1316,0.0212765950709581,0.0,0.2978723347187042,0.7777777910232544,0.074468083679676,0.0,268,132,False,1.2041199826559248,0.1438330170529999,0.2234042510390281,0.019124783470965,0.0319148936170212,0.0425531914893617,0.0,94,0.2978723347187042,0.074468083679676,0.22340425103902822,136,136,0.029411764705882353,0.005236185383244207,-2.2809849859763687
9cd2,1962,2003.5,2045,1962,0.0,0.0,0.8958333134651184,1.0,0.0,0.0,427,213,False,3.29269900304393,2.128509201324561,0.8958333134651184,0.0,0.0,0.0,0.0,48,0.8958333134651184,0.0,0.8958333134651184,214,214,0.004672897196261682,0.0010530472554955903,-2.9775521394123414
9cdv,1255,1300.5,1346,1255,0.0,0.0,0.0,0.0,0.0,0.0,884,434,False,3.098643725817057,1.7798988610608015,0.0,0.0,0.0,0.0,0.0,46,0.0,0.0,0.0,450,450,0.035555555555555556,0.00023553507424475166,-3.6279444116062805
9cen,1673,1702.5,1732,1673,0.1844660192728042,0.3499999940395355,0.8543689250946045,1.0,0.0,0.0,835,410,False,3.2234959409623944,1.9171040126025267,0.8543689250946045,0.3373008749726566,0.233009708737864,0.2941176470588235,0.45,103,0.8543689250946045,0.0,0.8543689250946045,425,425,0.03529411764705882,0.0005911047345767576,-3.2283355620648746
9cfs,2,2.0,2,2,0.1627907007932663,0.0799999982118606,0.9767441749572754,1.0,0.9767441749572754,1.0,170,85,True,0.3010299956639812,-0.6636794671931652,0.0,0.1676953109285339,0.1782945736434108,0.171875,0.12,129,0.9767441749572754,0.9767441749572754,0.0,85,85,0.0,0.017854671280276818,-1.7482481411293365
9ci7,1538,2124.5,2711,1538,0.0,0.0,0.875,1.0,0.0,0.0,199,53,False,3.186956335465412,2.3248184006650177,0.875,0.0,0.0,0.0,0.0,64,0.875,0.0,0.875,146,146,0.636986301369863,0.008270871026104937,-2.082448751401339
9ckf,20613,20706.5,20800,20613,0.0,0.0,0.0,0.0,0.0,0.0,859,429,False,4.314141203260571,2.997912557168209,0.0,0.0,0.0,0.0,0.0,25,0.0,0.0,0.0,430,430,0.002325581395348837,0.00013552339133734482,-3.867985739092273
9ckx,8607,8607.0,8607,8607,0.0,0.0,0.1199999973177909,0.2222222238779068,0.0399999991059303,0.0444444455206394,444,222,True,3.9348518029656607,2.7616753157403413,0.0799999982118606,0.000726364593482,0.0044444444444444,0.0,0.0,225,0.1199999973177909,0.0399999991059303,0.0799999982118606,222,222,0.0,0.004565376186997808,-2.340523430789915
9cp7,13427,13439.0,13451,13427,0.0592592619359493,0.0617283955216407,0.8864197731018066,1.0,0.0,0.0,871,435,False,4.127978988916909,2.8087343604395905,0.8864197731018066,0.0372354531405769,0.0469135802469135,0.0396039603960396,0.0246913580246913,405,0.8864197731018066,0.0,0.8864197731018066,436,436,0.0022935779816513763,0.0021354001898133503,-2.670520723008555
9cp8,13451,13451.0,13451,13451,0.0655339807271957,0.0731707289814949,0.905339777469635,1.0,0.0,0.0,872,436,True,4.128754572690689,2.809011328056396,0.905339777469635,0.0408685051451402,0.0412621359223301,0.0436893203883495,0.024390243902439,412,0.905339777469635,0.0,0.905339777469635,436,436,0.0,0.0021673259826613923,-2.6640757625040377
9cp9,13204,13204.0,13204,13204,0.0490196086466312,0.0617283955216407,0.8970588445663452,1.0,0.0,0.0,870,435,True,4.120705515658274,2.8014608871809554,0.8970588445663452,0.0404878180933696,0.0441176470588235,0.0392156862745098,0.0246913580246913,408,0.8970588445663452,0.0,0.8970588445663452,435,435,0.0,0.002156163297661514,-2.666318350819395
9cpz,7257,7282.5,7308,7257,0.1162790656089782,0.1568627506494522,0.8875969052314758,1.0,0.0,0.0,935,465,False,3.8607571230815423,2.527030646636565,0.8875969052314758,0.2022305892236611,0.1511627906976744,0.2093023255813953,0.2745098039215686,258,0.8875969052314758,0.0,0.8875969052314758,470,470,0.010638297872340425,0.0011805078929306794,-2.9279311048624415
9crz,2656,2809.0,2962,2656,0.0416666679084301,0.0,0.0,0.0,0.0,0.0,624,311,False,3.42422807069598,2.177847876182561,0.0,0.0440875431206818,0.0416666666666666,0.0833333333333333,0.0,24,0.0,0.0,0.0,313,313,0.006389776357827476,0.0002465508562505779,-3.60809348486168
9cu3,2968,3082.5,2968,3197,0.0233644843101501,0.0238095242530107,0.0420560762286186,0.1190476194024086,0.0046728970482945,0.0,399,196,False,3.4724638966069894,2.326335860928752,0.037383179180324,0.0382597015472689,0.0420560747663551,0.0373831775700934,0.0238095238095238,214,0.0420560762286186,0.0046728970482945,0.0373831791803241,203,203,0.034482758620689655,0.00537850608223585,-2.269338335920498
9cu8,2,2985.5,2,5969,0.0,0.0,0.800000011920929,1.0,0.4615384638309479,0.8461538553237915,285,106,False,0.3010299956639812,-0.711622936968404,0.3384615480899811,0.0,0.0,0.0,0.0,65,0.800000011920929,0.4615384638309479,0.3384615480899811,179,179,0.40782122905027934,0.003425740486982186,-2.465245539601808
9cys,2188,2400.0,2612,2188,0.0,0.0,0.0,0.0,0.0,0.0,506,229,False,3.340047317661393,2.160129576491449,0.0,0.0050547353899989,0.008130081300813,0.008130081300813,0.0,246,0.0,0.0,0.0,277,277,0.17328519855595667,0.003878107609603834,-2.4113801443009573
9czs,1191,1268.0,1345,1191,0.0833333358168602,0.3333333432674408,0.5416666865348816,1.0,0.0,0.0,331,165,False,3.0759117614827773,1.967169789375824,0.5416666865348816,0.249344209033121,0.0833333333333333,0.1666666666666666,0.4444444444444444,48,0.5416666865348816,0.0,0.5416666865348816,166,166,0.006024096385542169,0.0017524644030668128,-2.756350794878374
9d4s,2457,2511.0,2457,2565,0.0,0.0,0.847328245639801,1.0,0.0152671756222844,0.0384615398943424,815,407,False,3.390405156480081,2.085607951867471,0.8320610700175166,0.0,0.0,0.0,0.0,131,0.847328245639801,0.0152671756222844,0.8320610700175166,408,408,0.0024509803921568627,0.0007888904947728477,-3.102983276659336
9d5x,2635,2720.0,2635,2805,0.0,0.0,0.8661971688270569,1.0,0.0,0.0,782,390,False,3.420780619548565,2.125248316035316,0.8661971688270569,0.0,0.0,0.0,0.0,142,0.8661971688270569,0.0,0.8661971688270569,392,392,0.00510204081632653,0.0009288330716902145,-3.0320623296639
9d7l,9807,10180.0,10553,9807,0.0,0.0,0.1052631586790084,0.5714285969734192,0.0,0.0,764,380,False,3.991536175300032,2.7016443769916263,0.1052631586790084,0.1270771851345538,0.0789473684210526,0.1578947368421052,0.1428571428571428,38,0.1052631586790084,0.0,0.1052631586790084,384,384,0.010416666666666666,0.00026041666666666666,-3.584331224367531
9day,1708,1726.0,1708,1744,0.5,0.9642857313156128,0.6857143044471741,1.0,0.0928571447730064,0.0,465,228,False,3.232487866352986,2.053520442852759,0.5928571596741676,0.764026303787283,0.5214285714285715,0.7714285714285715,0.9285714285714286,140,0.6857143044471741,0.0928571447730064,0.5928571596741676,237,237,0.0379746835443038,0.002590865349026575,-2.5865551573323198
9dcr,327,327.0,327,327,0.0,0.0,0.8571428656578064,1.0,0.0,0.0,429,214,False,2.514547752660286,1.3493408659856907,0.8571428656578064,0.0,0.0,0.0,0.0,98,0.8571428656578064,0.0,0.8571428656578064,215,215,0.004651162790697674,0.0021299717452727667,-2.6716261575723013
9dds,2059,2512.0,2965,2059,0.0,0.0,0.1333333402872085,0.0,0.0,0.0,328,164,False,3.3136563466180315,2.2062344225941826,0.1333333402872085,0.0,0.0,0.0,0.0,15,0.1333333402872085,0.0,0.1333333402872085,164,164,0.0,0.000557703747769185,-3.2535964370397146
9ddt,2077,3991.5,2077,5906,0.0,0.0,0.7777777910232544,1.0,0.0,0.0,286,121,False,3.317436496535099,2.276043811376874,0.7777777910232544,0.0,0.0,0.0,0.0,54,0.7777777910232544,0.0,0.7777777910232544,165,165,0.26666666666666666,0.00270473328324568,-2.567875554707388
9dex,17110,17127.5,17145,17110,0.0645161271095275,0.0,0.8870967626571655,1.0,0.0322580635547637,0.0,333,166,False,4.2332500095411,3.123195965521073,0.8548386991024017,0.2202901196237755,0.1612903225806451,0.1935483870967742,0.3333333333333333,62,0.8870967626571655,0.0322580635547637,0.8548386991024018,167,167,0.005988023952095809,0.002236490873674338,-2.6504328696893844
9dir,2,2022.0,2,4042,0.0,0.0,0.84112149477005,1.0,0.0,0.0,756,127,False,0.3010299956639812,-0.7508718648139971,0.84112149477005,0.0,0.0,0.0,0.0,107,0.84112149477005,0.0,0.84112149477005,629,629,0.7980922098569158,0.0013394589587271384,-2.873070588716016
9dis,2,2045.5,2,4089,0.0,0.0,0.7534246444702148,0.9285714030265808,0.0,0.0,741,114,False,0.3010299956639812,-0.7274224300042551,0.7534246444702148,0.0,0.0,0.0,0.0,73,0.7534246444702148,0.0,0.7534246444702148,627,627,0.8181818181818182,0.001021293265060578,-2.990849532046733
9dk1,794,1228.5,1663,794,0.0,0.0,0.8620689511299133,1.0,0.0,0.0,651,316,False,2.8998205024270964,1.6499769611178945,0.8620689511299133,0.0,0.0,0.0,0.0,58,0.8620689511299133,0.0,0.8620689511299133,335,335,0.056716417910447764,0.0005478934441715473,-3.2613038960923117
9dk2,884,1343.5,1803,884,0.0,0.0,0.8703703880310059,1.0,0.0,0.0,648,308,False,2.946452265013073,1.702176906762851,0.8703703880310059,0.0,0.0,0.0,0.0,54,0.8703703880310059,0.0,0.8703703880310059,340,340,0.09411764705882353,0.0005156608097784569,-3.2876358737197307
9dk3,760,1363.5,1967,760,0.0,0.0,0.92592591047287,1.0,0.0,0.0,655,313,False,2.880813592280792,1.6330414235075672,0.92592591047287,0.0,0.0,0.0,0.0,54,0.92592591047287,0.0,0.92592591047287,342,342,0.0847953216374269,0.0005044560282495376,-3.297176683779615
9dmx,5327,5455.5,5584,5327,0.08780487626791,0.195121943950653,0.492682933807373,0.707317054271698,0.2634146213531494,0.2682926952838897,869,434,False,3.7264826967848297,2.407737832028574,0.2292683124542236,0.1941477417288008,0.1121951219512195,0.1666666666666666,0.2682926829268293,205,0.492682933807373,0.2634146213531494,0.22926831245422358,435,435,0.0022988505747126436,0.0010858625986545898,-2.9642251254113936
9dq0,3861,3862.5,3861,3864,0.0,0.0,0.0,0.0,0.0,0.0,451,225,False,3.586699801624049,2.410608542568368,0.0,0.0,0.0,0.0,0.0,32,0.0,0.0,0.0,226,226,0.004424778761061947,0.0006293018682399213,-3.2011409789388576
9dq1,3861,3861.0,3861,3861,0.0,0.0,0.0,0.0,0.0,0.0,452,226,True,3.586699801624049,2.4096455820503486,0.0,0.0,0.0,0.0,0.0,28,0.0,0.0,0.0,226,226,0.0,0.0005482026783616571,-3.2610588469525825
9dq2,3861,3861.0,3861,3861,0.0,0.0,0.0,0.0,0.0,0.0,452,226,True,3.586699801624049,2.4096455820503486,0.0,0.0,0.0,0.0,0.0,31,0.0,0.0,0.0,226,226,0.0,0.0006069386796146918,-3.2168551844605293
9dqm,9258,9347.5,9258,9437,0.0,0.0,0.7884615659713745,1.0,0.0,0.0,841,420,False,3.966517176446792,2.654892531247841,0.7884615659713745,0.0,0.0,0.0,0.0,104,0.7884615659713745,0.0,0.7884615659713745,421,421,0.0023752969121140144,0.0005881687591901369,-3.2304980469347884
9dqp,4228,4237.5,4247,4228,0.0,0.0,0.0,0.0,0.0,0.0,450,220,False,3.6261349786353887,2.4549236382242854,0.0,0.0,0.0,0.0,0.0,44,0.0,0.0,0.0,230,230,0.043478260869565216,0.0008695652173913044,-3.060697840353612
9dqq,3777,3990.0,4203,3777,0.0,0.0,0.0,0.0,0.0,0.0,435,206,False,3.577146984827525,2.420213374642948,0.0,0.0,0.0,0.0,0.0,43,0.0,0.0,0.0,229,229,0.10043668122270742,0.0009115190571077289,-3.040234247129455
9dqr,4025,4136.0,4247,4025,0.0,0.0,0.0,0.0,0.0,0.0,456,226,False,3.604765884703888,2.427711665130187,0.0,0.0,0.0,0.0,0.0,44,0.0,0.0,0.0,230,230,0.017391304347826087,0.0008464794151596768,-3.0723835986788064
9dri,8558,8602.0,8558,8646,0.2140350937843322,0.4385964870452881,0.800000011920929,1.0,0.0,0.0,920,459,False,3.932372282147914,2.6014659393792834,0.800000011920929,0.4174483165759499,0.3052631578947368,0.4225352112676056,0.5087719298245614,285,0.800000011920929,0.0,0.800000011920929,461,461,0.004338394793926247,0.0013468872726241617,-2.8706687509183992
9dro,3989,3989.0,3989,3989,0.015625,0.0263157896697521,0.1041666641831398,0.0526315793395042,0.0729166641831398,0.1578947305679321,554,277,True,3.60086403630984,2.379624151777615,0.03125,0.002927033157089,0.0104166666666666,0.0,0.0,384,0.1041666641831398,0.0729166641831398,0.03125,277,277,0.0,0.005004626673096222,-2.3006283137613663
9dsb,5776,5814.5,5776,5853,0.0470085479319095,0.1521739214658737,0.0,0.0,0.3589743673801422,0.6304348111152649,293,146,False,3.761627184561583,2.679450756669364,-0.3589743673801422,0.1047689201163059,0.0512820512820512,0.0683760683760683,0.1304347826086956,234,0.0,0.3589743673801422,-0.3589743673801422,147,147,0.006802721088435374,0.01090299133351971,-1.9624543331224704
9dur,4773,6420.5,8068,4773,0.0,0.0,0.0,0.0,0.0,0.0,504,138,False,3.678791434366244,2.6088518911656258,0.0,0.0,0.0,0.0,0.0,40,0.0,0.0,0.0,366,366,0.6229508196721312,0.0007919537499010057,-3.101300180467685
9dws,6685,6874.5,6685,7064,0.375,0.8500000238418579,0.6730769276618958,0.8999999761581421,0.0384615398943424,0.0,579,289,False,3.8251014115980033,2.594652490219729,0.6346153877675533,0.6615844616670683,0.4038461538461538,0.6730769230769231,0.85,104,0.6730769276618958,0.0384615398943424,0.6346153877675533,290,290,0.0034482758620689655,0.0012409020403293164,-2.9062625013567236
9dxi,892,923.5,955,892,0.0454545430839061,0.0454545468091964,0.0,0.0,0.0,0.0,279,137,False,2.950364854376123,1.88200457079792,0.0,0.0518402940782489,0.0727272727272727,0.0363636363636363,0.0454545454545454,110,0.0,0.0,0.0,142,142,0.035211267605633804,0.0056543641410506836,-2.247616226381238
9e4s,1283,1295.5,1283,1308,0.0,0.0,0.7666666507720947,1.0,0.0,0.0,821,401,False,3.1082266563749283,1.8066544700648373,0.7666666507720947,0.0529978402158623,0.0166666666666666,0.0333333333333333,0.0833333333333333,60,0.7666666507720947,0.0,0.7666666507720947,420,420,0.04523809523809524,0.0003562522265764161,-3.448242412634439
9e4u,1288,1321.0,1288,1354,0.0,0.0,0.7931034564971924,1.0,0.0,0.0,819,398,False,3.1099158630237933,1.8099743269869493,0.7931034564971924,0.0628664585128051,0.0172413793103448,0.0344827586206896,0.0909090909090909,58,0.7931034564971924,0.0,0.7931034564971924,421,421,0.05463182897862233,0.0003461487962377207,-3.460737174346419
9e4x,1402,1413.5,1425,1402,0.0,0.0,0.936170220375061,1.0,0.0,0.0,765,379,False,3.14674801363064,1.857428408646604,0.936170220375061,0.0554176703914351,0.0212765957446808,0.0434782608695652,0.1111111111111111,47,0.936170220375061,0.0,0.936170220375061,386,386,0.018134715025906734,0.0003212708655173828,-3.4931286567041098
9e50,1302,1340.5,1302,1379,0.0,0.0,0.8799999952316284,1.0,0.0,0.0,777,383,False,3.114610984232173,1.8230115972478615,0.8799999952316284,0.0483174400999218,0.02,0.04,0.1,50,0.8799999952316284,0.0,0.8799999952316284,394,394,0.027918781725888325,0.00033134087023366156,-3.4797249914581783
9e56,1369,1369.0,1369,1369,0.0,0.0,0.8958333134651184,1.0,0.0,0.0,769,384,False,3.13640344813399,1.8442378359502245,0.8958333134651184,0.049488830036058,0.0208333333333333,0.0416666666666666,0.1111111111111111,48,0.8958333134651184,0.0,0.8958333134651184,385,385,0.0025974025974025974,0.0003246753246753247,-3.4885507165004443
9e72,1280,1621.0,1962,1280,0.0,0.0,0.2553191483020782,0.5555555820465088,0.0,0.0,485,239,False,3.1072099696478683,1.9180110191738,0.2553191483020782,0.0,0.0,0.0,0.0,47,0.2553191483020782,0.0,0.2553191483020782,246,246,0.028455284552845527,0.0007994012994523251,-3.0972351501157993
9e92,3070,3208.0,3070,3346,0.0,0.0,0.0,0.0,0.0,0.0,887,439,False,3.4871383754771865,2.1659061153561256,0.0,0.0,0.0,0.0,0.0,97,0.0,0.0,0.0,448,448,0.020089285714285716,0.0004932069638789457,-3.3069707999740205
9ea5,2970,2980.0,2970,2990,0.0201342292129993,0.0689655169844627,0.8590604066848755,1.0,0.0,0.0,871,434,False,3.4727564493172123,2.154011584560957,0.8590604066848755,0.1936493376252568,0.1140939597315436,0.1621621621621621,0.2758620689655172,149,0.8590604066848755,0.0,0.8590604066848755,437,437,0.006864988558352402,0.0007856246506870261,-3.1047848980706583
9ebk,7837,7843.5,7850,7837,0.184523805975914,0.5454545617103577,0.8809523582458496,1.0,0.0297619048506021,0.0,438,219,False,3.894149846767922,2.723927789347863,0.8511904533952475,0.3689888509007085,0.1428571428571428,0.2857142857142857,0.696969696969697,168,0.8809523582458496,0.0297619048506021,0.8511904533952475,219,219,0.0,0.003502846062425721,-2.4555789479543737
9edj,3875,3938.5,3875,4002,0.0188172049820423,0.0270270276814699,0.1586021482944488,0.0,0.0967741906642913,0.0540540553629398,554,276,False,3.588271706842329,2.36781716580972,0.0618279576301574,0.0014326737431059,0.0080645161290322,0.0,0.0,372,0.1586021482944488,0.0967741906642913,0.0618279576301575,278,278,0.007194244604316547,0.004848295276822021,-2.3144109381013966
9efa,6283,6283.0,6283,6283,0.0,0.0,0.8292682766914368,0.9583333134651184,0.0487804859876632,0.0,700,350,True,3.798167059715939,2.5261330375408013,0.7804877907037735,0.0,0.0,0.0,0.0,123,0.8292682766914368,0.0487804859876632,0.7804877907037736,350,350,0.0,0.0010040816326530612,-2.9982309772611533
9efb,6302,6302.0,6302,6302,0.0,0.0,0.8070175647735596,1.0,0.0087719298899173,0.0,702,351,True,3.799478398837981,2.5268248406050686,0.7982456348836422,0.0,0.0,0.0,0.0,114,0.8070175647735596,0.0087719298899173,0.7982456348836423,351,351,0.0,0.000925317164633404,-3.0337093815951754
9efd,169,170.0,171,169,0.0,0.0,0.3145161271095276,0.5416666865348816,0.427419364452362,0.875,204,100,False,2.227886704613673,1.2278867046136734,-0.1129032373428344,0.0,0.0,0.0,0.0,124,0.3145161271095276,0.427419364452362,-0.11290323734283442,104,104,0.038461538461538464,0.011923076923076923,-1.9236116541365453
9eh6,5475,5475.0,5475,5475,0.0,0.0,0.0,0.0,0.0909090936183929,0.0,436,218,True,3.738384123512156,2.569155876709853,-0.0909090936183929,0.0,0.0,0.0,0.0,55,0.0,0.0909090936183929,-0.0909090936183929,218,218,0.0,0.00115730999074152,-2.936550297714966
9ejw,135,2430.0,4725,135,0.0,0.0,0.1400000005960464,0.0,0.0,0.0,286,133,False,2.130333768495006,1.0684079480114632,0.1400000005960464,0.0,0.0,0.0,0.0,50,0.1400000005960464,0.0,0.1400000005960464,153,153,0.13071895424836602,0.002457123200157256,-2.609573067448666
9enb,9459,9459.0,9459,9459,0.0,0.0,0.6857143044471741,1.0,0.0071428571827709,0.0,636,318,True,3.975845225467567,2.724631665475351,0.6785714472644031,0.0,0.0,0.0,0.0,140,0.6857143044471741,0.0071428571827709,0.6785714472644032,318,318,0.0,0.0013844389066888178,-2.8587262042906274
9enc,10759,10807.0,10759,10855,0.0,0.0,0.9270833134651184,1.0,0.0104166669771075,0.0,566,281,False,4.031771907514002,2.807418747561462,0.9166666464880108,0.0,0.0,0.0,0.0,96,0.9270833134651184,0.0104166669771075,0.9166666464880109,285,285,0.014035087719298246,0.0011987263532496721,-2.9212799468740216
9ene,9224,9224.0,9224,9224,0.0,0.0,0.8814814686775208,1.0,0.059259258210659,0.1111111119389534,658,329,True,3.9649192942866422,2.706321345311656,0.8222222104668617,0.0,0.0,0.0,0.0,135,0.8814814686775208,0.059259258210659,0.8222222104668617,329,329,0.0,0.001247216858676472,-2.9040580274049423
9enf,10585,11005.0,11425,10585,0.0399999991059303,0.0,0.7799999713897705,0.949999988079071,0.0299999993294477,0.0,530,254,False,4.024690862355431,2.822274004045462,0.7499999720603228,0.0396224792686831,0.06,0.04,0.05,100,0.7799999713897705,0.0299999993294477,0.7499999720603228,276,276,0.07971014492753623,0.0014264521282665755,-2.845742798685156
9epn,8690,8798.0,8690,8906,0.3962264060974121,0.4193548262119293,0.6666666865348816,1.0,0.138364776968956,0.2903225719928741,516,249,False,3.9390197764486654,2.740920102900798,0.5283019095659256,0.4769941142246242,0.3396226415094339,0.4177215189873418,0.5806451612903226,159,0.6666666865348816,0.138364776968956,0.5283019095659256,267,267,0.06741573033707865,0.0023915888272189882,-2.62131348413986
9eqo,73,73.0,73,73,0.0958904102444648,0.1724137961864471,0.9383561611175536,1.0,0.1849315017461776,0.1034482792019844,126,61,False,1.863322860120456,0.9706579426150724,0.753424659371376,0.1037797355434134,0.0958904109589041,0.0821917808219178,0.1034482758620689,146,0.9383561611175536,0.1849315017461776,0.753424659371376,65,65,0.06153846153846154,0.03682219419924338,-1.4338903358691855
9erv,38,1430.5,2823,38,0.0083333337679505,0.0,0.1666666716337204,0.2083333283662796,0.0,0.0,386,43,False,1.57978359661681,0.7630493688270169,0.1666666716337204,0.012261889335863,0.0166666666666666,0.0166666666666666,0.0,120,0.1666666716337204,0.0,0.1666666716337204,343,343,0.8746355685131195,0.008136144823377857,-2.0895813295747323
9eu1,13424,13438.0,13424,13452,0.0,0.0,0.0,0.0,0.0,0.0,826,412,False,4.127881943484625,2.8204333354680577,0.0,0.0,0.0,0.0,0.0,19,0.0,0.0,0.0,414,414,0.004830917874396135,0.00011139252380282351,-3.9531439562012047
9eve,527,527.0,527,527,0.0153846153989434,0.0,0.9076923131942748,1.0,0.0307692307978868,0.1538461595773697,346,173,True,2.7218106152125467,1.602787563648149,0.876923082396388,0.0,0.0,0.0,0.0,65,0.9076923131942748,0.0307692307978868,0.8769230823963879,173,173,0.0,0.002171806608974573,-2.6631788496147353
9ezz,4227,4257.5,4227,4288,0.6764705777168274,0.8518518805503845,0.8897058963775635,1.0,0.8014705777168274,1.0,123,61,False,3.626032247829019,2.7333673303236354,0.088235318660736,0.9129231915266972,0.75,0.9558823529411764,1.0,136,0.8897058963775635,0.8014705777168274,0.08823531866073608,62,62,0.016129032258064516,0.035959809624537285,-1.4441826161388034
9f0e,4250,4250.0,4250,4250,0.7322834730148315,0.8399999737739563,0.9370078444480896,1.0,0.8425197005271912,1.0,118,59,True,3.628388930050312,2.7429629242292397,0.0944881439208984,0.9383338213969874,0.8110236220472441,0.9682539682539684,1.0,127,0.9370078444480896,0.8425197005271912,0.09448814392089844,59,59,0.0,0.03648376903188739,-1.4379003023283314
9f0n,6439,6439.5,6440,6439,0.0,0.0,0.0,0.0,0.0,0.0,609,304,False,3.808818425092124,2.5673816332877477,0.0,0.0,0.0,0.0,0.0,25,0.0,0.0,0.0,305,305,0.003278688524590164,0.00026962899050905954,-3.569233414283502
9f1o,5844,5992.0,6140,5844,0.0133333336561918,0.0666666701436042,0.8266666531562805,1.0,0.0,0.0,543,267,False,3.766710207262259,2.553454576579972,0.8266666531562805,0.0,0.0,0.0,0.0,75,0.8266666531562805,0.0,0.8266666531562805,276,276,0.03260869565217391,0.001017749552190197,-2.992359080038093
9f28,84,794.0,1504,84,0.0,0.0,0.8571428656578064,1.0,0.0,0.0,555,211,False,1.9242792860618816,0.7621380584130354,0.8571428656578064,0.0,0.0,0.0,0.0,70,0.8571428656578064,0.0,0.8571428656578064,344,344,0.3866279069767442,0.0009643998677394467,-3.015742857854966
9f7e,4880,4880.0,4880,4880,0.0,0.0,0.0465116277337074,0.0,0.0465116277337074,0.125,462,231,True,3.6884198220027113,2.5066138320566385,0.0,0.0,0.0,0.0,0.0,43,0.0465116277337074,0.0465116277337074,0.0,231,231,0.0,0.0008058319746631435,-3.0937555042047022
9f7o,7218,7218.0,7218,7218,0.0,0.0,0.0,0.0,0.0,0.0,496,248,True,3.858416877723488,2.66119103731038,0.0,0.0,0.0,0.0,0.0,34,0.0,0.0,0.0,248,248,0.0,0.0005528095733610822,-3.2574244446101774
9f7v,7218,7218.0,7218,7218,0.0,0.0,0.0,0.0,0.0,0.0,496,248,True,3.858416877723488,2.66119103731038,0.0,0.0,0.0,0.0,0.0,33,0.0,0.0,0.0,248,248,0.0,0.0005365504682622268,-3.270389421774545
9f9q,10386,10386.0,10386,10386,0.0,0.0,0.8488371968269348,1.0,0.0116279069334268,0.0,564,282,True,4.016448318259037,2.791323764099357,0.837209289893508,0.0,0.0,0.0,0.0,86,0.8488371968269348,0.0116279069334268,0.8372092898935081,282,282,0.0,0.0010814345354861424,-2.9659997653951544
9fct,2083,2084.5,2086,2083,0.0,0.0,0.1351351290941238,0.1428571492433548,0.0,0.0,461,230,False,3.318689269947746,2.1378253519389494,0.1351351290941238,0.0074166266177107,0.027027027027027,0.0,0.0,37,0.1351351290941238,0.0,0.1351351290941238,231,231,0.004329004329004329,0.0006964050442311312,-3.157138091842742
9fdo,51,51.0,51,51,0.0,0.0,0.0,0.0,0.0,0.0,158,78,False,1.7075701760979365,0.7615228747526961,0.0,0.0,0.0,0.0,0.0,24,0.0,0.0,0.0,80,80,0.025,0.0038461538461538464,-2.4149733479708178
9ffk,6182,6182.0,6182,6182,0.0404411777853965,0.1296296268701553,0.8897058963775635,1.0,0.0330882370471954,0.0185185186564922,1002,501,True,3.791129000727286,2.4412101377936635,0.856617659330368,0.0626379979807064,0.0551470588235294,0.0735294117647058,0.074074074074074,272,0.8897058963775635,0.0330882370471954,0.856617659330368,501,501,0.0,0.0010836610212708315,-2.9651065477002927
9fge,6191,6191.0,6191,6191,0.0442804433405399,0.1296296268701553,0.8892989158630371,1.0,0.0332103334367275,0.0925925895571708,1002,501,True,3.791760804012905,2.441841941079282,0.8560885824263096,0.0628544960639322,0.055350553505535,0.074074074074074,0.074074074074074,271,0.8892989158630371,0.0332103334367275,0.8560885824263096,501,501,0.0,0.0010796769733985123,-2.9667061608600855
9fhk,1141,1259.0,1377,1141,0.0,0.0,0.0,0.0,0.0384615398943424,0.1000000014901161,697,348,False,3.0572856444182146,1.7864960224449242,-0.0384615398943424,0.0,0.0,0.0,0.0,52,0.0,0.0384615398943424,-0.0384615398943424,349,349,0.0028653295128939827,0.0004281526858347331,-3.3684013272709614
9fi0,6406,6415.0,6406,6424,0.0,0.0,0.8064516186714172,1.0,0.0,0.0,762,380,False,3.806586934327803,2.516695136019398,0.8064516186714172,0.0,0.0,0.0,0.0,62,0.8064516186714172,0.0,0.8064516186714172,382,382,0.005235602094240838,0.00042711490768806835,-3.369455270030265
9fnd,6451,6514.5,6578,6451,0.037267081439495,0.078125,0.8074533939361572,0.984375,0.4347825944423675,0.90625,647,317,False,3.80962704189405,2.559097410785174,0.3726707994937897,0.0491205494979292,0.0403726708074534,0.0559006211180124,0.03125,322,0.8074533939361572,0.4347825944423675,0.37267079949378973,330,330,0.03939393939393939,0.0030780996080680624,-2.511717330399808
9fqk,16495,19648.5,22802,16495,0.0068493150174617,0.0,0.8493150472640991,1.0,0.0273972600698471,0.0,863,259,False,4.217352319881362,3.0107024378407368,0.821917787194252,0.0158402788231076,0.0068493150684931,0.0136986301369863,0.0344827586206896,146,0.8493150472640991,0.0273972600698471,0.821917787194252,604,604,0.5711920529801324,0.0009332890127592115,-3.0299838469179465
9frr,16,16.0,16,16,0.0,0.0,0.3333333432674408,0.5714285969734192,0.0277777779847383,0.1428571492433548,185,91,False,1.2041199826559248,0.224599286495378,0.3055555652827024,0.0964702199277444,0.0555555555555555,0.1111111111111111,0.1428571428571428,36,0.3333333432674408,0.0277777779847383,0.3055555652827025,94,94,0.031914893617021274,0.004208557400046762,-2.375866745153505
9fsg,5252,5266.0,5252,5280,0.0,0.0,0.2131147533655166,0.2083333283662796,0.0163934417068958,0.0,750,372,False,3.7203247174174416,2.435053247476493,0.1967213116586208,0.001918450919032,0.0163934426229508,0.0,0.0,122,0.2131147533655166,0.0163934417068958,0.1967213116586208,378,378,0.015873015873015872,0.0008676110826648461,-3.0616749090443744
9fsl,2327,2551.5,2327,2776,0.0370370373129844,0.0476190485060215,0.6481481194496155,1.0,0.0185185186564922,0.0,736,368,False,3.36679638328673,2.083872473949971,0.6296296007931232,0.0480359004403858,0.0462962962962962,0.074074074074074,0.0476190476190476,108,0.6481481194496155,0.0185185186564922,0.6296296007931232,368,368,0.0,0.0007974952741020794,-3.0982718818600854
9ftc,11852,11970.0,12088,11852,0.2885906100273132,0.4482758641242981,0.7785235047340393,1.0,0.0,0.0,457,228,False,4.073791642808014,2.8948242193077864,0.7785235047340393,0.2940740780424869,0.2684563758389262,0.3108108108108108,0.2413793103448276,149,0.7785235047340393,0.0,0.7785235047340393,229,229,0.004366812227074236,0.0028537500957634262,-2.544584060928068
9fu4,2435,3742.0,5049,2435,0.0,0.0,0.8539325594902039,1.0,0.011235955171287,0.0,980,311,False,3.386498965550653,2.1401187710372342,0.8426966043189168,0.0,0.0,0.0,0.0,89,0.8539325594902039,0.011235955171287,0.8426966043189169,669,669,0.5351270553064275,0.0004277632786853729,-3.368796500149748
9fu7,2435,3742.0,5049,2435,0.0,0.0,0.8651685118675232,1.0,0.011235955171287,0.0,980,311,False,3.386498965550653,2.1401187710372342,0.8539325566962361,0.0,0.0,0.0,0.0,89,0.8651685118675232,0.011235955171287,0.8539325566962362,669,669,0.5351270553064275,0.0004277632786853729,-3.368796500149748
9fu9,2435,3742.0,5049,2435,0.0,0.0,0.8522727489471436,1.0,0.0113636367022991,0.0,980,311,False,3.386498965550653,2.1401187710372342,0.8409091122448444,0.0,0.0,0.0,0.0,88,0.8522727489471436,0.0113636367022991,0.8409091122448444,669,669,0.5351270553064275,0.00042295694971137995,-3.373703834644492
9fua,2435,3742.0,5049,2435,0.0,0.0,0.8390804529190063,1.0,0.0114942528307437,0.0,980,311,False,3.386498965550653,2.1401187710372342,0.8275862000882626,0.0,0.0,0.0,0.0,87,0.8390804529190063,0.0114942528307437,0.8275862000882627,669,669,0.5351270553064275,0.000418150620737387,-3.378667254176042
9fub,2435,3742.0,5049,2435,0.0,0.0,0.8666666746139526,1.0,0.0111111113801598,0.0,980,311,False,3.386498965550653,2.1401187710372342,0.8555555632337928,0.0,0.0,0.0,0.0,90,0.8666666746139526,0.0111111113801598,0.8555555632337928,669,669,0.5351270553064275,0.00043256960765936586,-3.3639439973553356
9fuc,2435,3742.0,5049,2435,0.0,0.0,0.8850574493408203,1.0,0.0114942528307437,0.0,980,311,False,3.386498965550653,2.1401187710372342,0.8735631965100765,0.0,0.0,0.0,0.0,87,0.8850574493408203,0.0114942528307437,0.8735631965100766,669,669,0.5351270553064275,0.000418150620737387,-3.378667254176042
9fyi,2559,2624.0,2689,2559,0.0347826071083545,0.0,0.6000000238418579,0.91304349899292,0.0,0.0,738,367,False,3.4080702858871854,2.125737253761141,0.6000000238418579,0.054793490267029,0.0521739130434782,0.087719298245614,0.0434782608695652,115,0.6000000238418579,0.0,0.6000000238418579,371,371,0.01078167115902965,0.0008446132038749384,-3.0733421335135236
9fzf,12509,12509.0,12509,12509,0.0,0.0,0.0,0.0,0.0,0.0,298,149,True,4.097222592519901,3.010629458313764,0.0,0.0,0.0,0.0,0.0,32,0.0,0.0,0.0,149,149,0.0,0.0014413765145714157,-2.8412225585046422
9fzn,4423,4434.5,4446,4423,0.0,0.0,0.8161764740943909,1.0,0.0073529412038624,0.0,721,360,False,3.645716939369604,2.36756568898596,0.8088235328905284,0.0,0.0,0.0,0.0,136,0.8161764740943909,0.0073529412038624,0.8088235328905284,361,361,0.002770083102493075,0.001046475838719606,-2.9802707943027276
9fzw,14798,14869.0,14798,14940,0.039473682641983,0.0,0.7763158082962036,0.7333333492279053,0.0,0.0,878,438,False,4.170203022985664,2.8494659677336145,0.7763158082962036,0.0,0.0,0.0,0.0,76,0.7763158082962036,0.0,0.7763158082962036,440,440,0.004545454545454545,0.000394354503943545,-3.404113194709496
9g0w,2259,2259.0,2259,2259,0.0672268941998481,0.260869562625885,0.9327731132507324,1.0,0.0,0.0,640,320,True,3.353916230920363,2.10134124176041,0.9327731132507324,0.1652315923162012,0.1176470588235294,0.1694915254237288,0.217391304347826,119,0.9327731132507324,0.0,0.9327731132507324,320,320,0.0,0.001162109375,-2.934752995247281
9g0x,2259,2300.5,2259,2342,0.0593220330774784,0.2173913121223449,0.9322034120559692,1.0,0.0,0.0,642,320,False,3.353916230920363,2.10134124176041,0.9322034120559692,0.1422602055280828,0.1101694915254237,0.1186440677966101,0.217391304347826,118,0.9322034120559692,0.0,0.9322034120559692,322,322,0.006211180124223602,0.0011451863354037268,-2.9411238427096116
9g0z,2342,2342.0,2342,2342,0.0495867729187011,0.1666666716337204,0.9090909361839294,1.0,0.0,0.0,644,322,True,3.369586890736344,2.1156589548884286,0.9090909361839294,0.1340011806648278,0.0991735537190082,0.1166666666666666,0.2083333333333333,121,0.9090909361839294,0.0,0.9090909361839294,322,322,0.0,0.0011670074457003974,-2.9329263730752118
9g10,2342,2342.0,2342,2342,0.065040647983551,0.25,0.9186992049217224,1.0,0.0,0.0,644,322,True,3.369586890736344,2.1156589548884286,0.9186992049217224,0.1398771971118177,0.1138211382113821,0.1311475409836065,0.2083333333333333,123,0.9186992049217224,0.0,0.9186992049217224,322,322,0.0,0.0011862968249681724,-2.925806631952264
9g2u,2454,2454.0,2454,2454,0.2300885021686554,0.4090909361839294,0.9734513163566588,1.0,0.0,0.0,456,228,True,3.3898745583909853,2.2109071348907587,0.9734513163566588,0.5698369206039171,0.3716814159292035,0.5,0.7272727272727273,113,0.9734513163566588,0.0,0.9734513163566588,228,228,0.0,0.0021737457679285935,-2.662791250517488
9g2w,2198,2407.5,2198,2617,0.25,0.52173912525177,0.948275864124298,1.0,0.0,0.0,478,236,False,3.342027688087472,2.1555716866024186,0.948275864124298,0.5667348112242303,0.3534482758620689,0.4827586206896552,0.6956521739130435,116,0.948275864124298,0.0,0.948275864124298,242,242,0.024793388429752067,0.0020310967922678247,-2.6922693797236192
9g58,7812,7862.0,7812,7912,0.6481481790542603,1.0,0.9074074029922484,1.0,0.0,0.0,259,128,False,3.892762234615817,2.8391572497918824,0.9074074029922484,0.8341324737296852,0.6111111111111112,0.8888888888888888,1.0,54,0.9074074029922484,0.0,0.9074074029922484,131,131,0.022900763358778626,0.0032204198473282444,-2.492087505480664
9g59,7594,7800.5,8007,7594,0.40625,0.9166666865348816,0.859375,1.0,0.015625,0.0,270,129,False,3.8804705928037775,2.825175737654154,0.84375,0.7123094540792841,0.5,0.625,1.0,64,0.859375,0.015625,0.84375,141,141,0.0851063829787234,0.0035186101489911486,-2.453628848970742
9g7l,712,714.5,712,717,0.0,0.0,0.4098360538482666,1.0,0.1639344245195388,0.1666666716337204,262,129,False,2.852479993636857,1.797185138487232,0.2459016293287277,0.0008450399445148,0.0081967213114754,0.0,0.0,122,0.4098360538482666,0.1639344245195388,0.2459016293287278,133,133,0.03007518796992481,0.007110800256455091,-2.1480815205915866
9g7q,684,686.5,684,689,0.095238097012043,0.0,0.7142857313156128,1.0,0.0,0.0,427,213,False,2.835056101720116,1.670866300000747,0.7142857313156128,0.0,0.0,0.0,0.0,21,0.7142857313156128,0.0,0.7142857313156128,214,214,0.004672897196261682,0.0004607081742793208,-3.336574082054009
9g87,2064,2279.0,2064,2494,0.0178571436554193,0.0,0.8690476417541504,1.0,0.095238097012043,0.2121212184429168,823,386,False,3.314709692955174,2.0214160406192963,0.7738095447421074,0.0256715433457248,0.0357142857142857,0.0238095238095238,0.0303030303030303,168,0.8690476417541504,0.095238097012043,0.7738095447421074,437,437,0.11670480549199085,0.000995956889294649,-3.0017594599163138
9g8u,1798,4178.5,6559,1798,0.0,0.0,0.7457627058029175,1.0,0.4180791079998016,1.0,577,285,False,3.25478968739721,2.027367257392955,0.3276835978031158,0.0,0.0,0.0,0.0,177,0.7457627058029175,0.4180791079998016,0.3276835978031159,292,292,0.023972602739726026,0.002126892573900505,-2.6722544450951218
9g9u,3517,3752.5,3988,3517,0.0426829233765602,0.0625,0.8963414430618286,1.0,0.0,0.0,522,257,False,3.5461723683169426,2.3412058066512955,0.8963414430618286,0.066036501395674,0.0792682926829268,0.0853658536585365,0.0625,164,0.8963414430618286,0.0,0.8963414430618286,265,265,0.03018867924528302,0.002408046398942809,-2.6183351492204046
9gao,5980,6016.0,6052,5980,0.0,0.0,0.0,0.0,0.0,0.0,634,315,False,3.776701183988411,2.5275459070936104,0.0,0.0,0.0,0.0,0.0,89,0.0,0.0,0.0,319,319,0.012539184952978056,0.000885704333980196,-3.052711230201869
9giz,16896,17045.5,17195,16896,0.0188679248094558,0.0,0.7924528121948242,1.0,0.0188679248094558,0.1000000014901161,779,376,False,4.227783900853718,2.9401899783898875,0.7735848873853683,0.0,0.0,0.0,0.0,53,0.7924528121948242,0.0188679248094558,0.7735848873853685,403,403,0.06699751861042183,0.0003497703394752125,-3.4562170214679813
9gja,49,66.5,84,49,0.0,0.0,0.5363636612892151,1.0,0.0272727273404598,0.1363636404275894,920,275,False,1.6901960800285136,0.4705297331133823,0.5090909339487553,0.0,0.0,0.0,0.0,110,0.5363636612892151,0.0272727273404598,0.5090909339487553,645,645,0.5736434108527132,0.00062015503875969,-3.2074997233073055
9gjb,49,67.5,86,49,0.0,0.0,0.5625,1.0,0.0535714291036129,0.1818181872367859,921,275,False,1.6901960800285136,0.4705297331133823,0.5089285708963871,0.0,0.0,0.0,0.0,112,0.5625,0.0535714291036129,0.5089285708963871,646,646,0.5743034055727554,0.0006304531381930762,-3.200347189155165
9gjd,49,66.5,84,49,0.0,0.0,0.5272727012634277,0.9545454382896424,0.0272727273404598,0.0909090936183929,920,275,False,1.6901960800285136,0.4705297331133823,0.4999999739229679,0.0,0.0,0.0,0.0,110,0.5272727012634277,0.0272727273404598,0.4999999739229679,645,645,0.5736434108527132,0.00062015503875969,-3.2074997233073055
9gje,49,67.5,86,49,0.0,0.0,0.5137614607810974,1.0,0.027522936463356,0.095238097012043,921,275,False,1.6901960800285136,0.4705297331133823,0.4862385243177414,0.0,0.0,0.0,0.0,109,0.5137614607810974,0.027522936463356,0.4862385243177414,646,646,0.5743034055727554,0.0006135660005629046,-3.2121387138847233
9gjh,49,66.5,84,49,0.0,0.0,0.5565217137336731,0.95652174949646,0.0260869562625885,0.0869565233588218,920,275,False,1.6901960800285136,0.4705297331133823,0.5304347574710846,0.0,0.0,0.0,0.0,115,0.5565217137336731,0.0260869562625885,0.5304347574710846,645,645,0.5736434108527132,0.0006483439041578576,-3.1881945681119186
9gji,49,67.5,86,49,0.0,0.0,0.5322580933570862,0.9583333134651184,0.0483870953321456,0.1666666716337204,921,275,False,1.6901960800285136,0.4705297331133823,0.4838709980249405,0.0,0.0,0.0,0.0,124,0.5322580933570862,0.0483870953321456,0.4838709980249406,646,646,0.5743034055727554,0.0006980016887137631,-3.1561435266631115
9gjk,49,66.5,84,49,0.0,0.0,0.5339806079864502,0.949999988079071,0.029126213863492,0.1000000014901161,920,275,False,1.6901960800285136,0.4705297331133823,0.5048543941229582,0.0,0.0,0.0,0.0,103,0.5339806079864502,0.029126213863492,0.5048543941229582,645,645,0.5736434108527132,0.0005806906272022551,-3.2360551837603584
9gjl,49,67.5,86,49,0.0,0.0,0.5277777910232544,1.0,0.0277777779847383,0.095238097012043,921,275,False,1.6901960800285136,0.4705297331133823,0.500000013038516,0.0,0.0,0.0,0.0,108,0.5277777910232544,0.0277777779847383,0.500000013038516,646,646,0.5743034055727554,0.0006079369546861807,-3.216141456338397
9gnd,10764,10951.5,10764,11139,0.0,0.0,0.0,0.0,0.0,0.0,544,269,False,4.031973689091717,2.817097549090513,0.0,0.0,0.0,0.0,0.0,39,0.0,0.0,0.0,275,275,0.02181818181818182,0.0005272051368705644,-3.2780203668061714
9grw,536,537.0,536,538,0.0,0.0,0.0,0.0,0.0,0.0,737,367,False,2.72916478969277,1.446831757566725,0.0,0.0,0.0,0.0,0.0,57,0.0,0.0,0.0,370,370,0.008108108108108109,0.0004197658148611827,-3.376992932646593
9gry,5916,10345.5,5916,14775,0.0,0.0,0.0,0.0,0.0399999991059303,0.0,536,241,False,3.772028165324855,2.5810196440374207,-0.0399999991059303,0.0,0.0,0.0,0.0,25,0.0,0.0399999991059303,-0.0399999991059303,295,295,0.18305084745762712,0.00035164216892889793,-3.453899049880994
9gs3,6103,10439.0,14775,6103,0.0075757578015327,0.0,0.0,0.0,0.0,0.0,534,241,False,3.785543369956593,2.594534848669159,0.0,0.0121922800561586,0.0075757575757575,0.0151515151515151,0.0,132,0.0,0.0,0.0,293,293,0.17747440273037543,0.0018693441717530766,-2.728310731723128
9gs5,6062,10418.5,6062,14775,0.0,0.0,0.0,0.0,0.0,0.0,527,241,False,3.7826159320316033,2.591607410744169,0.0,0.0,0.0,0.0,0.0,23,0.0,0.0,0.0,286,286,0.15734265734265734,0.00033369120506049967,-3.4766552396863184
9gs7,5984,10379.5,5984,14775,0.0,0.0,0.0,0.0,0.0,0.0,540,241,False,3.776991584856405,2.5859830635689707,0.0,0.0,0.0,0.0,0.0,22,0.0,0.0,0.0,299,299,0.1939799331103679,0.00030530537476234753,-3.5152655500770917
9gsl,5695,10235.0,5695,14775,0.0,0.0,0.0,0.0,0.0555555559694767,0.0,546,241,False,3.7554937284151193,2.564485207127685,-0.0555555559694767,0.0,0.0,0.0,0.0,18,0.0,0.0555555559694767,-0.0555555559694767,305,305,0.2098360655737705,0.0002448813005917965,-3.6110443768183482
9gsq,77,77.5,78,77,0.0,0.0,0.0,0.0,0.0,0.0,375,187,False,1.8864907251724816,0.7505699219042323,0.0,0.0,0.0,0.0,0.0,40,0.0,0.0,0.0,188,188,0.005319148936170213,0.0011377858686995106,-2.9439394644722165
9gxf,6871,6871.0,6871,6871,0.0,0.0,0.8695651888847351,1.0,0.0,0.0,434,217,True,3.837019948540908,2.668790081616644,0.8695651888847351,0.0,0.0,0.0,0.0,46,0.8695651888847351,0.0,0.8695651888847351,217,217,0.0,0.0009768735798169424,-3.010161636015485
9gyy,2551,2551.0,2551,2551,0.0442477874457836,0.0909090936183929,0.8495575189590454,1.0,0.0,0.0,444,222,True,3.40671045860979,2.23353397138447,0.8495575189590454,0.0757259008529539,0.0442477876106194,0.0535714285714285,0.1363636363636363,113,0.8495575189590454,0.0,0.8495575189590454,222,222,0.0,0.002292833373914455,-2.6396275054178573
9gyz,2563,2563.0,2563,2563,0.0458715558052063,0.0,0.8440366983413696,1.0,0.0,0.0,442,221,True,3.408748606184244,2.2365524693416887,0.8440366983413696,0.0758902335735961,0.0458715596330275,0.0555555555555555,0.1428571428571428,109,0.8440366983413696,0.0,0.8440366983413696,221,221,0.0,0.002231731537028316,-2.651358049429598
9gzv,4083,4432.5,4782,4083,0.2410071939229965,0.5454545021057129,0.8597122430801392,1.0,0.140287771821022,0.3090909123420715,437,216,False,3.610979379922997,2.443752504347532,0.7194244712591171,0.4317312509259212,0.2158273381294964,0.3525179856115107,0.6,278,0.8597122430801392,0.140287771821022,0.7194244712591171,221,221,0.02262443438914027,0.005823697000167588,-2.2348012289179655
9h1s,120,120.0,120,120,0.0091743115335702,0.0,0.6834862232208252,1.0,0.0,0.0,616,308,True,2.0791812460476247,0.8349058877974026,0.6834862232208252,0.0,0.0,0.0,0.0,218,0.6834862232208252,0.0,0.6834862232208252,308,308,0.0,0.0022980266486759995,-2.6386449393962836
9h4a,7925,7949.5,7925,7974,0.5595238208770752,0.875,0.9285714030265808,1.0,0.1071428582072258,0.25,282,139,False,3.898999270889789,2.8274918707627417,0.821428544819355,0.7826176763023094,0.5714285714285714,0.7857142857142857,0.9375,84,0.9285714030265808,0.1071428582072258,0.821428544819355,143,143,0.027972027972027972,0.004225989837500629,-2.3740715516572752
9h5r,48,1813.5,48,3579,0.0561797767877578,0.0,0.4606741666793823,0.8823529481887817,0.0,0.0,812,397,False,1.6812412373755872,0.3818459839940296,0.4606741666793823,0.0858109347800313,0.0786516853932584,0.0909090909090909,0.1176470588235294,89,0.4606741666793823,0.0,0.4606741666793823,415,415,0.043373493975903614,0.0005401960486783406,-3.267448596830295
9h5w,43,1787.5,43,3532,0.0531914867460727,0.0,0.4893617033958435,0.8888888955116272,0.0,0.0,816,400,False,1.6334684555795866,0.3324384599156053,0.4893617033958435,0.0466951995379763,0.0638297872340425,0.0425531914893617,0.0,94,0.4893617033958435,0.0,0.4893617033958435,416,416,0.038461538461538464,0.0005649038461538462,-3.2480254683550065
9h6j,2067,2081.5,2067,2096,0.0208955220878124,0.0447761192917823,0.8507462739944458,1.0,0.0,0.0,896,446,False,3.3153404766272883,1.9906730472712173,0.8507462739944458,0.0335029779821146,0.0208955223880597,0.029940119760479,0.044776119402985,335,0.8507462739944458,0.0,0.8507462739944458,450,450,0.008888888888888889,0.001669157947184853,-2.7775025654506402
9h6k,2061,2061.0,2061,2061,0.0241286866366863,0.0405405424535274,0.890080451965332,1.0,0.0,0.0,936,468,True,3.3140779917792127,1.9789550652421508,0.890080451965332,0.0258289790277611,0.0134048257372654,0.0268817204301075,0.0405405405405405,373,0.890080451965332,0.0,0.890080451965332,468,468,0.0,0.0017030097158302285,-2.7687828743395606
9h6l,2079,2079.0,2079,2079,0.0238095223903656,0.0399999991059303,0.9100528955459596,1.0,0.0,0.0,918,459,True,3.317854489331469,1.9869481465628387,0.9100528955459596,0.0323239471319482,0.0185185185185185,0.037037037037037,0.04,378,0.9100528955459596,0.0,0.9100528955459596,459,459,0.0,0.0017941817249775727,-2.746133571237297
9h6r,45,1788.5,45,3532,0.0375000014901161,0.0625,0.4250000119209289,0.8125,0.0,0.0,809,393,False,1.6532125137753435,0.3560162385876304,0.4250000119209289,0.0755708606575416,0.075,0.075,0.125,80,0.4250000119209289,0.0,0.4250000119209289,416,416,0.055288461538461536,0.0004893325504012527,-3.3103958940102256
9h8u,5692,5692.0,5692,5692,0.0,0.0,0.0,0.0,0.0,0.0,934,467,True,3.755264891412247,2.4206064511291907,0.0,0.0,0.0,0.0,0.0,26,0.0,0.0,0.0,467,467,0.0,0.00011921738372866124,-3.9236604131614063
9hbm,4373,4577.5,4782,4373,0.2407407313585281,0.5370370149612427,0.8629629611968994,1.0,0.1296296268701553,0.0925925895571708,439,218,False,3.640779477344857,2.4715512305425547,0.7333333343267441,0.4259080730760621,0.2074074074074074,0.3333333333333333,0.6111111111111112,270,0.8629629611968994,0.1296296268701553,0.7333333343267441,221,221,0.013574660633484163,0.00560421769272282,-2.2514850031307283
9he0,2568,2608.0,2568,2648,0.0303030293434858,0.0303030312061309,0.903030276298523,1.0,0.072727270424366,0.0606060624122619,782,391,False,3.409595019396816,2.113506640698882,0.830303005874157,0.0247740961606276,0.0424242424242424,0.0121951219512195,0.0303030303030303,165,0.903030276298523,0.072727270424366,0.830303005874157,391,391,0.0,0.0010792708053976622,-2.966869570577827
9he2,2634,2637.5,2641,2634,0.0295857992023229,0.0,0.8698225021362305,1.0,0.0591715984046459,0.0606060624122619,776,387,False,3.420615770625765,2.126760288116309,0.8106509037315845,0.0283538764644331,0.0414201183431952,0.0119047619047619,0.0303030303030303,169,0.8698225021362305,0.0591715984046459,0.8106509037315845,389,389,0.005141388174807198,0.001122602844370047,-2.9497738617309457
9hgm,7839,8018.5,7839,8198,0.0,0.0,0.0,0.0,0.0,0.0,650,325,False,3.894260664446988,2.638318983957551,0.0,0.0,0.0,0.0,0.0,81,0.0,0.0,0.0,325,325,0.0,0.0007668639053254437,-3.115281703079099
9hh1,7963,7963.0,7963,7963,0.0654205605387687,0.095238097012043,0.9158878326416016,1.0,0.0,0.0,412,206,True,3.901076715726255,2.7441431055416783,0.9158878326416016,0.1193468047752382,0.0841121495327102,0.0754716981132075,0.1904761904761904,107,0.9158878326416016,0.0,0.9158878326416016,206,206,0.0,0.002521444056932793,-2.5983506630530973
9hij,12,12.0,12,12,0.3073593080043793,0.54347825050354,0.4502164423465729,0.239130437374115,0.2510822415351867,0.0434782616794109,193,96,False,1.0791812460476249,0.0880456295278406,0.1991342008113861,0.6624846773401761,0.4805194805194805,0.6347826086956522,0.7608695652173914,231,0.4502164423465729,0.2510822415351867,0.19913420081138616,97,97,0.010309278350515464,0.024806701030927834,-1.605430987413669
9hjp,1084,1084.5,1084,1085,0.0,0.0,0.0,0.0,0.0,0.0,790,386,False,3.0350292822023683,1.7417356298664906,0.0,0.0,0.0,0.0,0.0,29,0.0,0.0,0.0,404,404,0.04455445544554455,0.0001859641922741497,-3.7305706718834037
9hl2,1376,5177.5,8979,1376,0.0,0.0,0.7551020383834839,1.0,0.1020408198237419,0.1111111119389534,474,114,False,3.1386184338994925,2.110166008231256,0.653061218559742,0.0,0.0,0.0,0.0,49,0.7551020383834839,0.1020408198237419,0.653061218559742,360,360,0.6833333333333333,0.0011939571150097466,-2.923011272075246
9hmx,1491,1793.5,1491,2096,0.0,0.0,0.75,1.0,0.0,0.0,455,182,False,3.1734776434529945,2.043441949460457,0.75,0.0,0.0,0.0,0.0,40,0.75,0.0,0.75,273,273,0.3333333333333333,0.0008050557501106952,-3.0941740436978686
9hq0,7775,7775.0,7775,7775,0.0,0.0,0.8928571343421936,1.0,0.5714285969734192,1.0,280,140,True,3.890700397698875,2.817636379859756,0.3214285373687744,0.0,0.0,0.0,0.0,28,0.8928571343421936,0.5714285969734192,0.3214285373687744,140,140,0.0,0.0014285714285714286,-2.845098040014257
9hq8,4,6.0,8,4,0.008403361774981,0.0,0.8571428656578064,1.0,0.1344537883996963,0.3478260934352875,200,95,False,0.6020599913279624,-0.3868018113164615,0.72268907725811,0.0,0.0,0.0,0.0,119,0.8571428656578064,0.1344537883996963,0.72268907725811,105,105,0.09523809523809523,0.011929824561403509,-1.923365942966255
9hqa,1839,1847.0,1855,1839,0.0964912325143814,0.3181818127632141,0.8771929740905762,1.0,0.0,0.0,648,323,False,3.2645817292380777,2.009980468072526,0.8771929740905762,0.2992939822839353,0.1578947368421052,0.2105263157894736,0.5,114,0.8771929740905762,0.0,0.8771929740905762,325,325,0.006153846153846154,0.0010859728506787331,-2.9641810319735047
9hqf,7775,7775.0,7775,7775,0.0,0.0,0.8333333134651184,1.0,0.5333333611488342,1.0,280,140,True,3.890700397698875,2.817636379859756,0.2999999523162842,0.0,0.0,0.0,0.0,30,0.8333333134651184,0.5333333611488342,0.2999999523162842,140,140,0.0,0.001530612244897959,-2.8151348166368138
9hqh,7775,7775.0,7775,7775,0.0,0.0,0.8620689511299133,1.0,0.4827586114406585,1.0,280,140,True,3.890700397698875,2.817636379859756,0.3793103396892547,0.0,0.0,0.0,0.0,29,0.8620689511299133,0.4827586114406585,0.3793103396892548,140,140,0.0,0.0014795918367346938,-2.82985807345752
9hrb,2684,2783.0,2882,2684,0.2949999868869781,0.5250000357627869,0.875,1.0,0.1049999967217445,0.375,769,384,False,3.4287825114969546,2.136616899313189,0.7700000032782555,0.4655835625379275,0.305,0.43,0.65,200,0.875,0.1049999967217445,0.7700000032782555,385,385,0.0025974025974025974,0.0013528138528138528,-2.8687619582120503
9ht6,2292,2293.5,2295,2292,0.0151515156030654,0.0769230797886848,0.0757575780153274,0.1538461595773697,0.1515151560306549,0.2307692319154739,239,118,False,3.3602146132953523,2.32427360964229,-0.0757575780153274,0.0538972406992991,0.0606060606060606,0.0303030303030303,0.0769230769230769,66,0.0757575780153274,0.1515151560306549,-0.07575757801532751,121,121,0.024793388429752067,0.004622496147919877,-2.3351234420807065
9htw,16,16.0,16,16,0.0,0.0,0.6666666865348816,0.8333333134651184,0.0,0.0,222,111,True,1.2041199826559248,0.181458493262596,0.6666666865348816,0.0264985366938715,0.1212121212121212,0.0,0.0,33,0.6666666865348816,0.0,0.6666666865348816,111,111,0.0,0.002678354029705381,-2.572132017695427
9hv7,6215,6295.5,6215,6376,0.0,0.0,0.0,0.0,0.0,0.0,228,113,False,3.793441132977664,2.7669019112359536,0.0,0.0,0.0,0.0,0.0,35,0.0,0.0,0.0,115,115,0.017391304347826087,0.0026933435936898806,-2.5697082394867556
9i1y,3251,3253.5,3251,3256,0.0344827584922313,0.0,0.751724123954773,0.931034505367279,0.0,0.0,530,263,False,3.5120169694961265,2.3020390952512475,0.751724123954773,0.0746312608484029,0.0344827586206896,0.0694444444444444,0.1724137931034483,145,0.751724123954773,0.0,0.751724123954773,267,267,0.0149812734082397,0.0020649093575995786,-2.685099007619358
9i20,5690,10232.5,5690,14775,0.0,0.0,0.0,0.0,0.0,0.0,536,241,False,3.7551122663950713,2.564103745107637,0.0,0.0,0.0,0.0,0.0,21,0.0,0.0,0.0,295,295,0.18305084745762712,0.0002953794219002743,-3.5296197638191122
9i25,2,1583.5,2,3165,0.0983606502413749,0.1666666716337204,0.0327868834137916,0.0833333358168602,0.0163934417068958,0.0833333358168602,264,13,False,0.3010299956639812,-0.2559416804894371,0.0163934417068958,0.0329979917262263,0.0327868852459016,0.0666666666666666,0.0,61,0.0327868834137916,0.0163934417068958,0.0163934417068958,251,251,0.9482071713147411,0.018694452957401166,-1.7282872387771078
9i8y,3520,6352.5,9185,3520,0.0,0.0,0.2345678955316543,0.375,0.0,0.0,804,392,False,3.546542663478131,2.2498996299679024,0.2345678955316543,0.0,0.0,0.0,0.0,81,0.2345678955316543,0.0,0.2345678955316543,412,412,0.04854368932038835,0.0005015355656825837,-3.299698264174942
9icz,6552,6596.5,6552,6641,0.0689655169844627,0.0909090936183929,0.931034505367279,1.0,0.0,0.0,533,265,False,3.816373888752362,2.604750951783958,0.931034505367279,0.018186477914901,0.0517241379310344,0.0344827586206896,0.0,58,0.931034505367279,0.0,0.931034505367279,268,268,0.011194029850746268,0.000816671360180231,-3.0879526744026595
9idz,7650,7839.0,8028,7650,0.0180995482951402,0.0,0.8280543088912964,1.0,0.0,0.0,685,334,False,3.8836614351536176,2.621788201747836,0.8280543088912964,0.0326784835925633,0.0090497737556561,0.0181818181818181,0.0454545454545454,221,0.8280543088912964,0.0,0.8280543088912964,351,351,0.04843304843304843,0.0018851186515857175,-2.724661309592278
9ieh,7846,7936.5,8027,7846,0.018264839425683,0.0,0.8173515796661377,1.0,0.0,0.0,664,329,False,3.894648303793517,2.63605035481853,0.8173515796661377,0.0248345880186325,0.0091324200913242,0.018348623853211,0.0465116279069767,219,0.8173515796661377,0.0,0.8173515796661377,335,335,0.01791044776119403,0.001987025359524566,-2.701796590146701
9iey,7427,7508.5,7590,7427,0.0,0.0,0.84375,1.0,0.0,0.0,195,95,False,3.870813423915597,2.881951621271173,0.84375,0.0,0.0,0.0,0.0,32,0.84375,0.0,0.84375,100,100,0.05,0.003368421052631579,-2.472573626968942
9iez,8028,8199.0,8370,8028,0.0,0.0,0.8620689511299133,1.0,0.0,0.0,193,96,False,3.904607363815448,2.913471747295664,0.8620689511299133,0.0,0.0,0.0,0.0,29,0.8620689511299133,0.0,0.8620689511299133,97,97,0.010309278350515464,0.00311426116838488,-2.506644969406857
9if5,610,610.0,610,610,0.0,0.0,0.0,0.0,0.0,0.0,762,381,True,2.785329835010767,1.4948673471729574,0.0,0.0,0.0,0.0,0.0,12,0.0,0.0,0.0,381,381,0.0,8.266683200033066e-05,-4.082668705303614
9ig8,12896,12896.0,12896,12896,0.0147058833390474,0.0210526324808597,0.7668067216873169,0.9894737005233764,0.0063025210984051,0.0,534,267,True,4.110455024461015,2.897199393778728,0.7605042005889118,0.0043870033259136,0.0084033613445378,0.0084033613445378,0.0,476,0.7668067216873169,0.0063025210984051,0.7605042005889118,267,267,0.0,0.006677046949739792,-2.1754155700086573
9iia,783,828.5,783,874,0.0,0.0,0.0,0.0,0.0,0.0,837,412,False,2.8937617620579434,1.5863131540413762,0.0,0.0,0.0,0.0,0.0,53,0.0,0.0,0.0,425,425,0.03058823529411765,0.0003026841804683038,-3.519010276482657
9ikp,5304,5304.0,5304,5304,0.0,0.0,0.0,0.0,0.0,0.0,368,184,True,3.724603515396717,2.592194603891949,0.0,0.0,0.0,0.0,0.0,30,0.0,0.0,0.0,184,184,0.0,0.0008861058601134216,-3.0525143912994106
9ilo,499,506.0,499,513,0.1595091968774795,0.0,0.8588957190513611,0.9375,0.4355828166007995,1.0,247,123,False,2.6981005456233897,1.653147989903691,0.4233129024505615,0.2268636509279748,0.2085889570552147,0.2469135802469135,0.3125,163,0.8588957190513611,0.4355828166007995,0.4233129024505616,124,124,0.008064516129032258,0.01068712300026226,-1.971139192197675
9im9,513,513.0,513,513,0.1518987417221069,0.0,0.8734177350997925,0.9354838728904724,0.4367088675498962,1.0,246,123,True,2.710117365111816,1.6651648093921172,0.4367088675498962,0.2191707883010626,0.1962025316455696,0.240506329113924,0.3225806451612903,158,0.8734177350997925,0.4367088675498962,0.4367088675498963,123,123,0.0,0.010443519069337034,-1.9811531359243733
9ime,5348,5348.0,5348,5348,0.0,0.0,0.1333333402872085,0.1111111119389534,0.0222222227603197,0.1111111119389534,292,146,True,3.728191398589946,2.646014970697728,0.1111111175268888,0.0264074507541886,0.0444444444444444,0.0454545454545454,0.0,45,0.1333333402872085,0.0222222227603197,0.1111111175268888,146,146,0.0,0.00211109026083693,-2.6754931977935303
9ink,116,117.0,116,118,0.0,0.0,0.8444444537162781,1.0,0.0,0.0,441,220,False,2.0644579892269186,0.8932466488158153,0.8444444537162781,0.0,0.0,0.0,0.0,45,0.8444444537162781,0.0,0.8444444537162781,221,221,0.004524886877828055,0.000925545043192102,-3.0336024407319733
9inr,17611,17611.0,17611,17611,0.0434782616794109,0.0,0.0,0.0,0.0,0.0,290,145,True,4.245784017077525,3.165100015960037,0.0,0.0717807903371089,0.0434782608695652,0.0909090909090909,0.0,23,0.0,0.0,0.0,145,145,0.0,0.0010939357907253269,-2.961008168452357
9iok,8583,8583.0,8583,8583,0.0396825410425663,0.1199999973177909,0.0,0.0,0.0,0.0,340,170,True,3.933639112524925,2.818414651835788,0.0,0.0137808092946265,0.0158730158730158,0.0158730158730158,0.0,126,0.0,0.0,0.0,170,170,0.0,0.004359861591695502,-2.360527297638985
9ipt,4018,4061.0,4018,4104,0.4823529422283172,0.9411764740943908,0.8117647171020508,1.0,0.1647058874368667,0.0,372,185,False,3.604009932412231,2.470424068210724,0.647058829665184,0.7416097757233872,0.4705882352941176,0.7857142857142857,0.8235294117647058,85,0.8117647171020508,0.1647058874368667,0.647058829665184,187,187,0.0106951871657754,0.002457002457002457,-2.60959440922522
9iq5,819,820.5,819,822,0.2837837934494018,0.3571428656578064,0.7162162065505981,0.9285714030265808,0.2567567527294159,0.6428571343421936,239,119,False,2.913283901760418,1.875510421064153,0.4594594538211822,0.257528555198789,0.2837837837837837,0.2972972972972973,0.2142857142857142,74,0.7162162065505981,0.2567567527294159,0.45945945382118225,120,120,0.008333333333333333,0.0051820728291316525,-2.2854964877091795
9iq7,1570,1576.0,1570,1582,0.4081632494926452,0.5263158082962036,0.8163265585899353,1.0,0.3367346823215484,0.5263158082962036,249,122,False,3.1958996524092336,2.15271973707186,0.4795918762683868,0.5009037335238935,0.336734693877551,0.4489795918367347,0.631578947368421,98,0.8163265585899353,0.3367346823215484,0.4795918762683869,127,127,0.03937007874015748,0.00632502904350071,-2.19893747593821
9iqk,1508,1521.0,1508,1534,0.3861386179924011,0.5,0.7920792102813721,1.0,0.3762376308441162,0.75,245,121,False,3.178401341533755,2.13700865637553,0.4158415794372558,0.4669059776531493,0.3168316831683168,0.46,0.6,101,0.7920792102813721,0.3762376308441162,0.41584157943725586,124,124,0.024193548387096774,0.006731538256464943,-2.171885681696043
9iql,1504,1506.0,1508,1504,0.4123711287975311,0.5263158082962036,0.8556700944900513,1.0,0.3917525708675384,0.7894737124443054,246,121,False,3.177247836255624,2.1358551510973984,0.4639175236225128,0.4858336207947736,0.3298969072164948,0.4583333333333333,0.5789473684210527,97,0.8556700944900513,0.3917525708675384,0.4639175236225129,125,125,0.032,0.0064132231404958676,-2.1929236490582618
9ir0,74,74.0,74,74,0.0,0.0,0.0,0.0,0.0,0.0,734,367,True,1.869231719730976,0.5868986876049316,0.0,0.0,0.0,0.0,0.0,27,0.0,0.0,0.0,367,367,0.0,0.00020046180460171208,-3.6979683643451913
9ir1,607,613.0,607,619,0.1390728503465652,0.0,0.9072847962379456,1.0,0.2185430526733398,0.2000000029802322,250,123,False,2.783188691075257,1.7382361353555584,0.6887417435646057,0.1414936075123433,0.1589403973509933,0.16,0.1,151,0.9072847962379456,0.2185430526733398,0.6887417435646057,127,127,0.031496062992125984,0.00966647461750208,-2.014731885102185
9irz,13661,14610.5,13661,15560,0.3100000023841858,0.5,0.7900000214576721,1.0,0.7200000286102295,1.0,185,89,False,4.135482491335711,3.160787488013255,0.0699999928474426,0.3880855504541722,0.26,0.36,0.55,100,0.7900000214576721,0.7200000286102295,0.06999999284744263,96,96,0.07291666666666667,0.011704119850187267,-1.9316612396844812
9iv0,9314,9314.0,9314,9314,0.0416666679084301,0.0416666679084301,0.0,0.0,0.0,0.0,344,172,True,3.969136233596712,2.851372010142938,0.0,0.0090869896533057,0.0166666666666666,0.0,0.0,120,0.0,0.0,0.0,172,172,0.0,0.004056246619794483,-2.391875647767473
9ivi,132,134.0,136,132,0.0,0.0,0.0,0.0,0.0,0.0,519,253,False,2.12057393120585,0.9190136706179408,0.0,0.0,0.0,0.0,0.0,56,0.0,0.0,0.0,266,266,0.04887218045112782,0.0008321198252548367,-3.0798141308006843
9iyx,603,614.0,625,603,0.028571430593729,0.0476190485060215,0.190476194024086,0.190476194024086,0.0666666701436042,0.0476190485060215,351,172,False,2.780317312140151,1.6625530886863769,0.1238095238804817,0.0659440101474035,0.019047619047619,0.0384615384615384,0.0952380952380952,105,0.190476194024086,0.0666666701436042,0.1238095238804818,179,179,0.03910614525139665,0.0034104196440171495,-2.467192178817504
9izn,446,12069.0,446,23692,0.0109890112653374,0.0,0.0,0.0,0.0,0.0,696,332,False,2.649334858712142,1.3887658168601238,0.0,0.0287143717551056,0.0164835164835164,0.0219780219780219,0.0277777777777777,182,0.0,0.0,0.0,364,364,0.08791208791208792,0.0015060240963855422,-2.8221680793680175
9j0t,8860,8860.0,8860,8860,0.0431034490466117,0.0434782616794109,0.0,0.0,0.0,0.0,348,174,True,3.9474337218870503,2.827159097745751,0.0,0.0009942906816025,0.0172413793103448,0.0,0.0,116,0.0,0.0,0.0,174,174,0.0,0.0038314176245210726,-2.416640507338281
9j28,88,88.0,88,88,0.0,0.0,0.9266055226325988,1.0,0.0458715595304966,0.095238097012043,516,255,False,1.944482672150169,0.7412125819331911,0.8807339631021023,0.0,0.0,0.0,0.0,109,0.9266055226325988,0.0458715595304966,0.8807339631021022,261,261,0.022988505747126436,0.0016377432198933213,-2.7857541898316125
9j29,88,88.0,88,88,0.0,0.0,0.9351851940155028,1.0,0.0,0.0,528,260,False,1.944482672150169,0.7369959981647597,0.9351851940155028,0.0,0.0,0.0,0.0,108,0.9351851940155028,0.0,0.9351851940155028,268,268,0.029850746268656716,0.001549942594718714,-2.8096843865126573
9j2a,88,88.0,88,88,0.0,0.0,0.9266055226325988,1.0,0.0,0.0,526,258,False,1.944482672150169,0.7386728191685537,0.9266055226325988,0.0,0.0,0.0,0.0,109,0.9266055226325988,0.0,0.9266055226325988,268,268,0.03731343283582089,0.0015764202244590998,-2.802328002051395
9j2b,88,88.0,88,88,0.0,0.0,0.9433962106704712,1.0,0.0,0.0,529,261,False,1.944482672150169,0.7361624184810283,0.9433962106704712,0.0,0.0,0.0,0.0,106,0.9433962106704712,0.0,0.9433962106704712,268,268,0.026119402985074626,0.0015154114485046034,-2.8194694361022994
9j2c,88,88.0,88,88,0.0,0.0,0.9266055226325988,1.0,0.0183486230671405,0.0,515,255,False,1.944482672150169,0.7412125819331911,0.9082568995654584,0.0,0.0,0.0,0.0,109,0.9266055226325988,0.0183486230671405,0.9082568995654583,260,260,0.019230769230769232,0.0016440422322775265,-2.7840870304641494
9j2e,203,203.0,203,203,0.0,0.0,0.0,0.0,0.0,0.0,740,370,True,2.307496037913213,1.0233951758797155,0.0,0.0,0.0,0.0,0.0,74,0.0,0.0,0.0,370,370,0.0,0.0005405405405405405,-3.2671717284030137
9j2m,203,203.0,203,203,0.0,0.0,0.0,0.0,0.0,0.0,740,370,True,2.307496037913213,1.0233951758797155,0.0,0.0,0.0,0.0,0.0,73,0.0,0.0,0.0,370,370,0.0,0.0005332359386413441,-3.273080588013534
9j2p,203,203.0,203,203,0.0,0.0,0.0,0.0,0.0,0.0,740,370,True,2.307496037913213,1.0233951758797155,0.0,0.0,0.0,0.0,0.0,74,0.0,0.0,0.0,370,370,0.0,0.0005405405405405405,-3.2671717284030137
9j2r,185,185.0,185,185,0.0,0.0,0.0,0.0,0.0,0.0,740,370,True,2.2671717284030137,0.9830708663695163,0.0,0.0,0.0,0.0,0.0,72,0.0,0.0,0.0,370,370,0.0,0.0005259313367421475,-3.2790709517027214
9j30,189,189.0,189,189,0.0,0.0,0.0,0.0,0.0,0.0,741,370,False,2.2764618041732443,0.9923609421397468,0.0,0.0,0.0,0.0,0.0,74,0.0,0.0,0.0,371,371,0.0026954177897574125,0.0005390835579514825,-3.268343913951065
9j33,192,192.0,192,192,0.0,0.0,0.0,0.0,0.0,0.0,740,370,True,2.2833012287035497,0.999200366670052,0.0,0.0,0.0,0.0,0.0,73,0.0,0.0,0.0,370,370,0.0,0.0005332359386413441,-3.273080588013534
9j3u,7392,7398.5,7405,7392,0.0925925970077514,0.21875,0.7407407164573669,1.0,0.0,0.0,913,456,False,3.8687619582120494,2.5392795368798327,0.7407407164573669,0.2424572996822387,0.0987654320987654,0.1851851851851851,0.34375,162,0.7407407164573669,0.0,0.7407407164573669,457,457,0.002188183807439825,0.000777381089485201,-3.1093660281916544
9j47,6028,6028.0,6028,6028,0.0,0.0,0.9555555582046508,1.0,0.0,0.0,316,158,True,3.780173243642594,2.680844700165383,0.9555555582046508,0.0,0.0,0.0,0.0,45,0.9555555582046508,0.0,0.9555555582046508,158,158,0.0,0.001802595737862522,-2.7441016601335018
9j4p,786,1566.0,2346,786,0.0185185186564922,0.0,0.0,0.0,0.0,0.0,681,255,False,2.895422546039408,1.6921524558224303,0.0,0.0374847298831193,0.0185185185185185,0.0185185185185185,0.0476190476190476,108,0.0,0.0,0.0,426,426,0.4014084507042254,0.0009942004971002485,-3.0025260240497245
9j9w,78,240.0,78,402,0.0,0.0,0.841269850730896,1.0,0.0,0.0,310,152,False,1.8920946026904804,0.8011728087180942,0.841269850730896,0.0,0.0,0.0,0.0,63,0.841269850730896,0.0,0.841269850730896,158,158,0.0379746835443038,0.002623251165889407,-2.5811601254456136
9jaq,83,83.0,83,83,0.0,0.0,0.9166666865348816,1.0,0.1190476194024086,0.0625,736,368,True,1.919078092376074,0.6361541830393151,0.797619067132473,0.0,0.0,0.0,0.0,84,0.9166666865348816,0.1190476194024086,0.797619067132473,368,368,0.0,0.000620274102079395,-3.2074163512851537
9jb5,5125,5166.5,5125,5208,0.0898876413702964,0.0588235296308994,0.7977527976036072,1.0,0.0,0.0,235,112,False,3.709693869727792,2.685084858392701,0.7977527976036072,0.0523983610923853,0.0449438202247191,0.0454545454545454,0.0588235294117647,89,0.7977527976036072,0.0,0.7977527976036072,123,123,0.08943089430894309,0.006460511033681765,-2.1897331274646668
9jbh,2139,2139.0,2139,2139,0.050000000745058,0.0357142873108387,0.8714285492897034,1.0,0.0642857179045677,0.0714285746216774,668,334,True,3.330210784571528,2.0683375511657456,0.8071428313851357,0.0369403336106351,0.05,0.0285714285714285,0.0357142857142857,140,0.8714285492897034,0.0642857179045677,0.8071428313851357,334,334,0.0,0.0012549750797805586,-2.901364897944891
9jc7,20286,20286.0,20286,20286,0.0,0.0,0.0,0.0,0.0,0.0,850,425,True,4.3071964211494125,2.9930019561242567,0.0,0.0,0.0,0.0,0.0,88,0.0,0.0,0.0,425,425,0.0,0.00048719723183391,-3.3122951879504545
9jdb,12261,12261.0,12261,12261,0.0,0.0,0.782608687877655,1.0,0.0,0.0,808,404,True,4.088525892431256,2.7853352098759534,0.782608687877655,0.0,0.0,0.0,0.0,138,0.782608687877655,0.0,0.782608687877655,404,404,0.0,0.0008455053426134693,-3.0728836438199734
9jdc,11850,11850.0,11850,11850,0.0,0.0,0.8109756112098694,1.0,0.0,0.0,840,420,True,4.073718350346122,2.7620937051471723,0.8109756112098694,0.0,0.0,0.0,0.0,164,0.8109756112098694,0.0,0.8109756112098694,420,420,0.0,0.0009297052154195011,-3.031654732748103
9jdd,44,461.0,878,44,0.0,0.0,0.0,0.0,0.0,0.0,315,125,False,1.6434526764861874,0.5949976699821592,0.0,0.0,0.0,0.0,0.0,46,0.0,0.0,0.0,190,190,0.34210526315789475,0.0019368421052631578,-2.7129057822793112
9jdi,67,399.0,731,67,0.0,0.0,0.0,0.0,0.0,0.0,501,164,False,1.8260748027008264,0.7186528786769775,0.0,0.0,0.0,0.0,0.0,74,0.0,0.0,0.0,337,337,0.5133531157270029,0.00133893030324962,-2.8732420291880603
9jdn,20334,20350.0,20334,20366,0.0,0.0,0.0,0.0,0.0,0.0,845,422,False,4.3082228192210215,2.9955665937401847,0.0,0.0,0.0,0.0,0.0,85,0.0,0.0,0.0,423,423,0.002364066193853428,0.0004761744703259274,-3.3222338926224233
9je9,14994,15341.0,15688,14994,0.0666666701436042,0.0,0.6888889074325562,0.7777777910232544,0.0666666701436042,0.0,830,407,False,4.1759175065100935,2.871120301897484,0.6222222372889519,0.0469247729381775,0.0222222222222222,0.0454545454545454,0.1111111111111111,45,0.6888889074325562,0.0666666701436042,0.622222237288952,423,423,0.037825059101654845,0.0002613832401066444,-3.5827222628249187
9jeh,9063,9063.0,9063,9063,0.0259740259498357,0.0,0.8311688303947449,1.0,0.038961037993431,0.0,684,342,True,3.957271979992943,2.690258926964876,0.7922077924013138,0.0579315145630254,0.0259740259740259,0.0519480519480519,0.1333333333333333,154,0.8311688303947449,0.038961037993431,0.7922077924013139,342,342,0.0,0.0013166444376047331,-2.880531491275807
9jm2,2,2.0,2,2,0.0512820519506931,0.0,0.0,0.0,0.0,0.0,134,66,False,0.3010299956639812,-0.6087419721069531,0.0,0.0,0.0,0.0,0.0,39,0.0,0.0,0.0,68,68,0.029411764705882353,0.008689839572192513,-2.060988241221606
9jm8,2,2.0,2,2,0.0666666701436042,0.0,0.0444444455206394,0.0,0.0444444455206394,0.0,130,64,False,0.3010299956639812,-0.6020599913279624,0.0,0.0305571282371994,0.0222222222222222,0.0454545454545454,0.0,45,0.0444444455206394,0.0444444455206394,0.0,66,66,0.030303030303030304,0.01065340909090909,-1.9725113957504121
9jof,1000,1003.0,1000,1006,0.0,0.0,0.1791044771671295,0.3846153914928436,0.0,0.0,736,366,False,3.0,1.7182594573027945,0.1791044771671295,0.003284437808612,0.0298507462686567,0.0,0.0,67,0.1791044771671295,0.0,0.1791044771671295,370,370,0.010810810810810811,0.0004947570521341014,-3.305608006760579
9jog,1006,1007.0,1008,1006,0.0,0.0,0.2272727340459823,0.4615384638309479,0.0,0.0,738,366,False,3.002597980719909,1.720857438022703,0.2272727340459823,0.0004626686444868,0.0151515151515151,0.0,0.0,66,0.2272727340459823,0.0,0.2272727340459823,372,372,0.016129032258064516,0.00048475233562488983,-3.3144800897344395
9joh,1006,1007.0,1008,1006,0.0,0.0,0.2222222238779068,0.4166666567325592,0.0,0.0,738,366,False,3.002597980719909,1.720857438022703,0.2222222238779068,0.0,0.0,0.0,0.0,63,0.2222222238779068,0.0,0.2222222238779068,372,372,0.016129032258064516,0.0004627181385510312,-3.3346834758227266
9jpk,7853,7999.5,7853,8146,0.2432432472705841,0.5714285969734192,0.8108108043670654,1.0,0.0,0.0,286,135,False,3.8950355974523223,2.8298687132048195,0.8108108043670654,0.2819460677368457,0.3243243243243243,0.3333333333333333,0.2857142857142857,37,0.8108108043670654,0.0,0.8108108043670654,151,151,0.10596026490066225,0.0018150600932057886,-2.7411089917211804
9jpl,7786,7873.5,7786,7961,0.234042540192604,0.4444444477558136,0.8085106611251831,1.0,0.0,0.0,295,147,False,3.891314399382143,2.807655732008055,0.8085106611251831,0.3812592131315231,0.3191489361702128,0.3478260869565217,0.3333333333333333,47,0.8085106611251831,0.0,0.8085106611251831,148,148,0.006756756756756757,0.0021603235888950174,-2.665481192207416
9jq8,119,130.5,119,142,0.3030303120613098,0.7894737124443054,0.9090909361839294,1.0,0.0,0.0,221,109,False,2.075546961392531,1.056833712422219,0.9090909361839294,0.7241463719055216,0.4848484848484848,0.6938775510204082,0.9473684210526316,99,0.9090909361839294,0.0,0.9090909361839294,112,112,0.026785714285714284,0.008109436435124509,-2.091009326013255
9jrr,5540,5583.5,5627,5540,0.1698113232851028,0.1000000014901161,0.7735849022865295,1.0,0.0566037744283676,0.1000000014901161,308,150,False,3.74350976472843,2.655464135200589,0.7169811278581619,0.1812424731249722,0.1886792452830188,0.1923076923076923,0.2,53,0.7735849022865295,0.0566037744283676,0.7169811278581619,158,158,0.05063291139240506,0.0022362869198312234,-2.650472476409315
9jsp,1381,2256.5,3132,1381,0.0,0.0,0.6052631735801697,0.8571428656578064,0.0,0.0,673,208,False,3.1401936785786315,1.9811620110972503,0.6052631735801697,0.0,0.0,0.0,0.0,38,0.6052631735801697,0.0,0.6052631735801697,465,465,0.5526881720430108,0.00039288668320926385,-3.4057326912359054
9jtw,2794,2794.0,2794,2794,0.0314465388655662,0.0,0.7421383857727051,1.0,0.0566037744283676,0.0645161271095275,792,396,True,3.446226401778163,2.147378808815407,0.6855346113443375,0.1364507660531513,0.0880503144654088,0.1139240506329113,0.1935483870967742,159,0.7421383857727051,0.0566037744283676,0.6855346113443375,396,396,0.0,0.0010139271502907867,-2.993993247530573
9jxd,5729,5729.0,5729,5729,0.0566037744283676,0.0,0.8867924809455872,1.0,0.7169811129570007,1.0,754,377,True,3.7580788222496126,2.469908147146716,0.1698113679885864,0.0668300667551196,0.0754716981132075,0.1153846153846153,0.0,53,0.8867924809455872,0.7169811129570007,0.16981136798858643,377,377,0.0,0.0003729006747391454,-3.4284068308107964
9jxp,5382,5382.0,5382,5382,0.0188679248094558,0.0,0.8867924809455872,1.0,0.6792452931404114,1.0,770,385,True,3.730943693427736,2.438213328673485,0.2075471878051757,0.0607513235110982,0.0943396226415094,0.0769230769230769,0.0,53,0.8867924809455872,0.6792452931404114,0.20754718780517578,385,385,0.0,0.00035756451340866925,-3.4466455894162125
9jxw,79,80.0,81,79,0.0601503774523735,0.1538461595773697,0.7067669034004211,0.8846153616905212,0.0,0.0,817,406,False,1.8976270912904412,0.5933640745018443,0.7067669034004211,0.2019231435299776,0.0676691729323308,0.1363636363636363,0.3461538461538461,133,0.7067669034004211,0.0,0.7067669034004211,411,411,0.012165450121654502,0.0007970467321083984,-3.0985162144861773
9jzo,2727,2727.0,2727,2727,0.0,0.0,0.0,0.0,0.0,0.0,346,173,True,3.43568513794163,2.316662086377232,0.0,0.0,0.0,0.0,0.0,22,0.0,0.0,0.0,173,173,0.0,0.000735073006114471,-3.1336695254353844
9k0a,801,809.0,801,817,0.0232558138668537,0.0294117648154497,0.3255814015865326,0.0294117648154497,0.2848837077617645,0.6176470518112183,573,286,False,2.9036325160842376,1.6754494995197162,0.040697693824768,0.0,0.0,0.0,0.0,172,0.3255814015865326,0.2848837077617645,0.040697693824768066,287,287,0.003484320557491289,0.0020954655100996564,-2.6787194829554863
9k0b,795,795.0,795,795,0.0155440410599112,0.0263157896697521,0.3212435245513916,0.0263157896697521,0.1450777202844619,0.2105263173580169,576,288,True,2.9003671286564705,1.6706708847768548,0.1761658042669296,0.0,0.0,0.0,0.0,193,0.3212435245513916,0.1450777202844619,0.1761658042669297,288,288,0.0,0.0023268711419753086,-2.633227666510688
9k2f,4909,4977.5,4909,5046,0.0413793101906776,0.1379310339689254,0.0551724135875701,0.0344827584922313,0.0068965516984462,0.0,456,225,False,3.6909930320998696,2.5149017730441883,0.0482758618891239,0.0344255132154971,0.0137931034482758,0.0277777777777777,0.0689655172413793,145,0.0551724135875701,0.0068965516984462,0.0482758618891239,231,231,0.025974025974025976,0.0027898027898027897,-2.554426495768532
9k3e,12,233.0,454,12,0.0483870953321456,0.0,0.9354838728904724,1.0,0.0645161271095275,0.0,224,108,False,1.0791812460476249,0.0624693683041499,0.8709677457809448,0.1090398508449407,0.0483870967741935,0.0967741935483871,0.1666666666666666,62,0.9354838728904724,0.0645161271095275,0.8709677457809449,116,116,0.06896551724137931,0.004948914431673053,-2.305490055215614
9k4q,2,2.0,2,2,0.0370370373129844,0.0,0.4074074029922485,0.800000011920929,0.4074074029922485,0.6000000238418579,178,88,False,0.3010299956639812,-0.6712113404111032,0.0,0.0,0.0,0.0,0.0,27,0.4074074029922485,0.4074074029922485,0.0,90,90,0.022222222222222223,0.003409090909090909,-2.467361417430506
9k6w,3033,3033.0,3033,3033,0.0,0.0,0.0,0.0,0.0,0.0,414,207,True,3.4818724103106637,2.3238872375822046,0.0,0.0,0.0,0.0,0.0,7,0.0,0.0,0.0,207,207,0.0,0.00016336437256412052,-3.7868426508995787
9k7k,4987,5005.0,5023,4987,0.0535714328289032,0.0909090936183929,0.1964285671710968,0.2727272808551788,0.0,0.0,491,244,False,3.697839368218363,2.504144455048998,0.1964285671710968,0.1153698255259375,0.0535714285714285,0.1071428571428571,0.0909090909090909,56,0.1964285671710968,0.0,0.1964285671710968,247,247,0.012145748987854251,0.0009291829826773744,-3.0318987525921948
9k7u,2,335.0,668,2,0.0,0.0,0.0895522385835647,0.0,0.0746268630027771,0.0,190,54,False,0.3010299956639812,-0.565166884247503,0.0149253755807876,0.0153851759764746,0.044776119402985,0.0303030303030303,0.0,67,0.0895522385835647,0.0746268630027771,0.014925375580787603,136,136,0.6029411764705882,0.00912309368191721,-2.0398578654923596
9k8c,2,2.0,2,2,0.0,0.0,0.0,0.0,0.0,0.0,180,90,True,0.3010299956639812,-0.6760912590556812,0.0,0.0,0.0,0.0,0.0,34,0.0,0.0,0.0,90,90,0.0,0.004197530864197531,-2.3770061018363946
9k8h,2,2.0,2,2,0.0,0.0,0.0,0.0,0.0,0.0,182,91,True,0.3010299956639812,-0.6784907004965656,0.0,0.0,0.0,0.0,0.0,29,0.0,0.0,0.0,91,91,0.0,0.003501992512981524,-2.455684786743231
9k8k,2,2.0,2,2,0.0,0.0,0.0,0.0,0.0,0.0,110,55,True,0.3010299956639812,-0.5691513490831407,0.0,0.17727984615032,0.2142857142857142,0.1428571428571428,0.2,28,0.0,0.0,0.0,55,55,0.0,0.009256198347107438,-2.0335673476462683
9k9p,26,1727.5,3429,26,0.0508474558591842,0.0909090936183929,0.8644067645072937,1.0,0.3220339119434356,0.0,132,46,False,1.414973347970818,0.583594432130031,0.542372852563858,0.0697306085638738,0.0338983050847457,0.0689655172413793,0.1818181818181818,59,0.8644067645072937,0.3220339119434356,0.542372852563858,86,86,0.46511627906976744,0.014914054600606673,-1.8264042712829975
9kfd,5866,5993.5,5866,6121,0.0588235296308994,0.0,0.6617646813392639,0.8888888955116272,0.0,0.0,823,407,False,3.768342058644533,2.463544854031923,0.6617646813392639,0.0465235495119444,0.0441176470588235,0.0441176470588235,0.074074074074074,136,0.6617646813392639,0.0,0.6617646813392639,416,416,0.021634615384615384,0.0008032508032508033,-3.0951488314817452
9kka,6869,6878.5,6888,6869,0.3089887797832489,0.4571428596973419,0.9101123809814452,1.0,0.0,0.0,726,363,False,3.836893516376434,2.5569402038583773,0.9101123809814452,0.4286574002673494,0.3707865168539326,0.4269662921348314,0.5142857142857142,178,0.9101123809814452,0.0,0.9101123809814452,363,363,0.0,0.0013508488339442509,-2.8693932477633313
9kkb,2367,2519.0,2671,2367,0.0111111113801598,0.0,0.7222222089767456,1.0,0.0,0.0,530,157,False,3.374198257929083,2.276248431724466,0.7222222089767456,0.0283535904117253,0.0222222222222222,0.0444444444444444,0.0,90,0.7222222089767456,0.0,0.7222222089767456,373,373,0.579088471849866,0.0015368590017246972,-2.8133659747785966
9kkt,5040,5065.5,5040,5091,0.0101522840559482,0.0,0.0507614202797412,0.0769230797886848,0.0253807101398706,0.1025641039013862,759,377,False,3.702430536445525,2.4142598613426287,0.0253807101398706,0.0137765497117744,0.0203045685279187,0.010204081632653,0.0,197,0.0507614202797412,0.0253807101398706,0.0253807101398706,382,382,0.013089005235602094,0.0013679225630841446,-2.8639384869559086
9kkv,5058,5071.0,5084,5058,0.0099999997764825,0.0,0.0850000008940696,0.1749999970197677,0.025000000372529,0.0750000029802322,761,378,False,3.703978825008386,2.4152329250897733,0.0600000005215406,0.0135348295770344,0.02,0.01,0.0,200,0.0850000008940696,0.025000000372529,0.0600000005215406,383,383,0.013054830287206266,0.0013814635224556895,-2.8596605781418667
9km6,5332,5332.0,5332,5332,0.0,0.0,0.5625,0.959999978542328,0.0390625,0.0,516,258,True,3.726890140741822,2.5210802877602063,0.5234375,0.0172485639002666,0.015625,0.015625,0.0,128,0.5625,0.0390625,0.5234375,258,258,0.0,0.0019229613604951625,-2.7160294422785918
9knp,9422,9479.5,9422,9537,0.0,0.0,0.841269850730896,1.0,0.0,0.0,751,375,False,3.974143099902215,2.6871274660383557,0.841269850730896,0.0128446236915591,0.0634920634920634,0.0,0.0,63,0.841269850730896,0.0,0.841269850730896,376,376,0.0026595744680851063,0.00044680851063829785,-3.3498785632017984
9kns,1136,1136.5,1136,1137,0.135135143995285,0.2142857313156128,0.8108108043670654,1.0,0.837837815284729,1.0,143,71,False,3.055378331375,2.1297491570154623,-0.0270270109176635,0.1208561999881217,0.081081081081081,0.081081081081081,0.0714285714285714,74,0.8108108043670654,0.837837815284729,-0.027027010917663574,72,72,0.013888888888888888,0.014475743348982786,-1.8393591254193675
9koj,999,999.0,999,999,0.0081300809979438,0.0,0.0813008099794387,0.0,0.0975609719753265,0.125,556,278,True,2.9995654882259823,1.7775430902669442,-0.0162601619958877,0.0,0.0,0.0,0.0,123,0.0813008099794387,0.0975609719753265,-0.016260161995887798,278,278,0.0,0.0015915325293721857,-2.7981844803967544
9kpr,1462,1475.5,1489,1462,0.0815217420458793,0.1666666716337204,0.70652174949646,1.0,0.2282608747482299,0.3888888955116272,567,282,False,3.1649473726218416,1.939822818462161,0.47826087474823,0.1222068747289119,0.092391304347826,0.0869565217391304,0.1666666666666666,184,0.70652174949646,0.2282608747482299,0.4782608747482301,285,285,0.010526315789473684,0.002289411471942267,-2.6402761453183348
9kq4,192,192.5,193,192,0.0760233923792839,0.0882352963089943,0.7719298005104065,1.0,0.0058479532599449,0.0,571,284,False,2.2833012287035497,1.0566420586800307,0.7660818472504616,0.119885940230929,0.0994152046783625,0.1411764705882353,0.1176470588235294,171,0.7719298005104065,0.0058479532599449,0.7660818472504616,287,287,0.010452961672473868,0.0020979535751091917,-2.6782041263888763
9kqf,2885,2885.0,2885,2885,0.01290322560817,0.0,0.9161290526390076,1.0,0.0,0.0,754,377,True,3.46014581749175,2.171975142388854,0.9161290526390076,0.0,0.0,0.0,0.0,155,0.9161290526390076,0.0,0.9161290526390076,377,377,0.0,0.001090558577067312,-2.962351002241294
9kqi,2885,2885.0,2885,2885,0.01290322560817,0.0,0.9096774458885192,1.0,0.0,0.0,754,377,True,3.46014581749175,2.171975142388854,0.9096774458885192,0.0,0.0,0.0,0.0,155,0.9096774458885192,0.0,0.9096774458885192,377,377,0.0,0.001090558577067312,-2.962351002241294
9kqj,2885,2885.0,2885,2885,0.0132450331002473,0.0,0.9139072895050048,1.0,0.0,0.0,754,377,True,3.46014581749175,2.171975142388854,0.9139072895050048,0.0,0.0,0.0,0.0,151,0.9139072895050048,0.0,0.9139072895050048,377,377,0.0,0.0010624151299171878,-2.9737057531184163
9kql,623,624.5,623,626,0.1557376980781555,0.2916666865348816,0.9262295365333556,1.0,0.8606557250022888,1.0,201,100,False,2.7944880466591697,1.7944880466591695,0.0655738115310669,0.1724895719429469,0.1229508196721311,0.1639344262295081,0.25,122,0.9262295365333556,0.8606557250022888,0.06557381153106678,101,101,0.009900990099009901,0.01207920792079208,-1.9179615431078942
9kqv,77,77.0,77,77,0.0,0.0,0.943181812763214,1.0,0.1022727265954017,0.1176470592617988,732,366,True,1.8864907251724816,0.6047501824752766,0.8409090861678123,0.0,0.0,0.0,0.0,88,0.943181812763214,0.1022727265954017,0.8409090861678123,366,366,0.0,0.0006569321269670639,-3.182479498638653
9kqw,269,271.0,269,273,0.0,0.0,0.859375,1.0,0.34375,0.6666666865348816,630,313,False,2.429752280002408,1.181980111229184,0.515625,0.0,0.0,0.0,0.0,64,0.859375,0.34375,0.515625,317,317,0.012618296529968454,0.0006450247427459912,-3.190423625780313
9ku9,84,86.0,84,88,0.0,0.0,0.8888888955116272,1.0,0.0444444455206394,0.1111111119389534,738,368,False,1.9242792860618816,0.6413553767251229,0.8444444499909878,0.0,0.0,0.0,0.0,90,0.8888888955116272,0.0444444455206394,0.8444444499909878,370,370,0.005405405405405406,0.0006609870740305523,-3.179807033301188
9kup,1763,1774.5,1763,1786,0.1891891956329345,0.2857142984867096,0.9054054021835328,1.0,0.0,0.0,260,128,False,3.246252312299322,2.192647327475388,0.9054054021835328,0.3669184342445399,0.2567567567567567,0.3513513513513513,0.3571428571428571,74,0.9054054021835328,0.0,0.9054054021835328,132,132,0.030303030303030304,0.004379734848484848,-2.358552181122742
9kw9,2049,2114.5,2049,2180,0.1344086080789566,0.3243243396282196,0.8870967626571655,1.0,0.1612903177738189,0.6486486196517944,709,354,False,3.311541958401195,2.037040327388301,0.7258064448833466,0.2665963519092009,0.1666666666666666,0.1935483870967742,0.3513513513513513,186,0.8870967626571655,0.1612903177738189,0.7258064448833467,355,355,0.0028169014084507044,0.001480066841728336,-2.829718670862966
9kwa,1906,1978.5,1906,2051,0.1321839094161987,0.3529411852359772,0.8275862336158752,1.0,0.1839080452919006,0.5,721,360,False,3.2801228963023075,2.001971645918664,0.6436781883239746,0.276242188025157,0.160919540229885,0.2298850574712643,0.4117647058823529,174,0.8275862336158752,0.1839080452919006,0.6436781883239746,361,361,0.002770083102493075,0.0013388734995383195,-2.8732604543903455
9kwf,9832,9832.0,9832,9832,0.0,0.0,0.0,0.0,0.013157894834876,0.0,648,324,True,3.9926418698783976,2.737369364775092,-0.013157894834876,0.0,0.0,0.0,0.0,76,0.0,0.013157894834876,-0.013157894834876,324,324,0.0,0.0007239750038103948,-3.1402764281324327
9kyl,4862,4927.5,4993,4862,0.0,0.0,0.0,0.0,0.0,0.0,280,138,False,3.6868149545073168,2.6168754113066988,0.0,0.0,0.0,0.0,0.0,14,0.0,0.0,0.0,142,142,0.028169014084507043,0.0007144315166360481,-3.146039395106055
9kyt,4584,4837.5,5091,4584,0.0,0.0,0.0,0.0,0.0,0.0,369,184,False,3.6612446089593336,2.528835697454565,0.0,0.0,0.0,0.0,0.0,24,0.0,0.0,0.0,185,185,0.005405405405405406,0.0007050528789659225,-3.151778309700944
9kyv,555,575.0,595,555,0.0,0.0,0.75,1.0,0.5,0.5,253,124,False,2.7442929831226763,1.6975821405415588,0.25,0.0,0.0,0.0,0.0,20,0.75,0.5,0.25,129,129,0.03875968992248062,0.001250312578144536,-2.9029813997975027
9kz5,5004,5063.0,5122,5004,0.0,0.0,0.0,0.0,0.0,0.0,362,180,False,3.6993173010213822,2.571681048469729,0.0,0.0,0.0,0.0,0.0,14,0.0,0.0,0.0,182,182,0.01098901098901099,0.00042735042735042735,-3.369215857410143
9kza,4858,4889.0,4858,4920,0.0,0.0,0.0,0.0,0.0,0.0,366,183,False,3.686457510469112,2.555231965603897,0.0,0.0,0.0,0.0,0.0,14,0.0,0.0,0.0,183,183,0.0,0.0004180477171608588,-3.378774143782621
9l08,4394,4394.0,4394,4394,0.0,0.0,0.0,0.0,0.0,0.0,582,291,True,3.642860052584492,2.4109135580915377,0.0,0.0,0.0,0.0,0.0,17,0.0,0.0,0.0,291,291,0.0,0.00020075341576032403,-3.6973370565935406
9l23,314,1628.0,2942,314,0.0,0.0,0.3196721374988556,0.9166666865348816,0.0081967208534479,0.0,716,42,False,2.496929648073215,1.6853050028742649,0.3114754166454077,0.0,0.0,0.0,0.0,122,0.3196721374988556,0.0081967208534479,0.3114754166454077,674,674,0.9376854599406528,0.004309735763741699,-2.365549356258472
9l56,9655,9736.0,9817,9655,0.0129870129749178,0.0,0.701298713684082,1.0,0.0,0.0,619,307,False,3.9847522781154137,2.74118309037682,0.701298713684082,0.0569431987323543,0.0649350649350649,0.0789473684210526,0.0666666666666666,77,0.701298713684082,0.0,0.701298713684082,312,312,0.016025641025641024,0.0008038920905370417,-3.0948022443231475
9l5y,764,807.5,764,851,0.0,0.0,0.1071428582072258,0.0,0.0,0.0,921,460,False,2.8830933585756897,1.551714442734903,0.1071428582072258,0.0,0.0,0.0,0.0,28,0.1071428582072258,0.0,0.1071428582072258,461,461,0.0021691973969631237,0.00013203810242384231,-3.879300725729003
9l75,5230,5268.0,5230,5306,0.0,0.0,0.0,0.0,0.0,0.0,542,261,False,3.718501688867274,2.5101814351981337,0.0,0.0,0.0,0.0,0.0,37,0.0,0.0,0.0,281,281,0.0711743772241993,0.0005044927121255505,-3.2971451031763657
9l9w,2285,2511.0,2737,2285,0.006172839552164,0.0,0.8580247163772583,1.0,0.0,0.0,893,419,False,3.358886204405869,2.047779192922721,0.8580247163772583,0.0,0.0,0.0,0.0,162,0.8580247163772583,0.0,0.8580247163772583,474,474,0.1160337552742616,0.0008156853267272892,-3.0884773500977496
9l9x,2285,2511.0,2737,2285,0.0061349691823124,0.0,0.8711656332015991,1.0,0.0,0.0,893,419,False,3.358886204405869,2.047779192922721,0.8711656332015991,0.0,0.0,0.0,0.0,163,0.8711656332015991,0.0,0.8711656332015991,474,474,0.1160337552742616,0.000820720421336717,-3.0858047602364227
9lc9,15465,15506.0,15465,15547,0.0,0.0,0.0,0.0,0.0,0.0,931,465,False,4.189349924339198,2.855623447894221,0.0,0.0,0.0,0.0,0.0,77,0.0,0.0,0.0,466,466,0.002145922746781116,0.00035534634731644284,-3.4493481444074723
9leq,171,390.0,171,609,0.0063291140832006,0.0,0.8607594966888428,1.0,0.0949367061257362,0.2258064448833465,782,149,False,2.2329961103921536,1.1464029761860168,0.7658227905631065,0.0010864078236909,0.0063291139240506,0.0,0.0,158,0.8607594966888428,0.0949367061257362,0.7658227905631065,633,633,0.764612954186414,0.0016752017133708664,-2.7759328914752066
9lg0,17824,17927.5,17824,18031,0.1076923087239265,0.0,0.8615384697914124,1.0,0.0153846153989434,0.0,335,167,False,4.251005173493635,3.139646937919843,0.8461538543924689,0.2303930541770906,0.1692307692307692,0.1875,0.3076923076923077,65,0.8615384697914124,0.0153846153989434,0.8461538543924689,168,168,0.005952380952380952,0.00231679498146564,-2.6351123962305905
9lgw,33,50.5,68,33,0.0,0.0,0.0,0.0,0.0,0.0,603,190,False,1.5185139398778875,0.379137139401473,0.0,0.0,0.0,0.0,0.0,65,0.0,0.0,0.0,413,413,0.5399515738498789,0.0008283420415445393,-3.0817902959663743
9lik,85,86.5,85,88,0.0,0.0,0.0,0.0,0.0,0.0,819,392,False,1.9294189257142929,0.632775892204064,0.0,0.0028450460595888,0.005,0.0,0.0,200,0.0,0.0,0.0,427,427,0.08196721311475409,0.0011948573340343164,-2.9226839463815
9lim,83,86.0,89,83,0.0,0.0,0.0,0.0,0.0,0.0,757,373,False,1.919078092376074,0.6332236764717301,0.0,0.0,0.0,0.0,0.0,21,0.0,0.0,0.0,384,384,0.028645833333333332,0.00014661528150134047,-3.833820761442299
9lj9,16784,16784.0,16784,16784,0.221374049782753,0.2692307829856872,0.8931297659873962,1.0,0.8015267252922058,1.0,724,362,True,4.224895470849483,2.9455411855829,0.0916030406951904,0.3177607929658116,0.2900763358778626,0.2769230769230769,0.2692307692307692,131,0.8931297659873962,0.8015267252922058,0.09160304069519043,362,362,0.0,0.0009996642349134643,-3.000145845410567
9ll4,1885,1885.0,1885,1885,0.0217391308397054,0.0,0.0,0.0,0.0,0.0,212,106,True,3.275311354541812,2.2626584219094266,0.0,0.035344852153643,0.0434782608695652,0.0434782608695652,0.0,46,0.0,0.0,0.0,106,106,0.0,0.004093983624065504,-2.3878538988479665
9llq,4989,5032.5,5076,4989,0.442307710647583,0.774193525314331,0.9230769276618958,1.0,0.0,0.0,353,176,False,3.6980135039391815,2.5752571700321067,0.9230769276618958,0.4717266665979841,0.358974358974359,0.4102564102564102,0.5483870967741935,156,0.9230769276618958,0.0,0.9230769276618958,177,177,0.005649717514124294,0.005007704160246533,-2.3003613358214947
9lmm,2626,2686.5,2747,2626,0.6363636255264282,1.0,0.9090909361839294,1.0,0.0454545468091964,0.0769230797886848,189,93,False,3.4192947217534604,2.435053247476493,0.863636389374733,0.9107408771045256,0.696969696969697,0.9696969696969696,1.0,66,0.9090909361839294,0.0454545468091964,0.8636363893747331,96,96,0.03125,0.00739247311827957,-2.131210246051635
9lmn,3432,3433.0,3434,3432,0.1293532252311706,0.3000000119209289,0.89552241563797,1.0,0.0547263696789741,0.025000000372529,723,361,False,3.535547279176668,2.256793678223839,0.8407960459589958,0.28388273924942,0.1691542288557214,0.24,0.35,201,0.89552241563797,0.0547263696789741,0.8407960459589958,362,362,0.0027624309392265192,0.0015380848165776465,-2.813019715018335
9lnb,3154,3154.0,3154,3154,0.0,0.0,0.0,0.0,0.0666666701436042,0.0,808,404,True,3.498861688992884,2.195671006437581,-0.0666666701436042,0.0,0.0,0.0,0.0,30,0.0,0.0666666701436042,-0.0666666701436042,404,404,0.0,0.00018380550926379766,-3.7356414755015477
9lnh,17737,17771.0,17805,17737,0.0645161271095275,0.0,0.8548387289047241,1.0,0.0483870953321456,0.0833333358168602,340,169,False,4.248880166024286,3.134936813717449,0.8064516335725784,0.244933931718693,0.1774193548387097,0.1935483870967742,0.3333333333333333,62,0.8548387289047241,0.0483870953321456,0.8064516335725785,171,171,0.011695906432748537,0.0021454029551195544,-2.6684911255075736
9lpe,9277,9310.0,9343,9277,0.4166666865348816,0.25,0.8333333134651184,1.0,0.8333333134651184,0.75,150,72,False,3.9674075565974727,3.038741308381838,0.0,0.1361909592572366,0.0833333333333333,0.1666666666666666,0.25,24,0.8333333134651184,0.8333333134651184,0.0,78,78,0.07692307692307693,0.004273504273504274,-2.369215857410143
9lri,7749,7868.0,7749,7987,0.0121951214969158,0.0,0.0,0.0,0.0,0.0,305,147,False,3.88924566089298,2.8055869935188915,0.0,0.0,0.0,0.0,0.0,82,0.0,0.0,0.0,158,158,0.06962025316455696,0.0035305261345044345,-2.452160569318882
9lsd,5640,5641.0,5640,5642,0.25,0.3461538553237915,0.9090909361839294,1.0,0.0303030312061309,0.0,214,107,False,3.751279103983342,2.7365872151407373,0.8787879049777985,0.3608774988884942,0.3106060606060606,0.3636363636363636,0.5384615384615384,132,0.9090909361839294,0.0303030312061309,0.8787879049777986,107,107,0.0,0.011529391213206393,-1.9381936241645694
9lw1,1566,1566.0,1566,1566,0.0169491525739431,0.0,0.1694915294647216,0.1739130467176437,0.0,0.0,516,258,True,3.1947917577219247,1.9889819047403092,0.1694915294647216,0.0,0.0,0.0,0.0,118,0.1694915294647216,0.0,0.1694915294647216,258,258,0.0,0.001772730004206478,-2.751357404620335
9lyd,11397,11397.0,11397,11397,0.0,0.0,0.0,0.0,0.0,0.0,746,373,True,4.056790548274383,2.7709361323700388,0.0,0.0189061710023964,0.0169491525423728,0.0344827586206896,0.0,59,0.0,0.0,0.0,373,373,0.0,0.0004240668731896298,-3.372565651975231
9m06,681,681.0,681,681,0.0660377368330955,0.2380952388048172,0.9528301954269408,1.0,0.0377358496189117,0.0,286,143,True,2.833147111912785,1.7554790931802542,0.9150943458080292,0.2261129753200363,0.1698113207547169,0.2075471698113207,0.238095238095238,106,0.9528301954269408,0.0377358496189117,0.9150943458080291,143,143,0.0,0.0051836275612499386,-2.2853662096653533
9m1q,9181,9181.0,9181,9181,0.0983606502413749,0.1666666716337204,0.0819672122597694,0.4166666567325592,0.6721311211585999,0.9166666865348816,312,156,True,3.962889987391791,2.8663276882145605,-0.5901639088988304,0.0025937689324137,0.0163934426229508,0.0,0.0,61,0.0819672122597694,0.6721311211585999,-0.5901639088988304,156,156,0.0,0.0025065746219592373,-2.600919361698156
9m3b,1298,1458.5,1619,1298,0.0,0.0,0.8571428656578064,1.0,0.0714285746216774,0.0909090936183929,460,128,False,3.1132746924643504,2.059669707640416,0.785714291036129,0.0,0.0,0.0,0.0,56,0.8571428656578064,0.0714285746216774,0.785714291036129,332,332,0.6144578313253012,0.0013177710843373493,-2.8801600263457043
9m3l,200,200.0,200,200,0.0,0.0,0.1204819306731224,0.375,0.0120481923222541,0.0,315,157,False,2.3010299956639813,1.2030801694593642,0.1084337383508682,0.0,0.0,0.0,0.0,83,0.1204819306731224,0.0120481923222541,0.10843373835086831,158,158,0.006329113924050633,0.0033459646859630736,-2.4754786469875825
9m71,97,97.0,97,97,0.0833333358168602,0.5,0.0,0.0,0.0,0.0,226,113,True,1.9867717342662448,0.960232512524535,0.0,0.1336008898508898,0.0833333333333333,0.1666666666666666,0.0,12,0.0,0.0,0.0,113,113,0.0,0.0009397760200485551,-3.026975640919215
9m7t,117,117.0,117,117,0.0205479450523853,0.0,0.8287671208381653,1.0,0.0,0.0,230,115,True,2.0681858617461617,1.0378369415693558,0.8287671208381653,0.0252698434243099,0.0205479452054794,0.0410958904109589,0.0344827586206896,146,0.8287671208381653,0.0,0.8287671208381653,115,115,0.0,0.011039697542533082,-1.9570428249227863
9m8p,6432,6432.0,6432,6432,0.0,0.0,0.0416666679084301,0.0,0.0,0.0,508,254,True,3.808346035740395,2.6059291774304256,0.0416666679084301,0.1125083221187561,0.0833333333333333,0.125,0.2222222222222222,48,0.0416666679084301,0.0,0.0416666679084301,254,254,0.0,0.000744001488002976,-3.128426195864289
9m9z,1880,1911.5,1880,1943,0.0252100862562656,0.0434782616794109,0.8907563090324402,1.0,0.4285714328289032,1.0,568,280,False,3.27415784926368,2.0505788335925703,0.462184876203537,0.2534271522560013,0.1092436974789916,0.2033898305084746,0.3478260869565217,119,0.8907563090324402,0.4285714328289032,0.462184876203537,288,288,0.027777777777777776,0.0014756944444444444,-2.8310035577089194
9ma1,1943,1979.0,2015,1943,0.0180722884833812,0.0,0.0,0.0,0.0301204826682806,0.0909090936183929,560,272,False,3.2884728005997825,2.071188348582683,-0.0301204826682806,0.0019478565660461,0.0060240963855421,0.0,0.0,166,0.0,0.0301204826682806,-0.0301204826682806,288,288,0.05555555555555555,0.0021190767973856208,-2.6738533037533747
9mcd,2859,2869.0,2859,2879,0.4561403393745422,1.0,0.8070175647735596,1.0,0.0,0.0,223,111,False,3.456214155357989,2.43355266596466,0.8070175647735596,0.8352676971534039,0.543859649122807,0.9285714285714286,1.0,57,0.8070175647735596,0.0,0.8070175647735596,112,112,0.008928571428571428,0.004584942084942085,-2.3386661457843476
9mhi,732,732.0,732,732,0.0,0.0,0.5897436141967773,1.0,0.0,0.0,482,241,True,2.864511081058392,1.6735025597709576,0.5897436141967773,0.0,0.0,0.0,0.0,78,0.5897436141967773,0.0,0.5897436141967773,241,241,0.0,0.0013429520841583306,-2.8719394824592563
9mhj,700,703.0,706,700,0.0,0.0,0.594936728477478,1.0,0.0,0.0,491,245,False,2.845098040014257,1.6505149978319906,0.594936728477478,0.0,0.0,0.0,0.0,79,0.594936728477478,0.0,0.594936728477478,246,246,0.0040650406504065045,0.0013107682097229136,-2.88247410017747
9mhk,719,719.0,719,719,0.0,0.0,0.5874999761581421,1.0,0.0,0.0,490,245,True,2.8567288903828825,1.6621458482006164,0.5874999761581421,0.0025775469981891,0.0125,0.0,0.0,80,0.5874999761581421,0.0,0.5874999761581421,245,245,0.0,0.0013327780091628488,-2.8752421817371214
9mhl,855,872.5,890,855,0.0,0.0,0.914893627166748,1.0,0.0,0.0,455,227,False,2.931966114728173,1.753953186131611,0.914893627166748,0.0,0.0,0.0,0.0,47,0.914893627166748,0.0,0.914893627166748,228,228,0.0043859649122807015,0.0009081072725867532,-3.041862846257859
9mhm,829,845.5,829,862,0.0,0.0,0.8958333134651184,1.0,0.0,0.0,461,230,False,2.9185545305502734,1.737690612541477,0.8958333134651184,0.0,0.0,0.0,0.0,48,0.8958333134651184,0.0,0.8958333134651184,231,231,0.004329004329004329,0.0009034443817052513,-3.04409857853415
9mhn,869,879.5,869,890,0.0,0.0,0.8723404407501221,1.0,0.0,0.0,458,228,False,2.9390197764486663,1.7600523529484395,0.8723404407501221,0.0,0.0,0.0,0.0,47,0.8723404407501221,0.0,0.8723404407501221,230,230,0.008695652173913044,0.0008962623951182303,-3.047564825082329
9mho,855,872.5,890,855,0.0,0.0,0.8936170339584351,1.0,0.0,0.0,455,227,False,2.931966114728173,1.753953186131611,0.8936170339584351,0.0,0.0,0.0,0.0,47,0.8936170339584351,0.0,0.8936170339584351,228,228,0.0043859649122807015,0.0009081072725867532,-3.041862846257859
9mpy,6066,6073.5,6081,6066,0.1172413825988769,0.3793103396892547,0.4137931168079376,0.931034505367279,0.3448275923728943,1.0,804,401,False,3.782902405974645,2.481330219664553,0.0689655244350433,0.2155776460358438,0.1172413793103448,0.2083333333333333,0.2413793103448276,145,0.4137931168079376,0.3448275923728943,0.06896552443504333,403,403,0.004962779156327543,0.000897260570657723,-3.047081416526317
9mqb,999,1969.0,2939,999,0.0,0.0,0.3666666746139526,1.0,0.0199999995529651,0.0666666701436042,768,70,False,2.9995654882259823,2.077016468218854,0.3466666750609875,0.0,0.0,0.0,0.0,150,0.3666666746139526,0.0199999995529651,0.3466666750609875,698,698,0.8997134670487106,0.0030699959066721244,-2.5128622035817365
9mqc,1314,2126.5,2939,1314,0.0,0.0,0.3758865296840668,1.0,0.0354609936475753,0.0,751,53,False,3.118595365223762,2.2564574304233678,0.3404255360364914,0.0,0.0,0.0,0.0,141,0.3758865296840668,0.0354609936475753,0.34042553603649145,698,698,0.9240687679083095,0.003811428880358977,-2.4189121795685704
9mqe,1317,2128.0,2939,1317,0.0,0.0,0.3863636255264282,1.0,0.0,0.0,751,53,False,3.119585774961784,2.2574478401613893,0.3863636255264282,0.0,0.0,0.0,0.0,132,0.3863636255264282,0.0,0.3863636255264282,698,698,0.9240687679083095,0.0035681461858679785,-2.4475573610181005
9mrw,437,437.0,437,437,0.0,0.0,0.0,0.0,0.0,0.0,694,347,True,2.640481436970422,1.370316699574985,0.0,0.0,0.0,0.0,0.0,8,0.0,0.0,0.0,347,347,0.0,6.644021626290394e-05,-4.177568962589803
9mty,2456,2460.0,2456,2464,0.0,0.0,0.03125,0.1666666716337204,0.0,0.0,586,292,False,3.3902283624691303,2.157536936744921,0.03125,0.0,0.0,0.0,0.0,32,0.03125,0.0,0.03125,294,294,0.006802721088435374,0.0003727518404622123,-3.4285802035406694
9mw1,7768,7855.5,7943,7768,0.0,0.0,0.1333333402872085,0.3333333432674408,0.1333333402872085,0.3333333432674408,278,139,False,3.890309216899949,2.818801816772901,0.0,0.0,0.0,0.0,0.0,30,0.1333333402872085,0.1333333402872085,0.0,139,139,0.0,0.0015527146628021324,-2.8089083457885278
9mw2,7921,8325.5,8730,7921,0.0,0.0,0.8709677457809448,1.0,0.7419354915618896,1.0,268,131,False,3.8987800132898256,2.840144365461944,0.1290322542190551,0.0,0.0,0.0,0.0,31,0.8709677457809448,0.7419354915618896,0.12903225421905518,137,137,0.043795620437956206,0.0017273081852120131,-2.7626301689778985
9mw3,7775,7859.0,7775,7943,0.0,0.0,0.90625,1.0,0.75,1.0,279,139,False,3.890700397698875,2.8191929975718275,0.15625,0.0,0.0,0.0,0.0,32,0.90625,0.75,0.15625,140,140,0.007142857142857143,0.001644398766700925,-2.7839928576124273
9n0x,3019,3019.0,3019,3019,0.0,0.0,0.5448275804519653,0.0,0.0,0.0,760,380,True,3.479863113023098,2.189971314714693,0.5448275804519653,0.0,0.0,0.0,0.0,145,0.5448275804519653,0.0,0.5448275804519653,380,380,0.0,0.0010041551246537397,-2.9981991909986454
9n2g,6646,6655.5,6646,6665,0.0,0.0,0.1408450752496719,0.0714285746216774,0.0281690135598182,0.0,143,71,False,3.822560336942692,2.8969311625831544,0.1126760616898536,0.0299868186172279,0.0140845070422535,0.0285714285714285,0.0714285714285714,71,0.1408450752496719,0.0281690135598182,0.11267606168985371,72,72,0.013888888888888888,0.013888888888888888,-1.8573324964312685
9n2n,6545,6575.0,6605,6545,0.0465116277337074,0.125,0.0,0.0,0.0,0.0,132,64,False,3.815909650886775,2.912819663894831,0.0,0.0174943944990266,0.0232558139534883,0.0476190476190476,0.0,43,0.0,0.0,0.0,68,68,0.058823529411764705,0.009880514705882353,-2.005220431110537
9n9c,1335,1335.0,1335,1335,0.0,0.0,0.4096385538578033,0.6875,0.0,0.0,692,346,True,3.125481265700594,1.8559432163042056,0.4096385538578033,0.0,0.0,0.0,0.0,83,0.4096385538578033,0.0,0.4096385538578033,346,346,0.0,0.0006933074944034214,-3.1590741052094793
9n9m,1335,1345.5,1356,1335,0.0,0.0,0.1509433984756469,0.190476194024086,0.0,0.0,711,346,False,3.125481265700594,1.8559432163042056,0.1509433984756469,0.0,0.0,0.0,0.0,106,0.1509433984756469,0.0,0.1509433984756469,365,365,0.052054794520547946,0.0008393380315147676,-3.076063097984481
9n9o,1335,1345.5,1356,1335,0.0,0.0,0.1683168262243271,0.2000000029802322,0.0,0.0,711,346,False,3.125481265700594,1.8559432163042056,0.1683168262243271,0.0,0.0,0.0,0.0,101,0.1683168262243271,0.0,0.1683168262243271,365,365,0.052054794520547946,0.0007997466149338823,-3.0970475894666087
9ndu,3268,3289.0,3268,3310,0.0,0.0,0.0,0.0,0.0,0.0,470,234,False,3.514282047860378,2.3296741191553063,0.0,0.0,0.0,0.0,0.0,22,0.0,0.0,0.0,236,236,0.00847457627118644,0.00039837751702158483,-3.399705179558043
9nf8,4342,6814.5,4342,9287,0.0,0.0,0.0,0.0,0.0,0.0,843,315,False,3.637689819118401,2.388534542223601,0.0,0.0,0.0,0.0,0.0,12,0.0,0.0,0.0,528,528,0.4034090909090909,7.215007215007215e-05,-4.141763230275788
9nli,2650,2674.5,2650,2699,0.0347826071083545,0.0869565233588218,0.852173924446106,1.0,0.0,0.0,399,199,False,3.423245873936808,2.2738193357319547,0.852173924446106,0.1027898948031407,0.0521739130434782,0.087719298245614,0.1739130434782608,115,0.852173924446106,0.0,0.852173924446106,200,200,0.005,0.0028894472361809045,-2.5391852317200763
9nlt,2,47.0,2,92,0.0849673226475715,0.0666666701436042,0.0130718955770134,0.0,0.0065359477885067,0.0333333350718021,159,53,False,0.3010299956639812,-0.5611079391364133,0.0065359477885067,0.0586773015760632,0.0522875816993464,0.0789473684210526,0.0666666666666666,153,0.0130718955770134,0.0065359477885067,0.0065359477885067,106,106,0.5,0.02723389106443574,-1.5648903040479605
9nnq,4989,4996.5,5004,4989,0.0,0.0,0.5193798542022705,1.0,0.0542635656893253,0.0399999991059303,873,436,False,3.6980135039391815,2.378270259304889,0.4651162885129452,0.0,0.0,0.0,0.0,129,0.5193798542022705,0.0542635656893253,0.46511628851294523,437,437,0.002288329519450801,0.0006770516238742048,-3.169378215939759
9nnr,5154,5212.0,5154,5270,0.0,0.0,0.5634920597076416,1.0,0.0555555559694767,0.0399999991059303,867,431,False,3.712144414214886,2.39490577913452,0.5079365037381649,0.0,0.0,0.0,0.0,126,0.5634920597076416,0.0555555559694767,0.5079365037381649,436,436,0.011467889908256881,0.0006705123565848571,-3.173593214311755
9nq5,6477,6858.0,6477,7239,0.1185770779848098,0.1599999964237213,0.8418972492218018,1.0,0.0,0.0,934,465,False,3.811373897053893,2.4776474206089163,0.8418972492218018,0.2021891764928897,0.150197628458498,0.2222222222222222,0.28,253,0.8418972492218018,0.0,0.8418972492218018,469,469,0.008528784648187633,0.0011600981268771351,-2.9355052744292194
9nrq,2448,2497.5,2448,2547,0.0614035092294216,0.1818181872367859,0.859649121761322,1.0,0.0,0.0,393,196,False,3.3888114134735234,2.2426833777952857,0.859649121761322,0.1758836719961976,0.1228070175438596,0.1403508771929824,0.1818181818181818,114,0.859649121761322,0.0,0.859649121761322,197,197,0.005076142131979695,0.0029524500155392107,-2.5298174461815965
9nu4,3,7051.5,14100,3,0.0,0.0,0.0,0.0,0.0,0.0,631,29,False,0.4771212547196624,-0.2540777442298156,0.0,0.0,0.0,0.0,0.0,64,0.0,0.0,0.0,602,602,0.9518272425249169,0.003665941115820827,-2.4358145151728934
9nu5,3,6773.0,13543,3,0.0,0.0,0.0,0.0,0.1176470592617988,0.1764705926179886,532,29,False,0.4771212547196624,-0.2540777442298156,-0.1176470592617988,0.0,0.0,0.0,0.0,85,0.0,0.1176470592617988,-0.1176470592617988,503,503,0.9423459244532804,0.0058271063275519295,-2.234547057240591
9nu8,2,6722.0,13442,2,0.0105263162404298,0.0,0.0,0.0,0.0315789468586444,0.0,550,40,False,0.3010299956639812,-0.5,-0.0315789468586444,0.0,0.0,0.0,0.0,95,0.0,0.0315789468586444,-0.0315789468586444,510,510,0.9215686274509803,0.004656862745098039,-2.331906562137051
9nyu,475,475.0,475,475,0.0041152262128889,0.020833333954215,0.5802469253540039,1.0,0.0452674888074398,0.020833333954215,626,313,True,2.6766936096248664,1.4289214408516424,0.5349794365465641,0.0366791256043243,0.0329218106995884,0.0495867768595041,0.0208333333333333,243,0.5802469253540039,0.0452674888074398,0.5349794365465641,313,313,0.0,0.002480376445610346,-2.6054824014945845
9nzo,269,3320.5,6372,269,0.0,0.0,0.0,0.0,0.0,0.0,694,249,False,2.429752280002408,1.23165260645454,0.0,0.0,0.0,0.0,0.0,132,0.0,0.0,0.0,445,445,0.4404494382022472,0.0011912819818600245,-2.923985426870818
9nzp,284,284.5,284,285,0.0641025677323341,0.2000000178813934,0.5128205418586731,0.6666666865348816,0.1282051354646682,0.1333333402872085,389,194,False,2.453318340047037,1.3094174750819247,0.3846154063940048,0.229462726692478,0.1153846153846153,0.1794871794871795,0.3333333333333333,78,0.5128205418586731,0.1282051354646682,0.38461540639400493,195,195,0.005128205128205128,0.002061855670103093,-2.6857417386022635
9nzq,1782,5755.5,9729,1782,0.0,0.0,0.4864864945411682,0.5714285969734192,0.0,0.0,750,327,False,3.250907699700856,1.993633823370713,0.4864864945411682,0.0,0.0,0.0,0.0,74,0.4864864945411682,0.0,0.4864864945411682,423,423,0.22695035460992907,0.0005349874567130081,-3.271656400304352
9nzr,6722,7901.5,9081,6722,0.0,0.0,0.5757575631141663,0.9473684430122375,0.0,0.0,889,441,False,3.8274985081334583,2.505279213399539,0.5757575631141663,0.0,0.0,0.0,0.0,99,0.5757575631141663,0.0,0.5757575631141663,448,448,0.015625,0.0005010932944606414,-3.3000814088684325
9nzs,2274,6236.0,10198,2274,0.0,0.0,0.4375,0.6666666865348816,0.0,0.0,728,316,False,3.356790460351716,2.106946919042514,0.4375,0.0,0.0,0.0,0.0,64,0.4375,0.0,0.4375,412,412,0.23300970873786409,0.0004915816640039326,-3.3084043246676513
9nzt,248,4988.5,9729,248,0.0,0.0,0.557692289352417,0.699999988079071,0.0,0.0,598,175,False,2.3944516808262164,1.272932656483069,0.557692289352417,0.0,0.0,0.0,0.0,52,0.557692289352417,0.0,0.557692289352417,423,423,0.5862884160756501,0.0007024653833164472,-3.1533750724265377
9nzy,859,867.5,859,876,0.1531531512737274,0.1818181872367859,0.945945918560028,1.0,0.3063063025474548,0.3181818127632141,464,228,False,2.9339931638312424,1.7550257403310154,0.6396396160125732,0.4766952471131394,0.3243243243243243,0.4363636363636363,0.4545454545454545,111,0.945945918560028,0.3063063025474548,0.6396396160125732,236,236,0.03389830508474576,0.002062890276538805,-2.6855238711839027
9oa6,1686,7730.5,13775,1686,0.0057471264153718,0.0,0.0229885056614875,0.0,0.0402298867702484,0.0294117648154497,369,120,False,3.226857570288724,2.187266947264911,-0.0172413811087608,0.0468968652675155,0.0114942528735632,0.0229885057471264,0.0588235294117647,174,0.0229885056614875,0.0402298867702484,-0.0172413811087609,249,249,0.5180722891566265,0.005823293172690763,-2.2348313448607615
9oa7,5407,5549.5,5407,5692,0.0,0.0,0.5080645084381104,1.0,0.0241935476660728,0.0,863,431,False,3.732956369575625,2.4157177344952587,0.4838709607720375,0.0,0.0,0.0,0.0,124,0.5080645084381104,0.0241935476660728,0.48387096077203756,432,432,0.0023148148148148147,0.000665979204262267,-3.1765393318134088
9oa9,5648,5769.0,5890,5648,0.0272727273404598,0.0909090936183929,0.0136363636702299,0.0454545468091964,0.0318181812763214,0.0227272734045982,550,270,False,3.7518946880437474,2.536212805964253,-0.0181818176060915,0.0453261766833387,0.0272727272727272,0.0454545454545454,0.0909090909090909,220,0.0136363636702299,0.0318181812763214,-0.0181818176060915,280,280,0.03571428571428571,0.00291005291005291,-2.536099114679
9opx,2210,2647.0,3084,2210,0.2307692468166351,0.6000000238418579,0.2692307829856872,0.2000000029802322,0.0769230797886848,0.2000000029802322,553,275,False,3.3443922736851106,2.124725926769979,0.1923077031970024,0.3259368816896747,0.1923076923076923,0.3076923076923077,0.6,26,0.2692307829856872,0.0769230797886848,0.1923077031970024,278,278,0.01079136690647482,0.00034009156311314584,-3.468404141777521
9oq0,2210,2647.0,3084,2210,0.2272727340459823,0.75,0.5454545617103577,0.5,0.0454545468091964,0.25,553,275,False,3.3443922736851106,2.124725926769979,0.5000000149011612,0.2749475762299433,0.1818181818181818,0.2727272727272727,0.5,22,0.5454545617103577,0.0454545468091964,0.5000000149011613,278,278,0.01079136690647482,0.00028776978417266187,-3.540954808926133
9ozv,1183,1200.5,1183,1218,0.0563380271196365,0.0714285746216774,0.7746478915214539,1.0,0.0,0.0,359,178,False,3.0729847446279304,1.9477747434734836,0.7746478915214539,0.1567713463281948,0.056338028169014,0.1142857142857142,0.2142857142857142,71,0.7746478915214539,0.0,0.7746478915214539,181,181,0.016574585635359115,0.0022037370414054254,-2.656840228459003
9p3f,1587,2542.0,1587,3497,0.0,0.0,0.8888888955116272,1.0,0.0,0.0,706,308,False,3.2005769267548483,1.9563015685046257,0.8888888955116272,0.0,0.0,0.0,0.0,45,0.8888888955116272,0.0,0.8888888955116272,398,398,0.22613065326633167,0.0003670952163414475,-3.4352212747987885
9p6h,1553,10779.0,1553,20005,0.0,0.0,0.8208954930305481,1.0,0.0,0.0,701,254,False,3.191171455728558,1.9887545974185892,0.8208954930305481,0.0,0.0,0.0,0.0,67,0.8208954930305481,0.0,0.8208954930305481,447,447,0.4317673378076063,0.0005901107999084007,-3.2290664370510482
9p9n,2079,2120.0,2161,2079,0.0,0.0,0.9545454382896424,1.0,0.0,0.0,578,289,False,3.317854489331469,2.087405567953195,0.9545454382896424,0.0,0.0,0.0,0.0,66,0.9545454382896424,0.0,0.9545454382896424,289,289,0.0,0.0007902204236060392,-3.102251749971227
9p9o,2079,2120.0,2079,2161,0.0,0.0,0.9701492786407472,1.0,0.0,0.0,577,288,False,3.317854489331469,2.088158245451854,0.9701492786407472,0.0,0.0,0.0,0.0,67,0.9701492786407472,0.0,0.9701492786407472,289,289,0.0034602076124567475,0.0008049788542868128,-3.0942155278149523
9p9p,2120,2152.0,2120,2184,0.0,0.0,0.9545454382896424,1.0,0.0,0.0,579,289,False,3.326335860928751,2.0958869395504776,0.9545454382896424,0.0,0.0,0.0,0.0,66,0.9545454382896424,0.0,0.9545454382896424,290,290,0.0034482758620689655,0.0007874955255936046,-3.103751905113635
9pas,2120,2184.5,2120,2249,0.0,0.0,0.9701492786407472,1.0,0.0,0.0,579,289,False,3.326335860928751,2.0958869395504776,0.9701492786407472,0.0,0.0,0.0,0.0,67,0.9701492786407472,0.0,0.9701492786407472,290,290,0.0034482758620689655,0.0007994272759813865,-3.0972210379546774
9pau,2120,2174.5,2229,2120,0.0,0.0,0.9701492786407472,1.0,0.0,0.0,578,288,False,3.326335860928751,2.096639617049136,0.9701492786407472,0.0,0.0,0.0,0.0,67,0.9701492786407472,0.0,0.9701492786407472,290,290,0.006896551724137931,0.0008022030651340996,-3.0957156829573607
9pax,2035,2078.5,2035,2122,0.0,0.0,0.9701492786407472,1.0,0.0,0.0,578,289,False,3.308564413561238,2.078115492182965,0.9701492786407472,0.0,0.0,0.0,0.0,67,0.9701492786407472,0.0,0.9701492786407472,289,289,0.0,0.0008021934603273428,-3.095720882812269
9pay,2106,2208.5,2311,2106,0.0,0.0,0.9701492786407472,1.0,0.0,0.0,574,286,False,3.323458366849468,2.0952753502849464,0.9701492786407472,0.0,0.0,0.0,0.0,67,0.9701492786407472,0.0,0.9701492786407472,288,288,0.006944444444444444,0.0008134226884226884,-3.0896837181874472
9pbn,2087,2112.5,2138,2087,0.0,0.0,0.9545454382896424,1.0,0.0,0.0,579,289,False,3.3195224490654542,2.08907352768718,0.9545454382896424,0.0,0.0,0.0,0.0,66,0.9545454382896424,0.0,0.9545454382896424,290,290,0.0034482758620689655,0.0007874955255936046,-3.103751905113635
9pcm,2079,2120.0,2079,2161,0.0,0.0,0.970588207244873,1.0,0.0,0.0,577,288,False,3.317854489331469,2.088158245451854,0.970588207244873,0.0,0.0,0.0,0.0,68,0.970588207244873,0.0,0.970588207244873,289,289,0.0034602076124567475,0.0008169934640522876,-3.087781417809542
9pcn,2074,2074.0,2074,2074,0.0,0.0,0.9701492786407472,1.0,0.0,0.0,580,290,True,3.316808752053022,2.085609753103544,0.9701492786407472,0.0,0.0,0.0,0.0,67,0.9701492786407472,0.0,0.9701492786407472,290,290,0.0,0.0007966706302021403,-3.0987211930970857
9phg,7762,7762.0,7762,7762,0.0217391308397054,0.1111111119389534,0.695652186870575,1.0,0.0,0.0,678,339,True,3.889973638403996,2.624873789302455,0.695652186870575,0.0208222855012934,0.0652173913043478,0.0,0.0,46,0.695652186870575,0.0,0.695652186870575,339,339,0.0,0.00040027497150216235,-3.3976415647245903
9pl2,315,330.0,315,345,0.4583333432674408,0.8571429252624512,0.8888888955116272,1.0,0.1388888955116272,0.1428571492433548,238,117,False,2.4983105537896004,1.4642176229165196,0.75,0.6910779312310029,0.4027777777777778,0.6944444444444444,0.7857142857142857,72,0.8888888955116272,0.1388888955116272,0.75,121,121,0.03305785123966942,0.0050858232676414495,-2.293638735631343
9ply,1823,1858.0,1893,1823,0.0,0.0,0.0,0.0,0.0,0.0,591,294,False,3.260786668654976,2.0266130034488974,0.0,0.0,0.0,0.0,0.0,54,0.0,0.0,0.0,297,297,0.010101010101010102,0.0006184291898577613,-3.208710019906401
9q1f,3865,3876.5,3888,3865,0.0,0.0,0.2295081913471222,0.125,0.0409836061298847,0.0,734,362,False,3.587149498254344,2.307795212987761,0.1885245852172374,0.0,0.0,0.0,0.0,122,0.2295081913471222,0.0409836061298847,0.1885245852172375,372,372,0.026881720430107527,0.0009059585338323531,-3.042891679740315
9q1h,2,307.5,2,613,0.0322580635547637,0.0833333358168602,0.7580645084381104,1.0,0.6935483813285828,1.0,229,64,False,0.3010299956639812,-0.6020599913279624,0.0645161271095275,0.0019158173533333,0.0161290322580645,0.0,0.0,62,0.7580645084381104,0.6935483813285828,0.06451612710952759,165,165,0.6121212121212121,0.005871212121212121,-2.2312722286995395
9q3h,294,313.5,294,333,0.0243902429938316,0.0,0.0,0.0,0.0,0.0,247,123,False,2.4683473304121573,1.4233947746924582,0.0,0.0,0.0,0.0,0.0,41,0.0,0.0,0.0,124,124,0.008064516129032258,0.002688172043010753,-2.5705429398818973
9q9v,73,112.0,73,151,0.0,0.0,0.795918345451355,1.0,0.1428571492433548,0.2222222238779068,274,123,False,1.863322860120456,0.8183703044007569,0.6530611962080002,0.0401165822155279,0.0612244897959183,0.0416666666666666,0.0,49,0.795918345451355,0.1428571492433548,0.6530611962080002,151,151,0.18543046357615894,0.0026382383029128305,-2.578685978704054
9qa7,7427,7508.5,7590,7427,0.0,0.0,0.8064516186714172,0.8333333134651184,0.0,0.0,195,95,False,3.870813423915597,2.881951621271173,0.8064516186714172,0.0,0.0,0.0,0.0,31,0.8064516186714172,0.0,0.8064516186714172,100,100,0.05,0.003263157894736842,-2.486361911454575
9qaa,74,113.0,74,152,0.0,0.0,0.717391312122345,1.0,0.4130434691905975,0.6666666865348816,284,125,False,1.869231719730976,0.8207767132269479,0.3043478429317474,0.0,0.0,0.0,0.0,46,0.717391312122345,0.4130434691905975,0.3043478429317475,159,159,0.2138364779874214,0.0023144654088050314,-2.6355493056469337
9qbx,698,698.0,698,698,0.0,0.0,0.0,0.0,0.1354166716337204,0.4736842215061188,508,254,True,2.843855422623161,1.641438564313192,-0.1354166716337204,0.0010198254920609,0.0104166666666666,0.0,0.0,96,0.0,0.1354166716337204,-0.1354166716337204,254,254,0.0,0.001488002976005952,-2.8273962002003077
9qdr,6648,6985.5,7323,6648,0.570588231086731,0.8529411554336548,0.8764705657958984,1.0,0.8352941274642944,1.0,291,140,False,3.822691010776055,2.7496269929369355,0.041176438331604,0.763145189114412,0.5764705882352941,0.788235294117647,0.8235294117647058,170,0.8764705657958984,0.8352941274642944,0.041176438331604004,151,151,0.0728476821192053,0.00804162724692526,-2.0946560615931333
9qh2,8644,8644.0,8644,8644,0.0490196086466312,0.0,0.0686274543404579,0.0,0.0,0.0,472,236,True,3.936714758211204,2.7502587567261503,0.0686274543404579,0.296160503956162,0.2058823529411764,0.3137254901960784,0.35,102,0.0686274543404579,0.0,0.0686274543404579,236,236,0.0,0.001831370295891985,-2.7372238341782955
9qih,12578,12667.0,12578,12756,0.0304878037422895,0.09375,0.5121951103210449,1.0,0.0426829271018505,0.0,589,293,False,4.099611590392529,2.866177780215474,0.4695121832191944,0.0170917244141442,0.0304878048780487,0.0121951219512195,0.0,164,0.5121951103210449,0.0426829271018505,0.4695121832191944,296,296,0.010135135135135136,0.0018909694677612767,-2.7233154833653503
9qjg,9109,9647.5,10186,9109,0.0441176481544971,0.0769230797886848,0.0294117648154497,0.0769230797886848,0.2058823555707931,0.2307692319154739,310,154,False,3.959470702075107,2.865710341656876,-0.1764705907553434,0.0073694853954463,0.0147058823529411,0.0,0.0,68,0.0294117648154497,0.2058823555707931,-0.17647059075534338,156,156,0.01282051282051282,0.0028305028305028305,-2.5481364064846885
9qko,10789,10789.0,10789,10789,0.0,0.0,0.8163265585899353,1.0,0.061224490404129,0.0,604,302,True,4.032981193097368,2.7929777216187928,0.7551020681858063,0.0073672519976324,0.0204081632653061,0.0,0.0,49,0.8163265585899353,0.061224490404129,0.7551020681858063,302,302,0.0,0.0005372571378448313,-3.2698178058857876
9ql9,7272,7357.0,7272,7442,0.0147058824077248,0.0769230797886848,0.147058829665184,0.1538461595773697,0.0147058824077248,0.0769230797886848,302,148,False,3.861653870213911,2.7765230125164324,0.1323529472574591,0.0008848145003441,0.0147058823529411,0.0,0.0,68,0.147058829665184,0.0147058824077248,0.1323529472574592,154,154,0.03896103896103896,0.0029835029835029833,-2.525273523525184
9qp8,204,204.0,204,204,0.0,0.0,0.3000000119209289,0.3333333432674408,0.3111111223697662,0.2222222238779068,272,136,True,2.3096301674258988,1.24286071324079,-0.0111111104488372,0.0042986043226153,0.0333333333333333,0.0,0.0,90,0.3000000119209289,0.3111111223697662,-0.01111111044883728,136,136,0.0,0.004865916955017301,-2.31283530730111
9qtr,77,1172.5,2268,77,0.0,0.0,0.1500000059604644,0.25,0.0,0.0,215,53,False,1.8864907251724816,1.0243527903720873,0.1500000059604644,0.0,0.0,0.0,0.0,20,0.1500000059604644,0.0,0.1500000059604644,162,162,0.6728395061728395,0.0023293733985557887,-2.6327608884794387
9qwr,690,705.0,720,690,0.0,0.0,0.0,0.0,0.0,0.0,331,159,False,2.838849090737255,1.7381505285770296,0.0,0.0,0.0,0.0,0.0,78,0.0,0.0,0.0,172,172,0.0755813953488372,0.0028521281263712154,-2.54483096853752
9qyg,4779,4832.0,4885,4779,0.0273972600698471,0.0714285746216774,0.0547945201396942,0.0,0.0547945201396942,0.0714285746216774,362,176,False,3.6793370305207937,2.556580696613719,0.0,0.0294821447437334,0.0273972602739726,0.0277777777777777,0.0714285714285714,73,0.0547945201396942,0.0547945201396942,0.0,186,186,0.053763440860215055,0.002229960899315738,-2.65170275191161
9qz0,1667,1671.0,1667,1675,0.0454545468091964,0.0,0.0,0.0,0.0,0.0,787,393,False,3.2219355998280053,1.924739324640292,0.0,0.0995178436361712,0.0454545454545454,0.0909090909090909,0.25,44,0.0,0.0,0.0,394,394,0.0025380710659898475,0.0002841606282533163,-3.5464360957148133
9qz1,1667,1671.0,1667,1675,0.0444444455206394,0.0,0.0,0.0,0.0,0.0,787,393,False,3.2219355998280053,1.924739324640292,0.0,0.0982939903207995,0.0444444444444444,0.0909090909090909,0.2222222222222222,45,0.0,0.0,0.0,394,394,0.0025380710659898475,0.00029061882434998256,-3.5366762584256572
9r11,4202,4297.5,4202,4393,0.020833333954215,0.0,0.0,0.0,0.0625,0.2222222238779068,330,165,False,3.623456048069934,2.5147140759629805,-0.0625,0.0212342635921533,0.0208333333333333,0.0416666666666666,0.0,48,0.0,0.0625,-0.0625,165,165,0.0,0.0017630853994490359,-2.7537266510522254
9r2g,6193,9913.5,13634,6193,0.0150753762573003,0.0,0.7185929417610168,0.9743589758872986,0.0,0.0,707,330,False,3.791901080009571,2.532644110070628,0.7185929417610168,0.0038082868386657,0.0050251256281407,0.0101010101010101,0.0,199,0.7185929417610168,0.0,0.7185929417610168,377,377,0.1246684350132626,0.0015995498754119443,-2.7960022136739737
9r2z,424,433.5,424,443,0.0,0.0,0.2931034564971924,0.4545454680919647,0.1206896528601646,0.1818181872367859,157,78,False,2.6273658565927325,1.6813185552474923,0.1724138036370277,0.0139838644009253,0.0344827586206896,0.0,0.0,58,0.2931034564971924,0.1206896528601646,0.1724138036370278,79,79,0.012658227848101266,0.009412528399870172,-2.0262937004179844
9r3e,805,805.0,805,805,0.0,0.0,0.260869562625885,0.5,0.0,0.0,596,298,True,2.9057958803678687,1.6686877483297409,0.260869562625885,0.0,0.0,0.0,0.0,23,0.260869562625885,0.0,0.260869562625885,298,298,0.0,0.00025899734246205124,-3.5867046921349175
9r43,12456,12456.0,12456,12456,0.0,0.0,0.0,0.0,0.0,0.0,882,441,True,4.095378599560064,2.7731593048261445,0.0,0.0,0.0,0.0,0.0,11,0.0,0.0,0.0,441,441,0.0,5.656079514194189e-05,-4.247484493777452
9r8s,146,149.5,153,146,0.0,0.0,0.5,0.6363636255264282,0.0,0.0,473,235,False,2.164352855784437,0.978818924648569,0.5,0.0,0.0,0.0,0.0,56,0.5,0.0,0.5,238,238,0.012605042016806723,0.0010012515644555694,-2.999456792322048
9rkp,54,54.0,54,54,0.0185185186564922,0.0,0.8888888955116272,1.0,0.0277777779847383,0.0,211,105,False,1.7323937598229686,0.7217991102879995,0.8611111175268888,0.0,0.0,0.0,0.0,108,0.8888888955116272,0.0277777779847383,0.8611111175268888,106,106,0.009433962264150943,0.009703504043126684,-2.0130714088477584
9rpl,257,257.0,257,257,0.0,0.0,0.8333333134651184,1.0,0.0,0.0,523,261,False,2.4099331233312946,1.2016128696621542,0.8333333134651184,0.0,0.0,0.0,0.0,24,0.8333333134651184,0.0,0.8333333134651184,262,262,0.003816793893129771,0.00035096955339124333,-3.45473055694642
9rt4,233,1451.0,2669,233,0.039215687662363,0.0,0.0196078438311815,0.0,0.039215687662363,0.2000000029802322,387,104,False,2.367355921026019,1.3588392513766288,-0.0196078438311815,0.0,0.0,0.0,0.0,102,0.0196078438311815,0.039215687662363,-0.0196078438311815,283,283,0.6325088339222615,0.0034656156564283774,-2.460219603061153
9rxw,146,150.0,154,146,0.2307692319154739,0.1428571492433548,0.3333333432674408,0.0,0.0512820519506931,0.0,181,90,False,2.164352855784437,1.1872316010647743,0.2820512913167476,0.1978915890756918,0.0769230769230769,0.1578947368421052,0.2857142857142857,39,0.3333333432674408,0.0512820519506931,0.28205129131674767,91,91,0.01098901098901099,0.004761904761904762,-2.322219294733919
9rxx,182,185.0,182,188,0.2000000029802322,0.3333333432674408,0.7777777910232544,1.0,0.0,0.0,182,91,False,2.2600713879850747,1.280550691824528,0.7777777910232544,0.1809330489732627,0.0666666666666666,0.1363636363636363,0.3333333333333333,45,0.7777777910232544,0.0,0.7777777910232544,91,91,0.0,0.005434126313247192,-2.2648702708668433
9s7k,13432,13432.0,13432,13432,0.0,0.0,0.3695652186870575,0.3333333432674408,0.0,0.0,678,339,True,4.128140683129993,2.8630408340284514,0.3695652186870575,0.0,0.0,0.0,0.0,46,0.3695652186870575,0.0,0.3695652186870575,339,339,0.0,0.00040027497150216235,-3.3976415647245903
9s9i,437,510.0,583,437,0.0,0.0,0.0,0.0,0.0,0.0,384,189,False,2.640481436970422,1.5022505348837998,0.0,0.0,0.0,0.0,0.0,51,0.0,0.0,0.0,195,195,0.03076923076923077,0.0013838013838013837,-2.858926239437826
9sa1,11637,11637.0,11637,11637,0.6222222447395325,1.0,0.8111110925674438,1.0,0.1888888925313949,0.6111111044883728,156,78,True,4.065841034319719,3.1197937329744785,0.6222222000360489,0.8932487487653032,0.6666666666666666,0.9555555555555556,1.0,90,0.8111110925674438,0.1888888925313949,0.6222222000360489,78,78,0.0,0.014792899408284023,-1.829946695941636
9sfa,1792,1810.0,1792,1828,0.150375947356224,0.5769230723381042,0.8571428656578064,1.0,0.0,0.0,667,328,False,3.2533380053261065,1.995401083470267,0.8571428656578064,0.2552285133457656,0.1654135338345864,0.2272727272727272,0.3461538461538461,133,0.8571428656578064,0.0,0.8571428656578064,339,339,0.032448377581120944,0.0011961292179293475,-2.9222219009476755
9sma,1002,1003.5,1005,1002,0.0,0.0,0.0,0.0,0.0,0.0,252,124,False,3.000867721531227,1.9541568789501091,0.0,0.0,0.0,0.0,0.0,31,0.0,0.0,0.0,128,128,0.03125,0.001953125,-2.709269960975831
9smz,6480,6480.0,6480,6480,0.529411792755127,0.8648648858070374,0.8288770318031311,1.0,0.7914438247680664,1.0,288,144,True,3.811575005870593,2.7323937598229686,0.0374332070350647,0.7164713269701902,0.5080213903743316,0.7419354838709677,0.8108108108108109,187,0.8288770318031311,0.7914438247680664,0.0374332070350647,144,144,0.0,0.009018132716049383,-2.0448833776540005
9sng,3701,3871.0,3701,4041,0.0151515156030654,0.0,0.8030303120613098,1.0,0.0151515156030654,0.0,275,135,False,3.568319085095112,2.503152200847609,0.7878787964582443,0.0128372120496292,0.0151515151515151,0.0303030303030303,0.0,66,0.8030303120613098,0.0151515156030654,0.7878787964582444,140,140,0.03571428571428571,0.003492063492063492,-2.4569178686313755
9sni,4612,4641.5,4671,4612,0.0066225165501236,0.0333333350718021,0.0,0.0,0.0,0.0,255,125,False,3.663889298622661,2.6154342921186333,0.0,0.0118002975327593,0.0066225165562913,0.0133333333333333,0.0333333333333333,151,0.0,0.0,0.0,130,130,0.038461538461538464,0.009292307692307692,-2.031876418021724
9snv,1238,2571.5,1238,3905,0.0,0.0,0.9399999976158142,1.0,0.0,0.0,272,128,False,3.0927206446841,2.039115659860165,0.9399999976158142,0.0,0.0,0.0,0.0,50,0.9399999976158142,0.0,0.9399999976158142,144,144,0.1111111111111111,0.002712673611111111,-2.5666024574070994
9srj,286,288.0,290,286,0.3214285969734192,0.9090909361839294,0.9107142686843872,1.0,0.0535714291036129,0.0,302,150,False,2.456366033129043,1.3683204036012024,0.8571428395807743,0.6338700155594699,0.3214285714285714,0.5714285714285714,0.9545454545454546,112,0.9107142686843872,0.0535714291036129,0.8571428395807743,152,152,0.013157894736842105,0.004912280701754386,-2.308716824330272
9sxc,101,180.0,101,259,0.0234375,0.0,0.0703125,0.0,0.1015625,0.1199999973177909,682,246,False,2.004321373782642,0.808853820230953,-0.03125,0.0,0.0,0.0,0.0,128,0.0703125,0.1015625,-0.03125,436,436,0.43577981651376146,0.001193406429477139,-2.923211626724097
9sya,434,435.0,434,436,0.0,0.0,0.0,0.0,0.0,0.0,647,323,False,2.637489729512511,1.382888468346959,0.0,0.0,0.0,0.0,0.0,44,0.0,0.0,0.0,324,324,0.0030864197530864196,0.00042044108091579714,-3.3762948560515276
9t3l,6353,6863.0,6353,7373,0.0,0.0,0.8648648858070374,1.0,0.1891891956329345,0.2857142984867096,214,88,False,3.8029788553352617,2.8307375192601776,0.6756756901741028,0.0,0.0,0.0,0.0,37,0.8648648858070374,0.1891891956329345,0.6756756901741029,126,126,0.30158730158730157,0.003336940836940837,-2.4766514932007366
9t4z,11421,11677.5,11421,11934,0.1826923191547393,0.3499999940395355,0.8461538553237915,1.0,0.0,0.0,445,219,False,4.057704131534029,2.8874820741139704,0.8461538553237915,0.3426568876246166,0.2115384615384615,0.3461538461538461,0.5,104,0.8461538553237915,0.0,0.8461538553237915,226,226,0.030973451327433628,0.0021012647997737098,-2.677519214688739
9ten,531,561.5,592,531,0.0103092780336737,0.0,0.0,0.0,0.0,0.0,606,217,False,2.725094521081469,1.5568646541572044,0.0,0.0,0.0,0.0,0.0,194,0.0,0.0,0.0,389,389,0.442159383033419,0.002298224207171881,-2.6386076052440113
9ter,354,442.5,354,531,0.0,0.0,0.7317073345184326,0.9166666865348816,0.0,0.0,594,217,False,2.549003262025788,1.380773395101523,0.7317073345184326,0.0,0.0,0.0,0.0,123,0.7317073345184326,0.0,0.7317073345184326,377,377,0.4244031830238727,0.0015035020596755857,-2.8228959726149245
9u3w,7484,7590.5,7484,7697,0.0,0.0,0.0,0.0,0.0,0.0,634,315,False,3.874133778827973,2.624978501933172,0.0,0.0,0.0,0.0,0.0,37,0.0,0.0,0.0,319,319,0.012539184952978056,0.0003682141613176096,-3.4338995127797864
9u49,46,46.0,46,46,0.0803571492433548,0.1818181872367859,0.7142857313156128,0.8636363744735718,0.125,0.1363636404275894,798,399,True,1.662757831681574,0.3622713838382,0.5892857313156128,0.3491499593639005,0.1428571428571428,0.2321428571428571,0.5,112,0.7142857313156128,0.125,0.5892857313156128,399,399,0.0,0.0007035131688871301,-3.152727768703315
9u78,2,2.0,2,2,0.0,0.0,0.0,0.0,0.0,0.0,236,118,True,0.3010299956639812,-0.7349110079890815,0.0,0.0,0.0,0.0,0.0,49,0.0,0.0,0.0,118,118,0.0,0.0035191037058316574,-2.453567934583737
9u7b,7754,8149.0,7754,8544,0.276699036359787,0.5853658318519592,0.2475728094577789,0.8536585569381714,0.46116504073143,0.8292682766914368,282,136,False,3.889525796671191,2.822756342486082,-0.2135922312736511,0.4342547937972037,0.2912621359223301,0.4174757281553398,0.5365853658536586,206,0.2475728094577789,0.46116504073143,-0.2135922312736511,146,146,0.0684931506849315,0.010374697824335213,-1.9840245437855013
9u82,2852,2852.0,2852,2852,0.0,0.0,0.9661017060279846,1.0,0.0,0.0,896,448,True,3.455149521179828,2.129510514180756,0.9661017060279846,0.0,0.0,0.0,0.0,118,0.9661017060279846,0.0,0.9661017060279846,448,448,0.0,0.0005879304846938776,-3.2306740206901625
9u84,2852,2852.0,2852,2852,0.0,0.0,0.921052634716034,1.0,0.0,0.0,896,448,True,3.455149521179828,2.129510514180756,0.921052634716034,0.0,0.0,0.0,0.0,114,0.921052634716034,0.0,0.921052634716034,448,448,0.0,0.000568000637755102,-3.2456511766598153
9u8e,2852,2852.0,2852,2852,0.0,0.0,0.939130425453186,1.0,0.0,0.0,896,448,True,3.455149521179828,2.129510514180756,0.939130425453186,0.0,0.0,0.0,0.0,115,0.939130425453186,0.0,0.939130425453186,448,448,0.0,0.000572983099489796,-3.241858187642676
9u8h,2852,2852.0,2852,2852,0.0,0.0,0.939130425453186,1.0,0.0,0.0,896,448,True,3.455149521179828,2.129510514180756,0.939130425453186,0.0,0.0,0.0,0.0,115,0.939130425453186,0.0,0.939130425453186,448,448,0.0,0.000572983099489796,-3.241858187642676
9uat,861,9630.5,18400,861,0.0,0.0,0.0,0.0,0.0,0.0,752,221,False,2.935003151453655,1.7628070146110997,0.0,0.0,0.0,0.0,0.0,51,0.0,0.0,0.0,531,531,0.583804143126177,0.000434593654932638,-3.3619166186686433
9uc5,2,2.0,2,2,0.0,0.0,0.1730769276618957,0.1000000014901161,0.1730769276618957,0.1000000014901161,188,92,False,0.3010299956639812,-0.6808639180087964,0.0,0.0593397957285605,0.0961538461538461,0.0384615384615384,0.1,52,0.1730769276618957,0.1730769276618957,0.0,96,96,0.041666666666666664,0.00588768115942029,-2.2300557167503245
9ucm,4098,4098.0,4098,4098,0.0,0.0,0.8148148059844971,1.0,0.0,0.0,930,465,True,3.612571954065176,2.2788454776201994,0.8148148059844971,0.0,0.0,0.0,0.0,54,0.8148148059844971,0.0,0.8148148059844971,465,465,0.0,0.0002497398543184183,-3.6025121459569394
9udb,12058,12073.0,12058,12088,0.0,0.0,0.0,0.0,0.0,0.0,941,470,False,4.081275279529334,2.745226350561475,0.0,0.0,0.0,0.0,0.0,44,0.0,0.0,0.0,471,471,0.0021231422505307855,0.00019876225324117993,-3.7016660885784263
9udd,12645,12645.0,12645,12645,0.0,0.0,0.0,0.0,0.0,0.0,944,472,True,4.101918833680424,2.7649478343633795,0.0,0.0,0.0,0.0,0.0,44,0.0,0.0,0.0,472,472,0.0,0.00019750071818442976,-3.704431320781988
9ude,12645,12645.0,12645,12645,0.0,0.0,0.0,0.0,0.0,0.0,944,472,True,4.101918833680424,2.7649478343633795,0.0,0.0,0.0,0.0,0.0,45,0.0,0.0,0.0,472,472,0.0,0.00020198937087043952,-3.694671483492832
9udv,4072,4135.5,4072,4199,0.0,0.0,0.7804877758026123,0.875,0.0,0.0,918,454,False,3.6098077693287034,2.28127984290015,0.7804877758026123,0.0,0.0,0.0,0.0,41,0.7804877758026123,0.0,0.7804877758026123,464,464,0.021551724137931036,0.0001946301078535622,-3.7107899766922494
9udw,4144,4144.0,4144,4144,0.0,0.0,0.8125,1.0,0.0,0.0,904,452,True,3.617419746737177,2.2898505293314857,0.8125,0.0,0.0,0.0,0.0,48,0.8125,0.0,0.8125,452,452,0.0,0.00023494400501213877,-3.629035632247177
9udx,4098,4098.0,4098,4098,0.0,0.0,0.800000011920929,1.0,0.0,0.0,930,465,True,3.612571954065176,2.2788454776201994,0.800000011920929,0.0,0.0,0.0,0.0,55,0.800000011920929,0.0,0.800000011920929,465,465,0.0,0.0002543646664354261,-3.594543216285664
9uet,6174,6174.0,6174,6174,0.0,0.0,0.8181818127632141,1.0,0.0,0.0,736,368,True,3.790566625146076,2.5076427158093177,0.8181818127632141,0.0,0.0,0.0,0.0,11,0.8181818127632141,0.0,0.8181818127632141,368,368,0.0,8.122637051039698e-05,-4.09030295218881
9uf7,6717,6717.0,6717,6717,0.0,0.0,0.0,0.0,0.0,0.0,900,450,True,3.827175348298693,2.500569091411021,0.0,0.0,0.0,0.0,0.0,25,0.0,0.0,0.0,450,450,0.0,0.0001234567901234568,-3.9084850188786495
9ukv,3,6887.0,13771,3,0.0,0.0,0.0,0.0,0.0,0.0,548,38,False,0.4771212547196624,-0.3127705435887426,0.0,0.0,0.0,0.0,0.0,67,0.0,0.0,0.0,510,510,0.9254901960784314,0.003457172342621259,-2.46127897001392
9us9,2583,2719.5,2856,2583,0.0,0.0,0.0,0.0,0.0,0.0,302,143,False,3.412124406173317,2.3344563874407864,0.0,0.0,0.0,0.0,0.0,32,0.0,0.0,0.0,159,159,0.10062893081761007,0.0014073976338127281,-2.8515831834656074
9utm,493,493.5,493,494,0.0,0.0,0.0,0.0,0.0,0.0,302,150,False,2.69284691927723,1.6048012897493895,0.0,0.0,0.0,0.0,0.0,19,0.0,0.0,0.0,152,152,0.013157894736842105,0.0008333333333333334,-3.0791812460476247
9uu7,12896,13354.0,13812,12896,0.0817610025405883,0.2258064448833465,0.0440251566469669,0.0,0.0503144636750221,0.0645161271095275,462,230,False,4.110455024461015,2.929591106452219,-0.0062893070280551,0.1765533594750009,0.0817610062893081,0.1392405063291139,0.1935483870967742,159,0.0440251566469669,0.0503144636750221,-0.006289307028055198,232,232,0.008620689655172414,0.00297976011994003,-2.525818696588041
9uuv,111,118.5,126,111,0.1666666716337204,0.4166666865348816,0.4000000059604645,0.5833333134651184,0.1666666716337204,0.3333333432674408,283,141,False,2.0453229787866576,0.9707134224589676,0.233333334326744,0.101719279158856,0.1333333333333333,0.1,0.0833333333333333,60,0.4000000059604645,0.1666666716337204,0.23333333432674408,142,142,0.007042253521126761,0.0029967036260113876,-2.5233562066547925
9uvr,6443,6483.0,6523,6443,0.0,0.0,0.0,0.0,0.0,0.0,820,409,False,3.8090881313463454,2.503226477342676,0.0,0.0,0.0,0.0,0.0,53,0.0,0.0,0.0,411,411,0.004866180048661801,0.00031529039435094797,-3.501289260282622
9uwj,7844,7844.0,7844,7844,0.0701754391193389,0.0909090936183929,0.0,0.0,0.0,0.0,530,265,True,3.894537584995746,2.6829146480273423,0.0,0.1492377898812382,0.0701754385964912,0.1428571428571428,0.2727272727272727,57,0.0,0.0,0.0,265,265,0.0,0.0008116767532929868,-3.0906168922011243
9uwl,7539,7539.0,7539,7539,0.0535714328289032,0.0909090936183929,0.0,0.0,0.0,0.0,530,265,True,3.8773137433122384,2.6656908063438345,0.0,0.1322810492929648,0.0714285714285714,0.1428571428571428,0.1818181818181818,56,0.0,0.0,0.0,265,265,0.0,0.000797436810252759,-3.098303720867415
9uwz,48,48.0,48,48,0.4197530746459961,0.6875,0.6913580298423767,1.0,0.0123456791043281,0.0,264,132,True,1.6812412373755872,0.6209542717726623,0.6790123507380486,0.7127527291302668,0.5185185185185185,0.675,0.8125,81,0.6913580298423767,0.0123456791043281,0.6790123507380486,132,132,0.0,0.0046487603305785125,-2.33266284353305
9v8i,339,1065.5,339,1792,0.0,0.0,0.8545454740524292,1.0,0.0,0.0,215,107,False,2.530199698203082,1.5155078093604772,0.8545454740524292,0.0,0.0,0.0,0.0,55,0.8545454740524292,0.0,0.8545454740524292,108,108,0.009259259259259259,0.004759432329525788,-2.3224448436779155
9vbg,4627,4627.0,4627,4627,0.0,0.0,0.9142857193946838,1.0,0.1142857149243354,0.2142857164144516,838,419,True,3.665299499499897,2.354192488016749,0.8000000044703484,0.0,0.0,0.0,0.0,70,0.9142857193946838,0.1142857149243354,0.8000000044703485,419,419,0.0,0.00039872181179191276,-3.399330005918334
9vbh,4149,4149.0,4149,4149,0.0,0.0,0.8717948794364929,1.0,0.1025641039013862,0.1333333402872085,840,420,True,3.617943434828973,2.306318789630023,0.7692307755351067,0.0,0.0,0.0,0.0,78,0.8717948794364929,0.1025641039013862,0.7692307755351067,420,420,0.0,0.0004421768707482993,-3.3544039781053203
9vbi,4149,4149.0,4149,4149,0.0,0.0,0.8611111044883728,1.0,0.1388888955116272,0.2142857164144516,840,420,True,3.617943434828973,2.306318789630023,0.7222222089767456,0.0,0.0,0.0,0.0,72,0.8611111044883728,0.1388888955116272,0.7222222089767456,420,420,0.0,0.00040816326530612246,-3.3891660843645326
9ve3,1238,1258.5,1238,1279,0.020833333954215,0.0526315793395042,0.625,1.0,0.4791666567325592,1.0,132,65,False,3.0927206446841,2.1862639663626715,0.1458333432674408,0.0549533959859009,0.0416666666666666,0.0208333333333333,0.0526315789473684,96,0.625,0.4791666567325592,0.1458333432674408,67,67,0.029850746268656716,0.022043628013777267,-1.6567169263041137
9ve4,1228,1251.0,1228,1274,0.0329670347273349,0.0,0.7142857313156128,1.0,0.593406617641449,0.8888888955116272,122,57,False,3.089198366805149,2.2112609389689037,0.1208791136741638,0.0744315294067547,0.0329670329670329,0.0666666666666666,0.1111111111111111,91,0.7142857313156128,0.593406617641449,0.12087911367416382,65,65,0.12307692307692308,0.02456140350877193,-1.6097468199942533
9ve5,1249,1263.0,1249,1277,0.0322580635547637,0.0,0.6666666865348816,1.0,0.6451612710952759,1.0,130,63,False,3.096562438374136,2.1968921636473446,0.0215054154396057,0.0680806557579974,0.064516129032258,0.0217391304347826,0.0555555555555555,93,0.6666666865348816,0.6451612710952759,0.021505415439605713,67,67,0.05970149253731343,0.02203269367448472,-1.656932403600473
9ve6,1248,1263.5,1248,1279,0.0299999993294477,0.0,0.6000000238418579,1.0,0.5199999809265137,0.949999988079071,131,63,False,3.0962145853464054,2.1965443106196143,0.0800000429153442,0.0655180047854386,0.04,0.04,0.05,100,0.6000000238418579,0.5199999809265137,0.08000004291534424,68,68,0.07352941176470588,0.02334267040149393,-1.631849462159818
9ve7,1257,1266.5,1257,1276,0.039215687662363,0.0,0.6176470518112183,0.949999988079071,0.5098039507865906,1.0,129,63,False,3.0993352776859577,2.1996650029591667,0.1078431010246276,0.055740052289788,0.0294117647058823,0.0392156862745098,0.1,102,0.6176470518112183,0.5098039507865906,0.10784310102462769,66,66,0.045454545454545456,0.024531024531024532,-1.6102843132335327
9ve8,1206,1240.5,1206,1275,0.0229885056614875,0.0588235296308994,0.6321839094161987,0.9411764740943908,0.5977011322975159,1.0,121,58,False,3.0813473078041325,2.199633311022664,0.0344827771186828,0.0369600754825776,0.0114942528735632,0.0232558139534883,0.0588235294117647,87,0.6321839094161987,0.5977011322975159,0.03448277711868286,63,63,0.07936507936507936,0.023809523809523808,-1.6232492903979006
9vea,1208,1241.0,1208,1274,0.0421052649617195,0.0526315793395042,0.7473683953285217,1.0,0.621052622795105,1.0,119,56,False,3.082066934285113,2.2079729207820127,0.1263157725334167,0.0845740069364223,0.031578947368421,0.0425531914893617,0.1052631578947368,95,0.7473683953285217,0.621052622795105,0.12631577253341675,63,63,0.1111111111111111,0.026927437641723357,-1.5698049711709343
9veh,1261,1268.0,1261,1275,0.0204081628471612,0.0,0.6224489808082581,0.9473684430122375,0.5510203838348389,1.0,128,62,False,3.1007150865730817,2.2045192418239545,0.0714285969734191,0.0330331290526424,0.0204081632653061,0.0204081632653061,0.0526315789473684,98,0.6224489808082581,0.5510203838348389,0.07142859697341919,66,66,0.06060606060606061,0.023949169110459433,-1.6207095493476278
9vj4,754,3815.5,6877,754,0.0,0.0,0.7247706651687622,1.0,0.0091743115335702,0.0,445,165,False,2.877371345869774,1.768629373762821,0.7155963536351919,0.0,0.0,0.0,0.0,109,0.7247706651687622,0.0091743115335702,0.715596353635192,280,280,0.4107142857142857,0.002359307359307359,-2.627215477615502
9vkn,7972,7987.5,8003,7972,0.25,0.4444444477558136,0.8333333134651184,1.0,0.0,0.0,290,144,False,3.90156729002845,2.822386043980825,0.8333333134651184,0.3409333989014124,0.3125,0.375,0.3333333333333333,48,0.8333333134651184,0.0,0.8333333134651184,146,146,0.0136986301369863,0.00228310502283105,-2.6414741105040997
9voa,7434,7434.0,7434,7434,0.3186813294887543,0.5,0.8791208863258362,1.0,0.1098901107907295,0.0555555559694767,374,187,True,3.871222556759707,2.735301753491457,0.7692307755351067,0.5338379405540478,0.4175824175824176,0.5333333333333333,0.6666666666666666,91,0.8791208863258362,0.1098901107907295,0.7692307755351067,187,187,0.0,0.002602304898624496,-2.584641820751904
9vz0,43,307.5,43,572,0.1444444507360458,0.2777777910232544,0.8999999761581421,1.0,0.8999999761581421,1.0,287,69,False,1.6334684555795866,0.7140439102109589,0.0,0.2786817973142552,0.2222222222222222,0.3111111111111111,0.2222222222222222,90,0.8999999761581421,0.8999999761581421,0.0,218,218,0.6834862385321101,0.005983246908655764,-2.223063074902535
9vzx,1137,1181.5,1226,1137,0.0,0.0,0.694915235042572,1.0,0.0,0.0,483,238,False,3.0557604646877348,1.8674719861594788,0.694915235042572,0.0,0.0,0.0,0.0,59,0.694915235042572,0.0,0.694915235042572,245,245,0.02857142857142857,0.0010118333047504716,-2.9948910297789
9w02,1023,1124.5,1023,1226,0.0,0.0,0.7068965435028076,1.0,0.0,0.0,482,237,False,3.00987563371216,1.822501460707108,0.7068965435028076,0.0,0.0,0.0,0.0,58,0.7068965435028076,0.0,0.7068965435028076,245,245,0.0326530612244898,0.0009988805648841815,-3.0004864368116992
9w03,1168,1688.0,1168,2208,0.0,0.0,0.5957446694374084,0.8888888955116272,0.0,0.0,476,230,False,3.0674428427763805,1.886578924767584,0.5957446694374084,0.0,0.0,0.0,0.0,47,0.5957446694374084,0.0,0.5957446694374084,246,246,0.06504065040650407,0.0008306822198656769,-3.0805650851852544
9w04,1020,1048.5,1020,1077,0.0212765950709581,0.0,0.6276595592498779,1.0,0.0,0.0,611,302,False,3.008600171761917,1.7685967002833425,0.6276595592498779,0.0094911992376472,0.0212765957446808,0.0,0.0,94,0.6276595592498779,0.0,0.6276595592498779,309,309,0.022653721682847898,0.0010073083435135773,-2.996837568782287
9w1n,3166,3166.0,3166,3166,0.0,0.0,0.0,0.0,0.0,0.0,814,407,True,3.500510910526337,2.195713705913727,0.0,0.0,0.0,0.0,0.0,23,0.0,0.0,0.0,407,407,0.0,0.00013884780469547054,-3.857460982432847
9w1o,3166,3166.0,3166,3166,0.0,0.0,0.0,0.0,0.0,0.0,814,407,True,3.500510910526337,2.195713705913727,0.0,0.0,0.0,0.0,0.0,23,0.0,0.0,0.0,407,407,0.0,0.00013884780469547054,-3.857460982432847
9w26,1077,1105.5,1134,1077,0.0128205129876732,0.0,0.7051281929016113,1.0,0.0,0.0,546,237,False,3.032215703297981,1.8448415302929295,0.7051281929016113,0.0,0.0,0.0,0.0,78,0.7051281929016113,0.0,0.7051281929016113,309,309,0.23300970873786409,0.0010650936053418541,-2.9726122227444582
9w8g,6028,6028.0,6028,6028,0.0,0.0,0.930232584476471,1.0,0.0,0.0,316,158,True,3.780173243642594,2.680844700165383,0.930232584476471,0.0,0.0,0.0,0.0,43,0.930232584476471,0.0,0.930232584476471,158,158,0.0,0.0017224803717352988,-2.7638457183292586
9wno,231,1897.0,3563,231,0.0,0.0,0.772357702255249,1.0,0.0894308909773826,0.1666666716337204,814,407,False,2.3636119798921444,1.0588147752795345,0.6829268112778664,0.0,0.0,0.0,0.0,123,0.772357702255249,0.0894308909773826,0.6829268112778664,407,407,0.0,0.0007425339120670816,-3.129283707011042
9wq2,205,205.0,205,205,0.0,0.0,0.0,0.0,0.0,0.0,736,368,True,2.311753861055754,1.0288299517189956,0.0,0.0,0.0,0.0,0.0,70,0.0,0.0,0.0,368,368,0.0,0.0005168950850661625,-3.2865975973327783
9wt2,2937,2937.0,2937,2937,0.0,0.0,0.0,0.0,0.0555555559694767,0.0,828,414,True,3.4679039465228003,2.159403775962351,-0.0555555559694767,0.0,0.0,0.0,0.0,36,0.0,0.0555555559694767,-0.0555555559694767,414,414,0.0,0.00021003990758244065,-3.6776981814745104
9wvh,1428,1612.0,1796,1428,0.0333333350718021,0.1000000089406967,0.0333333350718021,0.0,0.1400000005960464,0.0666666701436042,159,78,False,3.154728207440156,2.2086809060949157,-0.1066666655242443,0.0207080707000029,0.0266666666666666,0.0266666666666666,0.0,150,0.0333333350718021,0.1400000005960464,-0.1066666655242443,81,81,0.037037037037037035,0.023741690408357077,-1.624488362513449
9wzk,13916,13916.0,13916,13916,0.0370370373129844,0.2000000029802322,0.0,0.0,0.0,0.0,508,254,True,4.143514420075551,2.941097561765582,0.0,0.1441280278982253,0.037037037037037,0.0769230769230769,0.2,27,0.0,0.0,0.0,254,254,0.0,0.000418500837001674,-3.3783036690808887
9wzl,16287,16341.0,16395,16287,0.0303030312061309,0.1666666716337204,0.1515151560306549,0.3333333432674408,0.0,0.0,511,255,False,4.211841096375342,3.008571006158365,0.1515151560306549,0.0935999462345318,0.0303030303030303,0.0625,0.1666666666666666,33,0.1515151560306549,0.0,0.1515151560306549,256,256,0.00390625,0.000505514705882353,-3.296266205867917
9x8x,2937,2937.0,2937,2937,0.0,0.0,0.0,0.0,0.0,0.0,828,414,True,3.4679039465228003,2.159403775962351,0.0,0.0,0.0,0.0,0.0,37,0.0,0.0,0.0,414,414,0.0,0.00021587434945973067,-3.6657989581748027
9x97,2937,2937.0,2937,2937,0.0,0.0,0.0,0.0,0.0,0.0,828,414,True,3.4679039465228003,2.159403775962351,0.0,0.0,0.0,0.0,0.0,37,0.0,0.0,0.0,414,414,0.0,0.00021587434945973067,-3.6657989581748027
9xb1,7840,7840.0,7840,7840,0.0983606502413749,0.1666666716337204,0.0,0.0,0.0,0.0,512,256,True,3.8943160626844384,2.690196080028514,0.0,0.1415576942174209,0.0655737704918032,0.1333333333333333,0.25,61,0.0,0.0,0.0,256,256,0.0,0.0009307861328125,-3.031150095612932
9xca,3089,3089.0,3089,3089,0.0357142873108387,0.0,0.0,0.0,0.0714285746216774,0.2000000029802322,814,407,True,3.4898179083014504,2.1850207036888407,-0.0714285746216774,0.0,0.0,0.0,0.0,28,0.0,0.0714285746216774,-0.0714285746216774,407,407,0.0,0.00016903211006405108,-3.772030787108221
9xgm,4167,4186.0,4205,4167,0.0,0.0,0.0,0.0,0.125,0.0,155,77,False,3.619823500457278,2.676578137871037,-0.125,0.0440875431206818,0.0416666666666666,0.0833333333333333,0.0,24,0.0,0.125,-0.125,78,78,0.01282051282051282,0.003996003996003996,-2.3983740861513563
9xzp,9913,10043.0,10173,9913,0.1917808204889297,0.2325581312179565,0.3059360682964325,0.8837209343910217,0.3470319509506225,0.8837209343910217,155,77,False,3.9962051061783246,3.0529597435920834,-0.04109588265419,0.2428840582084525,0.1552511415525114,0.1926605504587156,0.3255813953488372,219,0.3059360682964325,0.3470319509506225,-0.04109588265419001,78,78,0.01282051282051282,0.036463536463536464,-1.438141213022844
9y4q,1811,1840.5,1870,1811,0.0,0.0,0.0,0.0,0.0,0.0,594,294,False,3.2579184503140586,2.02374478510798,0.0,0.0,0.0,0.0,0.0,57,0.0,0.0,0.0,300,300,0.02,0.0006462585034013606,-3.1895937294593284
9y7d,6540,13259.5,6540,19979,0.0,0.0,0.8500000238418579,1.0,0.0,0.0,405,26,False,3.815577748324267,3.1080910743388586,0.8500000238418579,0.0,0.0,0.0,0.0,20,0.8500000238418579,0.0,0.8500000238418579,379,379,0.9313984168865436,0.0020296326364927946,-2.692582562274909
9ydy,1647,2044.5,1647,2442,0.8787878751754761,1.0,0.9242424368858336,1.0,0.9242424368858336,1.0,100,48,False,3.2166935991697545,2.3760729804819607,0.0,0.9738625591753428,0.8484848484848485,1.0,1.0,66,0.9242424368858336,0.9242424368858336,0.0,52,52,0.07692307692307693,0.026442307692307692,-1.5777006454685176
9yh9,10533,10730.5,10533,10928,0.015625,0.0833333358168602,0.09375,0.0,0.0,0.0,343,170,False,4.022552084185014,2.9073276234958767,0.09375,0.0,0.0,0.0,0.0,64,0.09375,0.0,0.09375,173,173,0.017341040462427744,0.00217613056783407,-2.662315050523182
9yru,13277,13520.0,13277,13763,0.0,0.0,0.8571428656578064,1.0,0.0,0.0,840,407,False,4.123099955255574,2.8183027506429643,0.8571428656578064,0.0,0.0,0.0,0.0,91,0.8571428656578064,0.0,0.8571428656578064,433,433,0.06004618937644342,0.0005163677219104471,-3.287040913257492
9yrw,13419,13469.0,13519,13419,0.0,0.0,0.8367347121238708,1.0,0.0,0.0,859,429,False,4.127720152892319,2.8114915067999573,0.8367347121238708,0.0,0.0,0.0,0.0,98,0.8367347121238708,0.0,0.8367347121238708,430,430,0.002325581395348837,0.0005312516940423918,-3.274699672071816
9yrx,14058,14058.0,14058,14058,0.0,0.0,0.8736842274665833,1.0,0.0,0.0,856,428,True,4.147923538980606,2.8322016544740203,0.8736842274665833,0.0,0.0,0.0,0.0,95,0.8736842274665833,0.0,0.8736842274665833,428,428,0.0,0.0005186042449122194,-3.2851639327374964
9yrz,13516,13517.5,13519,13516,0.0,0.0,0.8383838534355164,1.0,0.0,0.0,858,429,False,4.1308481831028585,2.8146195370104965,0.8383838534355164,0.0,0.0,0.0,0.0,99,0.8383838534355164,0.0,0.8383838534355164,429,429,0.0,0.0005379236148466917,-3.2692793897718984
9ys0,13419,13469.0,13519,13419,0.0,0.0,0.8367347121238708,1.0,0.0,0.0,859,429,False,4.127720152892319,2.8114915067999573,0.8367347121238708,0.0,0.0,0.0,0.0,98,0.8367347121238708,0.0,0.8367347121238708,430,430,0.002325581395348837,0.0005312516940423918,-3.274699672071816
9ys1,13419,13738.5,14058,13419,0.0,0.0,0.8695651888847351,1.0,0.0,0.0,858,428,False,4.127720152892319,2.811998268385733,0.8695651888847351,0.0,0.0,0.0,0.0,92,0.8695651888847351,0.0,0.8695651888847351,430,430,0.004651162790697674,0.0004998913279721799,-3.3011243972472033
9ys2,13419,13469.0,13519,13419,0.0,0.0,0.8617021441459656,1.0,0.0,0.0,859,429,False,4.127720152892319,2.8114915067999573,0.8617021441459656,0.0,0.0,0.0,0.0,94,0.8617021441459656,0.0,0.8617021441459656,430,430,0.002325581395348837,0.0005095679514284166,-3.292797894164612
9yt0,13419,13469.0,13519,13419,0.0,0.0,0.8645833134651184,1.0,0.0,0.0,859,429,False,4.127720152892319,2.8114915067999573,0.8645833134651184,0.0,0.0,0.0,0.0,96,0.8645833134651184,0.0,0.8645833134651184,430,430,0.002325581395348837,0.0005204098227354041,-3.2836545147247422
9yt2,13419,13469.0,13519,13419,0.0,0.0,0.8627451062202454,1.0,0.0,0.0,859,429,False,4.127720152892319,2.8114915067999573,0.8627451062202454,0.0,0.0,0.0,0.0,102,0.8627451062202454,0.0,0.8627451062202454,430,430,0.002325581395348837,0.0005529354366563669,-3.257325576002393
9yt3,13419,13469.0,13519,13419,0.0,0.0,0.8666666746139526,1.0,0.0,0.0,859,429,False,4.127720152892319,2.8114915067999573,0.8666666746139526,0.0,0.0,0.0,0.0,90,0.8666666746139526,0.0,0.8666666746139526,430,430,0.002325581395348837,0.0004878842088144414,-3.311683238324986
9yt5,13419,13469.0,13519,13419,0.0,0.0,0.8557692170143127,1.0,0.0,0.0,859,429,False,4.127720152892319,2.8114915067999573,0.8557692170143127,0.0,0.0,0.0,0.0,104,0.8557692170143127,0.0,0.8557692170143127,430,430,0.002325581395348837,0.0005637773079633545,-3.2488924084655304
9yud,11698,11757.5,11817,11698,0.3499999940395355,0.5,0.949999988079071,1.0,0.0,0.0,709,354,False,4.068111617027303,2.7936099860144097,0.949999988079071,0.6361298058282492,0.45,0.6,1.0,40,0.949999988079071,0.0,0.949999988079071,355,355,0.0028169014084507044,0.0003182939444577067,-3.4971716237529193
9yxy,979,1008.0,979,1037,0.0,0.0,0.9166666865348816,1.0,0.0,0.0,526,258,False,2.9907826918031377,1.7849728388215227,0.9166666865348816,0.0,0.0,0.0,0.0,24,0.9166666865348816,0.0,0.9166666865348816,268,268,0.03731343283582089,0.0003471017007983339,-3.459543258280413
9z4d,14058,14058.0,14058,14058,0.0,0.0,0.8712871074676514,1.0,0.0,0.0,856,428,True,4.147923538980606,2.8322016544740203,0.8712871074676514,0.0,0.0,0.0,0.0,101,0.8712871074676514,0.0,0.8712871074676514,428,428,0.0,0.0005513581972224649,-3.2585661642437014
9zfn,807,825.5,807,844,0.0404040403664112,0.0,0.3737373650074005,0.4210526347160339,0.0,0.0,351,175,False,2.90687353472207,1.7853545103789232,0.3737373650074005,0.0597294603126407,0.101010101010101,0.0408163265306122,0.0526315789473684,99,0.3737373650074005,0.0,0.3737373650074005,176,176,0.005681818181818182,0.0032142857142857142,-2.4929155219028942
9zmy,1240,1260.0,1240,1280,0.0,0.0,0.0,0.0,0.0,0.0,227,113,False,3.093421685162235,2.066882463420525,0.0,0.0,0.0,0.0,0.0,5,0.0,0.0,0.0,114,114,0.008771929824561403,0.00038813848781245146,-3.4110132904838735
9znn,3494,3541.0,3588,3494,0.0344827584922313,0.0434782616794109,0.767241358757019,1.0,0.0,0.0,771,384,False,3.543322900646912,2.2511572884631468,0.767241358757019,0.1210170740907048,0.0689655172413793,0.1379310344827586,0.1739130434782608,116,0.767241358757019,0.0,0.767241358757019,387,387,0.007751937984496124,0.0007805770887166236,-3.1075842001595237
